id,tenant_id,student_id,evaluator_id,evaluated_at,age_years,weight_kg,height_cm,wingspan_cm,waist_cm,hip_cm,imc,rce,sit_and_reach_cm,abdominal_reps,horizontal_jump_cm,medicine_ball_m,square_test_s,sprint_20m_s,run_6min_m,classifications,ai_diagnosis,notes,created_at,updated_at,ai_technical,ai_family,ai_goals,demo_data
7ae050db-b4f2-45d7-a92e-0b0536ba2928,07cc7290-5d3f-421b-a514-b21d6a683494,d15c5e7b-ae98-4cf6-82c5-12aab35e33f3,6496fb6b-7c93-4bc8-bb5e-a666ffdae72e,2025-09-19,11,35.30,141.00,140.00,57.50,,17.76,0.408,29.00,35,169.00,4.20,6.45,3.84,1130.00,"{""imc"": ""Excelente"", ""rce"": ""Excelente"", ""abdo"": ""Muito Bom"", ""flex"": ""Razoável"", ""jump"": ""Muito Bom"", ""run6"": ""Bom"", ""mball"": ""Bom"", ""sprint"": ""Muito Bom"", ""square"": ""Razoável""}",Performance acima da média da turma. Indicado encaminhamento para grupo de alto rendimento.,,2026-06-19 09:12:14.107688+00,2026-06-19 20:55:38.136676+00,,,,t
15f18edd-5785-49d1-b8fe-c18a73f01cca,07cc7290-5d3f-421b-a514-b21d6a683494,d15c5e7b-ae98-4cf6-82c5-12aab35e33f3,6496fb6b-7c93-4bc8-bb5e-a666ffdae72e,2026-01-19,11,36.50,141.80,140.80,57.10,,18.15,0.403,30.50,38,175.00,4.50,6.30,3.76,1190.00,"{""imc"": ""Excelente"", ""rce"": ""Excelente"", ""abdo"": ""Muito Bom"", ""flex"": ""Bom"", ""jump"": ""Excelente"", ""run6"": ""Bom"", ""mball"": ""Muito Bom"", ""sprint"": ""Muito Bom"", ""square"": ""Bom""}",Pequenas oscilações em provas de velocidade — focar trabalho técnico de saída e aceleração.,,2026-06-19 09:12:14.107688+00,2026-06-19 20:55:38.136676+00,,,,t
3c675838-5a6c-4f64-b84c-7a4e3312ff42,07cc7290-5d3f-421b-a514-b21d6a683494,d15c5e7b-ae98-4cf6-82c5-12aab35e33f3,6496fb6b-7c93-4bc8-bb5e-a666ffdae72e,2026-05-19,12,37.70,142.60,141.60,56.70,,18.54,0.398,32.00,41,181.00,4.80,6.15,3.68,1250.00,"{""imc"": ""Excelente"", ""rce"": ""Razoável"", ""abdo"": ""Muito Bom"", ""flex"": ""Bom"", ""jump"": ""Excelente"", ""run6"": ""Bom"", ""mball"": ""Muito Bom"", ""sprint"": ""Muito Bom"", ""square"": ""Bom""}",Indicadores de saúde estáveis. Continuar reforço de treinos funcionais e mobilidade.,,2026-06-19 09:12:14.107688+00,2026-06-19 20:55:38.136676+00,,,,t
08b72a3b-5b1d-4c33-b3f1-2acdbf2217a3,07cc7290-5d3f-421b-a514-b21d6a683494,dc1c45c0-2c0b-4dd8-a9a8-49ad32abf1d1,6496fb6b-7c93-4bc8-bb5e-a666ffdae72e,2025-09-19,10,34.60,139.00,139.00,57.00,,17.91,0.410,30.00,36,170.00,4.30,6.50,3.88,1140.00,"{""imc"": ""Excelente"", ""rce"": ""Excelente"", ""abdo"": ""Muito Bom"", ""flex"": ""Muito Bom"", ""jump"": ""Muito Bom"", ""run6"": ""Bom"", ""mball"": ""Bom"", ""sprint"": ""Bom"", ""square"": ""Razoável""}",Pequenas oscilações em provas de velocidade — focar trabalho técnico de saída e aceleração.,,2026-06-19 09:12:14.107688+00,2026-06-19 20:55:38.136676+00,,,,t
e3ec1eb7-0393-477c-b904-3ef2fe1a0d0b,07cc7290-5d3f-421b-a514-b21d6a683494,dc1c45c0-2c0b-4dd8-a9a8-49ad32abf1d1,6496fb6b-7c93-4bc8-bb5e-a666ffdae72e,2026-01-19,10,35.80,139.80,139.80,56.60,,18.32,0.405,31.50,39,176.00,4.60,6.35,3.80,1200.00,"{""imc"": ""Excelente"", ""rce"": ""Excelente"", ""abdo"": ""Muito Bom"", ""flex"": ""Excelente"", ""jump"": ""Muito Bom"", ""run6"": ""Bom"", ""mball"": ""Muito Bom"", ""sprint"": ""Bom"", ""square"": ""Razoável""}",Indicadores de saúde estáveis. Continuar reforço de treinos funcionais e mobilidade.,,2026-06-19 09:12:14.107688+00,2026-06-19 20:55:38.136676+00,,,,t
db56d757-1a9f-4186-bab7-53bc7dd7bbda,07cc7290-5d3f-421b-a514-b21d6a683494,dc1c45c0-2c0b-4dd8-a9a8-49ad32abf1d1,6496fb6b-7c93-4bc8-bb5e-a666ffdae72e,2026-05-19,11,37.00,140.60,140.60,56.20,,18.72,0.400,33.00,42,182.00,4.90,6.20,3.72,1260.00,"{""imc"": ""Excelente"", ""rce"": ""Excelente"", ""abdo"": ""Muito Bom"", ""flex"": ""Excelente"", ""jump"": ""Muito Bom"", ""run6"": ""Bom"", ""mball"": ""Muito Bom"", ""sprint"": ""Bom"", ""square"": ""Razoável""}",Boa adesão ao programa. Sugere-se ampliar volume de corrida contínua para melhorar VO2.,,2026-06-19 09:12:14.107688+00,2026-06-19 20:55:38.136676+00,,,,t
0fde0789-373b-4dd5-8580-ad29d740c553,07cc7290-5d3f-421b-a514-b21d6a683494,1abf9685-0382-4abd-b2fd-216fbe095ac8,6496fb6b-7c93-4bc8-bb5e-a666ffdae72e,2025-09-19,12,41.90,148.00,149.00,61.00,,19.13,0.412,31.00,37,171.00,4.40,6.55,3.92,1150.00,"{""imc"": ""Excelente"", ""rce"": ""Excelente"", ""abdo"": ""Muito Bom"", ""flex"": ""Razoável"", ""jump"": ""Muito Bom"", ""run6"": ""Razoável"", ""mball"": ""Bom"", ""sprint"": ""Bom"", ""square"": ""Razoável""}",Indicadores de saúde estáveis. Continuar reforço de treinos funcionais e mobilidade.,,2026-06-19 09:12:14.107688+00,2026-06-19 20:55:38.136676+00,,,,t
c931fa39-c1a6-4135-b360-aa9b6f35d4d9,07cc7290-5d3f-421b-a514-b21d6a683494,1abf9685-0382-4abd-b2fd-216fbe095ac8,6496fb6b-7c93-4bc8-bb5e-a666ffdae72e,2026-01-19,12,43.10,148.80,149.80,60.60,,19.47,0.407,32.50,40,177.00,4.70,6.40,3.84,1210.00,"{""imc"": ""Excelente"", ""rce"": ""Excelente"", ""abdo"": ""Muito Bom"", ""flex"": ""Bom"", ""jump"": ""Excelente"", ""run6"": ""Bom"", ""mball"": ""Muito Bom"", ""sprint"": ""Bom"", ""square"": ""Razoável""}",Boa adesão ao programa. Sugere-se ampliar volume de corrida contínua para melhorar VO2.,,2026-06-19 09:12:14.107688+00,2026-06-19 20:55:38.136676+00,,,,t
803a0c91-a40b-45ef-aa73-f5a23e4b9373,07cc7290-5d3f-421b-a514-b21d6a683494,1abf9685-0382-4abd-b2fd-216fbe095ac8,6496fb6b-7c93-4bc8-bb5e-a666ffdae72e,2026-05-19,13,44.30,149.60,150.60,60.20,,19.79,0.402,34.00,43,183.00,5.00,6.25,3.76,1270.00,"{""imc"": ""Excelente"", ""rce"": ""Excelente"", ""abdo"": ""Excelente"", ""flex"": ""Bom"", ""jump"": ""Excelente"", ""run6"": ""Bom"", ""mball"": ""Muito Bom"", ""sprint"": ""Bom"", ""square"": ""Razoável""}",Atenção ao IMC: orientar família sobre hábitos alimentares e manter monitoramento trimestral.,,2026-06-19 09:12:14.107688+00,2026-06-19 20:55:38.136676+00,,,,t
556219e5-ec68-4126-b495-d406a3354cf0,07cc7290-5d3f-421b-a514-b21d6a683494,ee9c16fc-d8dc-4291-909a-9ffaac5b3717,6496fb6b-7c93-4bc8-bb5e-a666ffdae72e,2025-09-19,11,42.20,147.00,149.00,60.50,,19.53,0.412,28.00,38,172.00,4.50,6.40,3.80,1160.00,"{""imc"": ""Excelente"", ""rce"": ""Excelente"", ""abdo"": ""Muito Bom"", ""flex"": ""Bom"", ""jump"": ""Muito Bom"", ""run6"": ""Bom"", ""mball"": ""Bom"", ""sprint"": ""Bom"", ""square"": ""Razoável""}",Boa adesão ao programa. Sugere-se ampliar volume de corrida contínua para melhorar VO2.,,2026-06-19 09:12:14.107688+00,2026-06-19 20:55:38.136676+00,,,,t
d7b9b91c-1a81-48f0-8329-e0085a849a2f,07cc7290-5d3f-421b-a514-b21d6a683494,ee9c16fc-d8dc-4291-909a-9ffaac5b3717,6496fb6b-7c93-4bc8-bb5e-a666ffdae72e,2026-01-19,11,43.40,147.80,149.80,60.10,,19.87,0.407,29.50,41,178.00,4.80,6.25,3.72,1220.00,"{""imc"": ""Excelente"", ""rce"": ""Excelente"", ""abdo"": ""Muito Bom"", ""flex"": ""Muito Bom"", ""jump"": ""Muito Bom"", ""run6"": ""Bom"", ""mball"": ""Muito Bom"", ""sprint"": ""Bom"", ""square"": ""Razoável""}",Atenção ao IMC: orientar família sobre hábitos alimentares e manter monitoramento trimestral.,,2026-06-19 09:12:14.107688+00,2026-06-19 20:55:38.136676+00,,,,t
b502e28e-8810-42fa-9e03-db3f9f9bc876,07cc7290-5d3f-421b-a514-b21d6a683494,ee9c16fc-d8dc-4291-909a-9ffaac5b3717,6496fb6b-7c93-4bc8-bb5e-a666ffdae72e,2026-05-19,12,44.60,148.60,150.60,59.70,,20.20,0.402,31.00,44,184.00,5.10,6.10,3.64,1280.00,"{""imc"": ""Excelente"", ""rce"": ""Excelente"", ""abdo"": ""Muito Bom"", ""flex"": ""Muito Bom"", ""jump"": ""Muito Bom"", ""run6"": ""Bom"", ""mball"": ""Muito Bom"", ""sprint"": ""Bom"", ""square"": ""Razoável""}",Evolução excelente em potência de membros superiores (medicine ball). Manter treino com cargas progressivas.,,2026-06-19 09:12:14.107688+00,2026-06-19 20:55:38.136676+00,,,,t
8b346246-b4bf-4b48-9abc-ca8182310709,07cc7290-5d3f-421b-a514-b21d6a683494,502d9acb-65f2-446c-9f1a-8fef4e635bcf,6496fb6b-7c93-4bc8-bb5e-a666ffdae72e,2025-09-19,13,47.00,155.00,153.00,64.50,,19.56,0.416,29.00,34,173.00,4.10,6.45,3.84,1170.00,"{""imc"": ""Excelente"", ""rce"": ""Excelente"", ""abdo"": ""Bom"", ""flex"": ""Razoável"", ""jump"": ""Muito Bom"", ""run6"": ""Bom"", ""mball"": ""Bom"", ""sprint"": ""Bom"", ""square"": ""Razoável""}",Atenção ao IMC: orientar família sobre hábitos alimentares e manter monitoramento trimestral.,,2026-06-19 09:12:14.107688+00,2026-06-19 20:55:38.136676+00,,,,t
ae1adb14-6200-473f-80c1-e31c0d73cb49,07cc7290-5d3f-421b-a514-b21d6a683494,502d9acb-65f2-446c-9f1a-8fef4e635bcf,6496fb6b-7c93-4bc8-bb5e-a666ffdae72e,2026-01-19,13,48.20,155.80,153.80,64.10,,19.86,0.411,30.50,37,179.00,4.40,6.30,3.76,1230.00,"{""imc"": ""Excelente"", ""rce"": ""Excelente"", ""abdo"": ""Muito Bom"", ""flex"": ""Razoável"", ""jump"": ""Muito Bom"", ""run6"": ""Bom"", ""mball"": ""Bom"", ""sprint"": ""Bom"", ""square"": ""Razoável""}",Evolução excelente em potência de membros superiores (medicine ball). Manter treino com cargas progressivas.,,2026-06-19 09:12:14.107688+00,2026-06-19 20:55:38.136676+00,,,,t
a6301640-8779-4292-bd13-7a580f67aefb,07cc7290-5d3f-421b-a514-b21d6a683494,502d9acb-65f2-446c-9f1a-8fef4e635bcf,6496fb6b-7c93-4bc8-bb5e-a666ffdae72e,2026-05-19,13,49.40,156.60,154.60,63.70,,20.14,0.407,32.00,40,185.00,4.70,6.15,3.68,1290.00,"{""imc"": ""Excelente"", ""rce"": ""Excelente"", ""abdo"": ""Muito Bom"", ""flex"": ""Razoável"", ""jump"": ""Excelente"", ""run6"": ""Bom"", ""mball"": ""Bom"", ""sprint"": ""Muito Bom"", ""square"": ""Bom""}",Resultados em flexibilidade abaixo da meta — incluir rotina de alongamento ativo nas aulas.,,2026-06-19 09:12:14.107688+00,2026-06-19 20:55:38.136676+00,,,,t
0d9772d6-ae79-49e7-a68b-4ed147ee68a7,07cc7290-5d3f-421b-a514-b21d6a683494,f07c525e-de5b-442e-94d6-f1452c23766d,6496fb6b-7c93-4bc8-bb5e-a666ffdae72e,2025-09-19,13,53.30,161.00,160.00,65.50,,20.56,0.407,30.00,35,174.00,4.20,6.50,3.88,1180.00,"{""imc"": ""Excelente"", ""rce"": ""Excelente"", ""abdo"": ""Bom"", ""flex"": ""Muito Bom"", ""jump"": ""Bom"", ""run6"": ""Razoável"", ""mball"": ""Razoável"", ""sprint"": ""Razoável"", ""square"": ""Fraco""}",Evolução excelente em potência de membros superiores (medicine ball). Manter treino com cargas progressivas.,,2026-06-19 09:12:14.107688+00,2026-06-19 20:55:38.136676+00,,,,t
190b9b66-1719-42c7-a3a7-1c12ff588dcd,07cc7290-5d3f-421b-a514-b21d6a683494,0e46589c-f78c-4210-9160-10bad6abeb4d,,2026-06-21,15,,,,,,,,47.00,,,,,,,"{""flex"": ""Excelente""}",,,2026-06-21 15:26:26.04731+00,2026-06-21 15:26:26.04731+00,,,,f
b0738d0b-b0a1-4d28-9b26-629c2f7a461f,07cc7290-5d3f-421b-a514-b21d6a683494,f07c525e-de5b-442e-94d6-f1452c23766d,6496fb6b-7c93-4bc8-bb5e-a666ffdae72e,2026-01-19,13,54.50,161.80,160.80,65.10,,20.82,0.402,31.50,38,180.00,4.50,6.35,3.80,1240.00,"{""imc"": ""Excelente"", ""rce"": ""Excelente"", ""abdo"": ""Bom"", ""flex"": ""Muito Bom"", ""jump"": ""Bom"", ""run6"": ""Razoável"", ""mball"": ""Razoável"", ""sprint"": ""Razoável"", ""square"": ""Fraco""}",Resultados em flexibilidade abaixo da meta — incluir rotina de alongamento ativo nas aulas.,,2026-06-19 09:12:14.107688+00,2026-06-19 20:55:38.136676+00,,,,t
1f5d1c3e-3509-4110-ae32-f45d25d044a6,07cc7290-5d3f-421b-a514-b21d6a683494,f07c525e-de5b-442e-94d6-f1452c23766d,6496fb6b-7c93-4bc8-bb5e-a666ffdae72e,2026-05-19,13,55.70,162.60,161.60,64.70,,21.07,0.398,33.00,41,186.00,4.80,6.20,3.72,1300.00,"{""imc"": ""Excelente"", ""rce"": ""Razoável"", ""abdo"": ""Muito Bom"", ""flex"": ""Muito Bom"", ""jump"": ""Bom"", ""run6"": ""Bom"", ""mball"": ""Bom"", ""sprint"": ""Razoável"", ""square"": ""Fraco""}",Perfil de baixo risco. Recomenda-se participação em modalidades coletivas para socialização.,,2026-06-19 09:12:14.107688+00,2026-06-19 20:55:38.136676+00,,,,t
8dcd2b32-a6f4-42d0-a48a-f7124b1f1bb9,07cc7290-5d3f-421b-a514-b21d6a683494,b02771c8-a876-48e7-8425-dc036fb8dac5,6496fb6b-7c93-4bc8-bb5e-a666ffdae72e,2025-09-19,15,57.60,160.00,160.00,62.50,,22.50,0.391,31.00,36,175.00,4.30,6.55,3.92,1190.00,"{""imc"": ""Razoável"", ""rce"": ""Razoável"", ""abdo"": ""Bom"", ""flex"": ""Razoável"", ""jump"": ""Muito Bom"", ""run6"": ""Bom"", ""mball"": ""Razoável"", ""sprint"": ""Bom"", ""square"": ""Fraco""}",Resultados em flexibilidade abaixo da meta — incluir rotina de alongamento ativo nas aulas.,,2026-06-19 09:12:14.107688+00,2026-06-19 20:55:38.136676+00,,,,t
58006d33-5e9f-4c96-8a09-9fb5bcc710a4,07cc7290-5d3f-421b-a514-b21d6a683494,b02771c8-a876-48e7-8425-dc036fb8dac5,6496fb6b-7c93-4bc8-bb5e-a666ffdae72e,2026-01-19,15,58.80,160.80,160.80,62.10,,22.74,0.386,32.50,39,181.00,4.60,6.40,3.84,1250.00,"{""imc"": ""Razoável"", ""rce"": ""Razoável"", ""abdo"": ""Muito Bom"", ""flex"": ""Razoável"", ""jump"": ""Muito Bom"", ""run6"": ""Bom"", ""mball"": ""Bom"", ""sprint"": ""Bom"", ""square"": ""Razoável""}",Perfil de baixo risco. Recomenda-se participação em modalidades coletivas para socialização.,,2026-06-19 09:12:14.107688+00,2026-06-19 20:55:38.136676+00,,,,t
a3fce6c1-ddb2-4d7f-8415-efa4cdf18a3d,07cc7290-5d3f-421b-a514-b21d6a683494,b02771c8-a876-48e7-8425-dc036fb8dac5,6496fb6b-7c93-4bc8-bb5e-a666ffdae72e,2026-05-19,15,60.00,161.60,161.60,61.70,,22.98,0.382,34.00,42,187.00,4.90,6.25,3.76,1310.00,"{""imc"": ""Razoável"", ""rce"": ""Razoável"", ""abdo"": ""Muito Bom"", ""flex"": ""Razoável"", ""jump"": ""Muito Bom"", ""run6"": ""Muito Bom"", ""mball"": ""Bom"", ""sprint"": ""Bom"", ""square"": ""Razoável""}",Aluno demonstra evolução consistente em força e resistência cardiorrespiratória. Recomenda-se manter periodização atual.,,2026-06-19 09:12:14.107688+00,2026-06-19 20:55:38.136676+00,,,,t
830b6419-1375-45c3-88d5-5901fec7d16f,07cc7290-5d3f-421b-a514-b21d6a683494,b259bead-313e-423f-aaa4-614561e9ada9,6496fb6b-7c93-4bc8-bb5e-a666ffdae72e,2025-09-19,15,65.90,168.00,169.00,63.50,,23.35,0.378,28.00,37,168.00,4.40,6.40,3.80,1200.00,"{""imc"": ""Razoável"", ""rce"": ""Razoável"", ""abdo"": ""Razoável"", ""flex"": ""Bom"", ""jump"": ""Fraco"", ""run6"": ""Fraco"", ""mball"": ""Fraco"", ""sprint"": ""Fraco"", ""square"": ""Muito Fraco""}",Perfil de baixo risco. Recomenda-se participação em modalidades coletivas para socialização.,,2026-06-19 09:12:14.107688+00,2026-06-19 20:55:38.136676+00,,,,t
84875930-acb8-4d2a-bc07-b1338df797bd,07cc7290-5d3f-421b-a514-b21d6a683494,b259bead-313e-423f-aaa4-614561e9ada9,6496fb6b-7c93-4bc8-bb5e-a666ffdae72e,2026-01-19,15,67.10,168.80,169.80,63.10,,23.55,0.374,29.50,40,174.00,4.70,6.25,3.72,1260.00,"{""imc"": ""Razoável"", ""rce"": ""Razoável"", ""abdo"": ""Bom"", ""flex"": ""Bom"", ""jump"": ""Fraco"", ""run6"": ""Razoável"", ""mball"": ""Fraco"", ""sprint"": ""Razoável"", ""square"": ""Muito Fraco""}",Aluno demonstra evolução consistente em força e resistência cardiorrespiratória. Recomenda-se manter periodização atual.,,2026-06-19 09:12:14.107688+00,2026-06-19 20:55:38.136676+00,,,,t
57bc555d-9824-480b-9b06-180cffbcf150,07cc7290-5d3f-421b-a514-b21d6a683494,b259bead-313e-423f-aaa4-614561e9ada9,6496fb6b-7c93-4bc8-bb5e-a666ffdae72e,2026-05-19,15,68.30,169.60,170.60,62.70,,23.74,0.370,31.00,43,180.00,5.00,6.10,3.64,1320.00,"{""imc"": ""Razoável"", ""rce"": ""Razoável"", ""abdo"": ""Bom"", ""flex"": ""Bom"", ""jump"": ""Razoável"", ""run6"": ""Razoável"", ""mball"": ""Razoável"", ""sprint"": ""Razoável"", ""square"": ""Fraco""}",Composição corporal dentro do esperado para idade. Boa progressão na flexibilidade e potência de membros inferiores.,,2026-06-19 09:12:14.107688+00,2026-06-19 20:55:38.136676+00,,,,t
f4ad127e-6fe3-445c-ae0a-b937eddc45bd,07cc7290-5d3f-421b-a514-b21d6a683494,a012e8ee-ddbf-4165-bbd1-c63d50ed5bd4,6496fb6b-7c93-4bc8-bb5e-a666ffdae72e,2025-09-19,16,59.20,172.00,174.00,67.50,,20.01,0.392,29.00,38,169.00,4.50,6.45,3.84,1120.00,"{""imc"": ""Excelente"", ""rce"": ""Razoável"", ""abdo"": ""Bom"", ""flex"": ""Fraco"", ""jump"": ""Bom"", ""run6"": ""Razoável"", ""mball"": ""Bom"", ""sprint"": ""Bom"", ""square"": ""Fraco""}",Aluno demonstra evolução consistente em força e resistência cardiorrespiratória. Recomenda-se manter periodização atual.,,2026-06-19 09:12:14.107688+00,2026-06-19 20:55:38.136676+00,,,,t
16e25993-5f94-4275-a279-728dcd6ff9ce,07cc7290-5d3f-421b-a514-b21d6a683494,a012e8ee-ddbf-4165-bbd1-c63d50ed5bd4,6496fb6b-7c93-4bc8-bb5e-a666ffdae72e,2026-01-19,17,60.40,172.80,174.80,67.10,,20.23,0.388,30.50,41,175.00,4.80,6.30,3.76,1180.00,"{""imc"": ""Excelente"", ""rce"": ""Razoável"", ""abdo"": ""Muito Bom"", ""flex"": ""Fraco"", ""jump"": ""Bom"", ""run6"": ""Bom"", ""mball"": ""Bom"", ""sprint"": ""Bom"", ""square"": ""Razoável""}",Composição corporal dentro do esperado para idade. Boa progressão na flexibilidade e potência de membros inferiores.,,2026-06-19 09:12:14.107688+00,2026-06-19 20:55:38.136676+00,,,,t
fa4856e3-ee9d-462f-8a4d-cbe093531442,07cc7290-5d3f-421b-a514-b21d6a683494,a012e8ee-ddbf-4165-bbd1-c63d50ed5bd4,6496fb6b-7c93-4bc8-bb5e-a666ffdae72e,2026-05-19,17,61.60,173.60,175.60,66.70,,20.44,0.384,32.00,44,181.00,5.10,6.15,3.68,1240.00,"{""imc"": ""Excelente"", ""rce"": ""Razoável"", ""abdo"": ""Muito Bom"", ""flex"": ""Razoável"", ""jump"": ""Muito Bom"", ""run6"": ""Bom"", ""mball"": ""Bom"", ""sprint"": ""Muito Bom"", ""square"": ""Razoável""}",Performance acima da média da turma. Indicado encaminhamento para grupo de alto rendimento.,,2026-06-19 09:12:14.107688+00,2026-06-19 20:55:38.136676+00,,,,t
980650ed-bfd2-4bd3-a123-88eb451b25cc,07cc7290-5d3f-421b-a514-b21d6a683494,ab6a9b2f-5b4a-42f5-8d74-42bb44a8f4a0,6496fb6b-7c93-4bc8-bb5e-a666ffdae72e,2025-09-19,9,33.00,140.00,138.00,58.00,,16.84,0.414,30.00,34,170.00,4.10,6.50,3.88,1130.00,"{""imc"": ""Excelente"", ""rce"": ""Excelente"", ""abdo"": ""Muito Bom"", ""flex"": ""Muito Bom"", ""jump"": ""Muito Bom"", ""run6"": ""Bom"", ""mball"": ""Muito Bom"", ""sprint"": ""Bom"", ""square"": ""Razoável""}",Composição corporal dentro do esperado para idade. Boa progressão na flexibilidade e potência de membros inferiores.,,2026-06-19 09:12:14.107688+00,2026-06-19 20:55:38.136676+00,,,,t
df013dd3-4347-4278-bc69-b41b69440558,07cc7290-5d3f-421b-a514-b21d6a683494,ab6a9b2f-5b4a-42f5-8d74-42bb44a8f4a0,6496fb6b-7c93-4bc8-bb5e-a666ffdae72e,2026-01-19,10,34.20,140.80,138.80,57.60,,17.25,0.409,31.50,37,176.00,4.40,6.35,3.80,1190.00,"{""imc"": ""Excelente"", ""rce"": ""Excelente"", ""abdo"": ""Muito Bom"", ""flex"": ""Excelente"", ""jump"": ""Muito Bom"", ""run6"": ""Bom"", ""mball"": ""Muito Bom"", ""sprint"": ""Bom"", ""square"": ""Razoável""}",Performance acima da média da turma. Indicado encaminhamento para grupo de alto rendimento.,,2026-06-19 09:12:14.107688+00,2026-06-19 20:55:38.136676+00,,,,t
1be39e56-8073-4d44-8d29-067422232761,07cc7290-5d3f-421b-a514-b21d6a683494,ab6a9b2f-5b4a-42f5-8d74-42bb44a8f4a0,6496fb6b-7c93-4bc8-bb5e-a666ffdae72e,2026-05-19,10,35.40,141.60,139.60,57.20,,17.66,0.404,33.00,40,182.00,4.70,6.20,3.72,1250.00,"{""imc"": ""Excelente"", ""rce"": ""Excelente"", ""abdo"": ""Muito Bom"", ""flex"": ""Excelente"", ""jump"": ""Excelente"", ""run6"": ""Bom"", ""mball"": ""Muito Bom"", ""sprint"": ""Bom"", ""square"": ""Razoável""}",Pequenas oscilações em provas de velocidade — focar trabalho técnico de saída e aceleração.,,2026-06-19 09:12:14.107688+00,2026-06-19 20:55:38.136676+00,,,,t
0d44f485-e3ab-4858-adad-8f85ef880e9a,07cc7290-5d3f-421b-a514-b21d6a683494,af264bfe-04dd-4c58-987f-4ef90f892c05,6496fb6b-7c93-4bc8-bb5e-a666ffdae72e,2025-09-19,10,36.30,144.00,143.00,60.50,,17.51,0.420,31.00,35,171.00,4.20,6.55,3.92,1140.00,"{""imc"": ""Excelente"", ""rce"": ""Excelente"", ""abdo"": ""Muito Bom"", ""flex"": ""Bom"", ""jump"": ""Excelente"", ""run6"": ""Bom"", ""mball"": ""Muito Bom"", ""sprint"": ""Muito Bom"", ""square"": ""Bom""}",Performance acima da média da turma. Indicado encaminhamento para grupo de alto rendimento.,,2026-06-19 09:12:14.107688+00,2026-06-19 20:55:38.136676+00,,,,t
1ecef3ca-71df-40d7-94f4-bd815481caf5,07cc7290-5d3f-421b-a514-b21d6a683494,af264bfe-04dd-4c58-987f-4ef90f892c05,6496fb6b-7c93-4bc8-bb5e-a666ffdae72e,2026-01-19,11,37.50,144.80,143.80,60.10,,17.89,0.415,32.50,38,177.00,4.50,6.40,3.84,1200.00,"{""imc"": ""Excelente"", ""rce"": ""Excelente"", ""abdo"": ""Muito Bom"", ""flex"": ""Bom"", ""jump"": ""Excelente"", ""run6"": ""Bom"", ""mball"": ""Muito Bom"", ""sprint"": ""Muito Bom"", ""square"": ""Razoável""}",Pequenas oscilações em provas de velocidade — focar trabalho técnico de saída e aceleração.,,2026-06-19 09:12:14.107688+00,2026-06-19 20:55:38.136676+00,,,,t
57e3d7f0-2a6b-4e19-86c8-95752fb37344,07cc7290-5d3f-421b-a514-b21d6a683494,af264bfe-04dd-4c58-987f-4ef90f892c05,6496fb6b-7c93-4bc8-bb5e-a666ffdae72e,2026-05-19,11,38.70,145.60,144.60,59.70,,18.26,0.410,34.00,41,183.00,4.80,6.25,3.76,1260.00,"{""imc"": ""Excelente"", ""rce"": ""Excelente"", ""abdo"": ""Excelente"", ""flex"": ""Bom"", ""jump"": ""Excelente"", ""run6"": ""Muito Bom"", ""mball"": ""Muito Bom"", ""sprint"": ""Muito Bom"", ""square"": ""Bom""}",Indicadores de saúde estáveis. Continuar reforço de treinos funcionais e mobilidade.,,2026-06-19 09:12:14.107688+00,2026-06-19 20:55:38.136676+00,,,,t
aaf4789e-376d-4800-8a02-727bab7a02bf,07cc7290-5d3f-421b-a514-b21d6a683494,4e56c71f-b960-4157-967a-ff03ceb52e9b,6496fb6b-7c93-4bc8-bb5e-a666ffdae72e,2025-09-19,11,40.60,148.00,148.00,61.50,,18.54,0.416,28.00,36,172.00,4.30,6.40,3.80,1150.00,"{""imc"": ""Excelente"", ""rce"": ""Excelente"", ""abdo"": ""Bom"", ""flex"": ""Bom"", ""jump"": ""Muito Bom"", ""run6"": ""Razoável"", ""mball"": ""Bom"", ""sprint"": ""Bom"", ""square"": ""Razoável""}",Pequenas oscilações em provas de velocidade — focar trabalho técnico de saída e aceleração.,,2026-06-19 09:12:14.107688+00,2026-06-19 20:55:38.136676+00,,,,t
bc522c16-a71e-4e12-bacb-0c919cd779e0,07cc7290-5d3f-421b-a514-b21d6a683494,4e56c71f-b960-4157-967a-ff03ceb52e9b,6496fb6b-7c93-4bc8-bb5e-a666ffdae72e,2026-01-19,12,41.80,148.80,148.80,61.10,,18.88,0.411,29.50,39,178.00,4.60,6.25,3.72,1210.00,"{""imc"": ""Excelente"", ""rce"": ""Excelente"", ""abdo"": ""Muito Bom"", ""flex"": ""Muito Bom"", ""jump"": ""Bom"", ""run6"": ""Bom"", ""mball"": ""Bom"", ""sprint"": ""Bom"", ""square"": ""Razoável""}",Indicadores de saúde estáveis. Continuar reforço de treinos funcionais e mobilidade.,,2026-06-19 09:12:14.107688+00,2026-06-19 20:55:38.136676+00,,,,t
89ae8b0b-efcd-4c17-be30-1dcb493d7140,07cc7290-5d3f-421b-a514-b21d6a683494,4e56c71f-b960-4157-967a-ff03ceb52e9b,6496fb6b-7c93-4bc8-bb5e-a666ffdae72e,2026-05-19,12,43.00,149.60,149.60,60.70,,19.21,0.406,31.00,42,184.00,4.90,6.10,3.64,1270.00,"{""imc"": ""Excelente"", ""rce"": ""Excelente"", ""abdo"": ""Muito Bom"", ""flex"": ""Muito Bom"", ""jump"": ""Muito Bom"", ""run6"": ""Bom"", ""mball"": ""Bom"", ""sprint"": ""Bom"", ""square"": ""Razoável""}",Boa adesão ao programa. Sugere-se ampliar volume de corrida contínua para melhorar VO2.,,2026-06-19 09:12:14.107688+00,2026-06-19 20:55:38.136676+00,,,,t
2586ecc9-7f70-4046-9a41-d7cd34e45d99,07cc7290-5d3f-421b-a514-b21d6a683494,4e921456-a54f-4794-8c9b-bc3d98e17dad,6496fb6b-7c93-4bc8-bb5e-a666ffdae72e,2025-09-19,12,42.90,151.00,152.00,64.00,,18.81,0.424,29.00,37,173.00,4.40,6.45,3.84,1160.00,"{""imc"": ""Excelente"", ""rce"": ""Excelente"", ""abdo"": ""Muito Bom"", ""flex"": ""Razoável"", ""jump"": ""Muito Bom"", ""run6"": ""Bom"", ""mball"": ""Bom"", ""sprint"": ""Bom"", ""square"": ""Razoável""}",Indicadores de saúde estáveis. Continuar reforço de treinos funcionais e mobilidade.,,2026-06-19 09:12:14.107688+00,2026-06-19 20:55:38.136676+00,,,,t
342b66d7-337a-42e7-a164-dd58fa2b140e,07cc7290-5d3f-421b-a514-b21d6a683494,4e921456-a54f-4794-8c9b-bc3d98e17dad,6496fb6b-7c93-4bc8-bb5e-a666ffdae72e,2026-01-19,12,44.10,151.80,152.80,63.60,,19.14,0.419,30.50,40,179.00,4.70,6.30,3.76,1220.00,"{""imc"": ""Excelente"", ""rce"": ""Excelente"", ""abdo"": ""Muito Bom"", ""flex"": ""Razoável"", ""jump"": ""Excelente"", ""run6"": ""Bom"", ""mball"": ""Muito Bom"", ""sprint"": ""Muito Bom"", ""square"": ""Razoável""}",Boa adesão ao programa. Sugere-se ampliar volume de corrida contínua para melhorar VO2.,,2026-06-19 09:12:14.107688+00,2026-06-19 20:55:38.136676+00,,,,t
7ba87e76-a952-4eeb-aea7-c42c0c8eb077,07cc7290-5d3f-421b-a514-b21d6a683494,4e921456-a54f-4794-8c9b-bc3d98e17dad,6496fb6b-7c93-4bc8-bb5e-a666ffdae72e,2026-05-19,13,45.30,152.60,153.60,63.20,,19.45,0.414,32.00,43,185.00,5.00,6.15,3.68,1280.00,"{""imc"": ""Excelente"", ""rce"": ""Excelente"", ""abdo"": ""Excelente"", ""flex"": ""Razoável"", ""jump"": ""Excelente"", ""run6"": ""Bom"", ""mball"": ""Muito Bom"", ""sprint"": ""Muito Bom"", ""square"": ""Bom""}",Atenção ao IMC: orientar família sobre hábitos alimentares e manter monitoramento trimestral.,,2026-06-19 09:12:14.107688+00,2026-06-19 20:55:38.136676+00,,,,t
9fafabf1-dbe0-4061-afa5-042adadf9c8b,07cc7290-5d3f-421b-a514-b21d6a683494,7d26c28e-b9f4-4297-9274-f707bbe7fdec,6496fb6b-7c93-4bc8-bb5e-a666ffdae72e,2025-09-19,12,48.20,149.00,151.00,58.00,,21.71,0.389,30.00,38,174.00,4.50,6.50,3.88,1170.00,"{""imc"": ""Excelente"", ""rce"": ""Razoável"", ""abdo"": ""Bom"", ""flex"": ""Muito Bom"", ""jump"": ""Bom"", ""run6"": ""Razoável"", ""mball"": ""Bom"", ""sprint"": ""Razoável"", ""square"": ""Fraco""}",Boa adesão ao programa. Sugere-se ampliar volume de corrida contínua para melhorar VO2.,,2026-06-19 09:12:14.107688+00,2026-06-19 20:55:38.136676+00,,,,t
a902022e-fe34-4703-960f-626379ae8010,07cc7290-5d3f-421b-a514-b21d6a683494,7d26c28e-b9f4-4297-9274-f707bbe7fdec,6496fb6b-7c93-4bc8-bb5e-a666ffdae72e,2026-01-19,12,49.40,149.80,151.80,57.60,,22.01,0.385,31.50,41,180.00,4.80,6.35,3.80,1230.00,"{""imc"": ""Excelente"", ""rce"": ""Razoável"", ""abdo"": ""Muito Bom"", ""flex"": ""Muito Bom"", ""jump"": ""Bom"", ""run6"": ""Bom"", ""mball"": ""Bom"", ""sprint"": ""Razoável"", ""square"": ""Fraco""}",Atenção ao IMC: orientar família sobre hábitos alimentares e manter monitoramento trimestral.,,2026-06-19 09:12:14.107688+00,2026-06-19 20:55:38.136676+00,,,,t
50c3e943-90a9-4cec-bde0-b0e5bba8522c,07cc7290-5d3f-421b-a514-b21d6a683494,7d26c28e-b9f4-4297-9274-f707bbe7fdec,6496fb6b-7c93-4bc8-bb5e-a666ffdae72e,2026-05-19,13,50.60,150.60,152.60,57.20,,22.31,0.380,33.00,44,186.00,5.10,6.20,3.72,1290.00,"{""imc"": ""Excelente"", ""rce"": ""Razoável"", ""abdo"": ""Muito Bom"", ""flex"": ""Muito Bom"", ""jump"": ""Bom"", ""run6"": ""Bom"", ""mball"": ""Bom"", ""sprint"": ""Razoável"", ""square"": ""Fraco""}",Evolução excelente em potência de membros superiores (medicine ball). Manter treino com cargas progressivas.,,2026-06-19 09:12:14.107688+00,2026-06-19 20:55:38.136676+00,,,,t
a2f56b07-64ef-4099-9c12-6f38286a20af,07cc7290-5d3f-421b-a514-b21d6a683494,fa7a55ed-9bf7-4e78-9850-c9dab4473857,6496fb6b-7c93-4bc8-bb5e-a666ffdae72e,2025-09-19,14,52.00,156.00,154.00,62.00,,21.37,0.397,31.00,34,175.00,4.10,6.55,3.92,1180.00,"{""imc"": ""Excelente"", ""rce"": ""Razoável"", ""abdo"": ""Bom"", ""flex"": ""Razoável"", ""jump"": ""Muito Bom"", ""run6"": ""Bom"", ""mball"": ""Razoável"", ""sprint"": ""Bom"", ""square"": ""Razoável""}",Atenção ao IMC: orientar família sobre hábitos alimentares e manter monitoramento trimestral.,,2026-06-19 09:12:14.107688+00,2026-06-19 20:55:38.136676+00,,,,t
0c858675-a00b-49d8-9728-72a689e96203,07cc7290-5d3f-421b-a514-b21d6a683494,fa7a55ed-9bf7-4e78-9850-c9dab4473857,6496fb6b-7c93-4bc8-bb5e-a666ffdae72e,2026-01-19,14,53.20,156.80,154.80,61.60,,21.64,0.393,32.50,37,181.00,4.40,6.40,3.84,1240.00,"{""imc"": ""Excelente"", ""rce"": ""Razoável"", ""abdo"": ""Bom"", ""flex"": ""Razoável"", ""jump"": ""Muito Bom"", ""run6"": ""Bom"", ""mball"": ""Bom"", ""sprint"": ""Bom"", ""square"": ""Razoável""}",Evolução excelente em potência de membros superiores (medicine ball). Manter treino com cargas progressivas.,,2026-06-19 09:12:14.107688+00,2026-06-19 20:55:38.136676+00,,,,t
149c4664-bca6-4b3b-9c75-060c0e368ac4,07cc7290-5d3f-421b-a514-b21d6a683494,fa7a55ed-9bf7-4e78-9850-c9dab4473857,6496fb6b-7c93-4bc8-bb5e-a666ffdae72e,2026-05-19,15,54.40,157.60,155.60,61.20,,21.90,0.388,34.00,40,187.00,4.70,6.25,3.76,1300.00,"{""imc"": ""Excelente"", ""rce"": ""Razoável"", ""abdo"": ""Muito Bom"", ""flex"": ""Razoável"", ""jump"": ""Muito Bom"", ""run6"": ""Bom"", ""mball"": ""Bom"", ""sprint"": ""Bom"", ""square"": ""Razoável""}",Resultados em flexibilidade abaixo da meta — incluir rotina de alongamento ativo nas aulas.,,2026-06-19 09:12:14.107688+00,2026-06-19 20:55:38.136676+00,,,,t
250f4f1d-0a42-41d8-b5b0-1cb06115306c,07cc7290-5d3f-421b-a514-b21d6a683494,73d86e84-8f15-4b15-ab12-0b1536bce938,6496fb6b-7c93-4bc8-bb5e-a666ffdae72e,2025-09-19,14,59.30,163.00,162.00,63.00,,22.32,0.387,28.00,35,168.00,4.20,6.40,3.80,1190.00,"{""imc"": ""Excelente"", ""rce"": ""Razoável"", ""abdo"": ""Razoável"", ""flex"": ""Bom"", ""jump"": ""Razoável"", ""run6"": ""Razoável"", ""mball"": ""Fraco"", ""sprint"": ""Razoável"", ""square"": ""Muito Fraco""}",Evolução excelente em potência de membros superiores (medicine ball). Manter treino com cargas progressivas.,,2026-06-19 09:12:14.107688+00,2026-06-19 20:55:38.136676+00,,,,t
47406911-59ab-4df5-a8b2-b8bce635702e,07cc7290-5d3f-421b-a514-b21d6a683494,73d86e84-8f15-4b15-ab12-0b1536bce938,6496fb6b-7c93-4bc8-bb5e-a666ffdae72e,2026-01-19,14,60.50,163.80,162.80,62.60,,22.55,0.382,29.50,38,174.00,4.50,6.25,3.72,1250.00,"{""imc"": ""Razoável"", ""rce"": ""Razoável"", ""abdo"": ""Bom"", ""flex"": ""Bom"", ""jump"": ""Razoável"", ""run6"": ""Razoável"", ""mball"": ""Razoável"", ""sprint"": ""Razoável"", ""square"": ""Fraco""}",Resultados em flexibilidade abaixo da meta — incluir rotina de alongamento ativo nas aulas.,,2026-06-19 09:12:14.107688+00,2026-06-19 20:55:38.136676+00,,,,t
34ea4fd7-5c11-460f-b045-57e219b51754,07cc7290-5d3f-421b-a514-b21d6a683494,73d86e84-8f15-4b15-ab12-0b1536bce938,6496fb6b-7c93-4bc8-bb5e-a666ffdae72e,2026-05-19,15,61.70,164.60,163.60,62.20,,22.77,0.378,31.00,41,180.00,4.80,6.10,3.64,1310.00,"{""imc"": ""Razoável"", ""rce"": ""Razoável"", ""abdo"": ""Bom"", ""flex"": ""Bom"", ""jump"": ""Razoável"", ""run6"": ""Razoável"", ""mball"": ""Razoável"", ""sprint"": ""Razoável"", ""square"": ""Fraco""}",Perfil de baixo risco. Recomenda-se participação em modalidades coletivas para socialização.,,2026-06-19 09:12:14.107688+00,2026-06-19 20:55:38.136676+00,,,,t
28494962-186d-48d8-8823-a5c8040fa088,07cc7290-5d3f-421b-a514-b21d6a683494,514eefde-c79b-4fb0-810b-b6612e3d0e24,6496fb6b-7c93-4bc8-bb5e-a666ffdae72e,2025-09-19,16,62.60,168.00,168.00,67.00,,22.18,0.399,29.00,36,169.00,4.30,6.45,3.84,1200.00,"{""imc"": ""Excelente"", ""rce"": ""Razoável"", ""abdo"": ""Bom"", ""flex"": ""Fraco"", ""jump"": ""Bom"", ""run6"": ""Bom"", ""mball"": ""Razoável"", ""sprint"": ""Bom"", ""square"": ""Fraco""}",Resultados em flexibilidade abaixo da meta — incluir rotina de alongamento ativo nas aulas.,,2026-06-19 09:12:14.107688+00,2026-06-19 20:55:38.136676+00,,,,t
6fe37ffb-e1e9-477f-92c6-2c3561ef75e3,07cc7290-5d3f-421b-a514-b21d6a683494,514eefde-c79b-4fb0-810b-b6612e3d0e24,6496fb6b-7c93-4bc8-bb5e-a666ffdae72e,2026-01-19,16,63.80,168.80,168.80,66.60,,22.39,0.395,30.50,39,175.00,4.60,6.30,3.76,1260.00,"{""imc"": ""Excelente"", ""rce"": ""Razoável"", ""abdo"": ""Muito Bom"", ""flex"": ""Razoável"", ""jump"": ""Bom"", ""run6"": ""Bom"", ""mball"": ""Bom"", ""sprint"": ""Bom"", ""square"": ""Razoável""}",Perfil de baixo risco. Recomenda-se participação em modalidades coletivas para socialização.,,2026-06-19 09:12:14.107688+00,2026-06-19 20:55:38.136676+00,,,,t
f5d16301-5504-4e27-a411-12bd923db006,07cc7290-5d3f-421b-a514-b21d6a683494,514eefde-c79b-4fb0-810b-b6612e3d0e24,6496fb6b-7c93-4bc8-bb5e-a666ffdae72e,2026-05-19,16,65.00,169.60,169.60,66.20,,22.60,0.390,32.00,42,181.00,4.90,6.15,3.68,1320.00,"{""imc"": ""Razoável"", ""rce"": ""Razoável"", ""abdo"": ""Muito Bom"", ""flex"": ""Razoável"", ""jump"": ""Muito Bom"", ""run6"": ""Muito Bom"", ""mball"": ""Bom"", ""sprint"": ""Muito Bom"", ""square"": ""Razoável""}",Aluno demonstra evolução consistente em força e resistência cardiorrespiratória. Recomenda-se manter periodização atual.,,2026-06-19 09:12:14.107688+00,2026-06-19 20:55:38.136676+00,,,,t
10329abf-399f-4301-b6f7-e70497132b8e,07cc7290-5d3f-421b-a514-b21d6a683494,e26de383-c1c4-40b8-8dad-5e2e358a6c4b,6496fb6b-7c93-4bc8-bb5e-a666ffdae72e,2025-09-19,16,62.90,177.00,178.00,68.00,,20.08,0.384,30.00,37,170.00,4.40,6.50,3.88,1120.00,"{""imc"": ""Excelente"", ""rce"": ""Razoável"", ""abdo"": ""Razoável"", ""flex"": ""Bom"", ""jump"": ""Muito Fraco"", ""run6"": ""Fraco"", ""mball"": ""Fraco"", ""sprint"": ""Fraco"", ""square"": ""Muito Fraco""}",Perfil de baixo risco. Recomenda-se participação em modalidades coletivas para socialização.,,2026-06-19 09:12:14.107688+00,2026-06-19 20:55:38.136676+00,,,,t
499106b6-e2a4-4a67-b87d-94e941be396e,07cc7290-5d3f-421b-a514-b21d6a683494,e26de383-c1c4-40b8-8dad-5e2e358a6c4b,6496fb6b-7c93-4bc8-bb5e-a666ffdae72e,2026-01-19,16,64.10,177.80,178.80,67.60,,20.28,0.380,31.50,40,176.00,4.70,6.35,3.80,1180.00,"{""imc"": ""Excelente"", ""rce"": ""Razoável"", ""abdo"": ""Razoável"", ""flex"": ""Bom"", ""jump"": ""Fraco"", ""run6"": ""Fraco"", ""mball"": ""Fraco"", ""sprint"": ""Fraco"", ""square"": ""Muito Fraco""}",Aluno demonstra evolução consistente em força e resistência cardiorrespiratória. Recomenda-se manter periodização atual.,,2026-06-19 09:12:14.107688+00,2026-06-19 20:55:38.136676+00,,,,t
de7a09b3-ff22-43fa-a889-5b0db387d778,07cc7290-5d3f-421b-a514-b21d6a683494,e26de383-c1c4-40b8-8dad-5e2e358a6c4b,6496fb6b-7c93-4bc8-bb5e-a666ffdae72e,2026-05-19,16,65.30,178.60,179.60,67.20,,20.47,0.376,33.00,43,182.00,5.00,6.20,3.72,1240.00,"{""imc"": ""Excelente"", ""rce"": ""Razoável"", ""abdo"": ""Bom"", ""flex"": ""Bom"", ""jump"": ""Fraco"", ""run6"": ""Fraco"", ""mball"": ""Fraco"", ""sprint"": ""Fraco"", ""square"": ""Muito Fraco""}",Composição corporal dentro do esperado para idade. Boa progressão na flexibilidade e potência de membros inferiores.,,2026-06-19 09:12:14.107688+00,2026-06-19 20:55:38.136676+00,,,,t
0ebda820-8309-44a5-a30d-91a0cdc476ba,07cc7290-5d3f-421b-a514-b21d6a683494,a5e4ba86-08fb-4233-a2dd-b810aef95a9b,6496fb6b-7c93-4bc8-bb5e-a666ffdae72e,2025-09-19,11,36.20,145.00,147.00,61.50,,17.22,0.424,31.00,38,171.00,4.50,6.55,3.92,1130.00,"{""imc"": ""Excelente"", ""rce"": ""Excelente"", ""abdo"": ""Muito Bom"", ""flex"": ""Bom"", ""jump"": ""Excelente"", ""run6"": ""Bom"", ""mball"": ""Muito Bom"", ""sprint"": ""Bom"", ""square"": ""Razoável""}",Aluno demonstra evolução consistente em força e resistência cardiorrespiratória. Recomenda-se manter periodização atual.,,2026-06-19 09:12:14.107688+00,2026-06-19 20:55:38.136676+00,,,,t
9d007ed3-b67e-499c-b773-b43364792d93,07cc7290-5d3f-421b-a514-b21d6a683494,a5e4ba86-08fb-4233-a2dd-b810aef95a9b,6496fb6b-7c93-4bc8-bb5e-a666ffdae72e,2026-01-19,11,37.40,145.80,147.80,61.10,,17.59,0.419,32.50,41,177.00,4.80,6.40,3.84,1190.00,"{""imc"": ""Excelente"", ""rce"": ""Excelente"", ""abdo"": ""Excelente"", ""flex"": ""Bom"", ""jump"": ""Excelente"", ""run6"": ""Bom"", ""mball"": ""Muito Bom"", ""sprint"": ""Muito Bom"", ""square"": ""Razoável""}",Composição corporal dentro do esperado para idade. Boa progressão na flexibilidade e potência de membros inferiores.,,2026-06-19 09:12:14.107688+00,2026-06-19 20:55:38.136676+00,,,,t
258190d2-34b7-4827-910c-ddc4b1c1b204,07cc7290-5d3f-421b-a514-b21d6a683494,a5e4ba86-08fb-4233-a2dd-b810aef95a9b,6496fb6b-7c93-4bc8-bb5e-a666ffdae72e,2026-05-19,11,38.60,146.60,148.60,60.70,,17.96,0.414,34.00,44,183.00,5.10,6.25,3.76,1250.00,"{""imc"": ""Excelente"", ""rce"": ""Excelente"", ""abdo"": ""Excelente"", ""flex"": ""Bom"", ""jump"": ""Excelente"", ""run6"": ""Bom"", ""mball"": ""Excelente"", ""sprint"": ""Muito Bom"", ""square"": ""Bom""}",Performance acima da média da turma. Indicado encaminhamento para grupo de alto rendimento.,,2026-06-19 09:12:14.107688+00,2026-06-19 20:55:38.136676+00,,,,t
1d735d56-d7db-4298-83ae-b511984b8513,07cc7290-5d3f-421b-a514-b21d6a683494,e13e8bd1-4ed6-4634-8e12-bd8c69ff855f,6496fb6b-7c93-4bc8-bb5e-a666ffdae72e,2025-09-19,9,34.00,143.00,141.00,61.00,,16.63,0.427,26.00,30,160.00,3.70,6.80,4.00,1060.00,"{""imc"": ""Excelente"", ""rce"": ""Excelente"", ""abdo"": ""Bom"", ""flex"": ""Bom"", ""jump"": ""Muito Bom"", ""run6"": ""Bom"", ""mball"": ""Bom"", ""sprint"": ""Bom"", ""square"": ""Razoável""}",Composição corporal dentro do esperado para idade. Boa progressão na flexibilidade e potência de membros inferiores.,,2026-06-19 09:12:14.107688+00,2026-06-19 20:55:38.136676+00,,,,t
b08c2a2a-35f4-4414-b489-d41771d151e1,07cc7290-5d3f-421b-a514-b21d6a683494,e13e8bd1-4ed6-4634-8e12-bd8c69ff855f,6496fb6b-7c93-4bc8-bb5e-a666ffdae72e,2026-01-19,10,35.20,143.80,141.80,60.60,,17.02,0.421,27.50,33,166.00,4.00,6.65,3.92,1120.00,"{""imc"": ""Excelente"", ""rce"": ""Excelente"", ""abdo"": ""Bom"", ""flex"": ""Muito Bom"", ""jump"": ""Muito Bom"", ""run6"": ""Bom"", ""mball"": ""Bom"", ""sprint"": ""Bom"", ""square"": ""Razoável""}",Performance acima da média da turma. Indicado encaminhamento para grupo de alto rendimento.,,2026-06-19 09:12:14.107688+00,2026-06-19 20:55:38.136676+00,,,,t
13948bf6-8fcc-45ef-bcdd-039283dd0d4b,07cc7290-5d3f-421b-a514-b21d6a683494,e13e8bd1-4ed6-4634-8e12-bd8c69ff855f,6496fb6b-7c93-4bc8-bb5e-a666ffdae72e,2026-05-19,10,36.40,144.60,142.60,60.20,,17.41,0.416,29.00,36,172.00,4.30,6.50,3.84,1180.00,"{""imc"": ""Excelente"", ""rce"": ""Excelente"", ""abdo"": ""Muito Bom"", ""flex"": ""Muito Bom"", ""jump"": ""Muito Bom"", ""run6"": ""Bom"", ""mball"": ""Bom"", ""sprint"": ""Bom"", ""square"": ""Razoável""}",Pequenas oscilações em provas de velocidade — focar trabalho técnico de saída e aceleração.,,2026-06-19 09:12:14.107688+00,2026-06-19 20:55:38.136676+00,,,,t
a00e6e1a-b09a-4ef5-9675-60c073ba192d,07cc7290-5d3f-421b-a514-b21d6a683494,5ff9c10c-b1fe-47a4-a0d6-6061087a6e95,6496fb6b-7c93-4bc8-bb5e-a666ffdae72e,2025-09-19,11,41.30,145.00,144.00,58.00,,19.64,0.400,27.00,31,161.00,3.80,6.85,4.04,1070.00,"{""imc"": ""Excelente"", ""rce"": ""Excelente"", ""abdo"": ""Bom"", ""flex"": ""Razoável"", ""jump"": ""Muito Bom"", ""run6"": ""Razoável"", ""mball"": ""Bom"", ""sprint"": ""Bom"", ""square"": ""Razoável""}",Performance acima da média da turma. Indicado encaminhamento para grupo de alto rendimento.,,2026-06-19 09:12:14.107688+00,2026-06-19 20:55:38.136676+00,,,,t
10ae0e90-4d3a-47d7-9750-1de29c395734,07cc7290-5d3f-421b-a514-b21d6a683494,5ff9c10c-b1fe-47a4-a0d6-6061087a6e95,6496fb6b-7c93-4bc8-bb5e-a666ffdae72e,2026-01-19,12,42.50,145.80,144.80,57.60,,19.99,0.395,28.50,34,167.00,4.10,6.70,3.96,1130.00,"{""imc"": ""Excelente"", ""rce"": ""Razoável"", ""abdo"": ""Bom"", ""flex"": ""Razoável"", ""jump"": ""Muito Bom"", ""run6"": ""Razoável"", ""mball"": ""Bom"", ""sprint"": ""Bom"", ""square"": ""Razoável""}",Pequenas oscilações em provas de velocidade — focar trabalho técnico de saída e aceleração.,,2026-06-19 09:12:14.107688+00,2026-06-19 20:55:38.136676+00,,,,t
067dcc2c-f83c-4005-9a85-da3f0f4d4619,07cc7290-5d3f-421b-a514-b21d6a683494,5ff9c10c-b1fe-47a4-a0d6-6061087a6e95,6496fb6b-7c93-4bc8-bb5e-a666ffdae72e,2026-05-19,12,43.70,146.60,145.60,57.20,,20.33,0.390,30.00,37,173.00,4.40,6.55,3.88,1190.00,"{""imc"": ""Excelente"", ""rce"": ""Razoável"", ""abdo"": ""Muito Bom"", ""flex"": ""Razoável"", ""jump"": ""Muito Bom"", ""run6"": ""Bom"", ""mball"": ""Bom"", ""sprint"": ""Bom"", ""square"": ""Razoável""}",Indicadores de saúde estáveis. Continuar reforço de treinos funcionais e mobilidade.,,2026-06-19 09:12:14.107688+00,2026-06-19 20:55:38.136676+00,,,,t
fd82a3a0-48a0-4dba-899c-05509f174f18,07cc7290-5d3f-421b-a514-b21d6a683494,dc37698c-6cef-444b-b4e9-b87e83a8eff4,6496fb6b-7c93-4bc8-bb5e-a666ffdae72e,2025-09-19,10,41.60,144.00,144.00,57.50,,20.06,0.399,28.00,32,162.00,3.90,6.90,4.08,1080.00,"{""imc"": ""Excelente"", ""rce"": ""Razoável"", ""abdo"": ""Bom"", ""flex"": ""Muito Bom"", ""jump"": ""Bom"", ""run6"": ""Razoável"", ""mball"": ""Bom"", ""sprint"": ""Razoável"", ""square"": ""Fraco""}",Pequenas oscilações em provas de velocidade — focar trabalho técnico de saída e aceleração.,,2026-06-19 09:12:14.107688+00,2026-06-19 20:55:38.136676+00,,,,t
48122dfb-bd98-41b0-bed1-907087879391,07cc7290-5d3f-421b-a514-b21d6a683494,dc37698c-6cef-444b-b4e9-b87e83a8eff4,6496fb6b-7c93-4bc8-bb5e-a666ffdae72e,2026-01-19,11,42.80,144.80,144.80,57.10,,20.41,0.394,29.50,35,168.00,4.20,6.75,4.00,1140.00,"{""imc"": ""Excelente"", ""rce"": ""Razoável"", ""abdo"": ""Bom"", ""flex"": ""Muito Bom"", ""jump"": ""Bom"", ""run6"": ""Razoável"", ""mball"": ""Bom"", ""sprint"": ""Razoável"", ""square"": ""Fraco""}",Indicadores de saúde estáveis. Continuar reforço de treinos funcionais e mobilidade.,,2026-06-19 09:12:14.107688+00,2026-06-19 20:55:38.136676+00,,,,t
7c7ee922-528f-44cc-8193-68dffa21f18c,07cc7290-5d3f-421b-a514-b21d6a683494,dc37698c-6cef-444b-b4e9-b87e83a8eff4,6496fb6b-7c93-4bc8-bb5e-a666ffdae72e,2026-05-19,11,44.00,145.60,145.60,56.70,,20.76,0.389,31.00,38,174.00,4.50,6.60,3.92,1200.00,"{""imc"": ""Excelente"", ""rce"": ""Razoável"", ""abdo"": ""Muito Bom"", ""flex"": ""Muito Bom"", ""jump"": ""Muito Bom"", ""run6"": ""Bom"", ""mball"": ""Bom"", ""sprint"": ""Razoável"", ""square"": ""Fraco""}",Boa adesão ao programa. Sugere-se ampliar volume de corrida contínua para melhorar VO2.,,2026-06-19 09:12:14.107688+00,2026-06-19 20:55:38.136676+00,,,,t
80bb9f65-7318-44a0-bce9-b1b12aad28f0,07cc7290-5d3f-421b-a514-b21d6a683494,29747f52-1c33-46ff-83b8-7d014f0dc6c2,6496fb6b-7c93-4bc8-bb5e-a666ffdae72e,2025-09-19,12,47.90,152.00,153.00,61.50,,20.73,0.405,29.00,33,163.00,4.00,6.95,4.12,1090.00,"{""imc"": ""Excelente"", ""rce"": ""Excelente"", ""abdo"": ""Bom"", ""flex"": ""Razoável"", ""jump"": ""Muito Bom"", ""run6"": ""Razoável"", ""mball"": ""Bom"", ""sprint"": ""Razoável"", ""square"": ""Fraco""}",Indicadores de saúde estáveis. Continuar reforço de treinos funcionais e mobilidade.,,2026-06-19 09:12:14.107688+00,2026-06-19 20:55:38.136676+00,,,,t
58b1e0ac-df89-43c5-a4a0-ab3551153797,07cc7290-5d3f-421b-a514-b21d6a683494,29747f52-1c33-46ff-83b8-7d014f0dc6c2,6496fb6b-7c93-4bc8-bb5e-a666ffdae72e,2026-01-19,13,49.10,152.80,153.80,61.10,,21.03,0.400,30.50,36,169.00,4.30,6.80,4.04,1150.00,"{""imc"": ""Excelente"", ""rce"": ""Excelente"", ""abdo"": ""Bom"", ""flex"": ""Razoável"", ""jump"": ""Muito Bom"", ""run6"": ""Razoável"", ""mball"": ""Bom"", ""sprint"": ""Razoável"", ""square"": ""Fraco""}",Boa adesão ao programa. Sugere-se ampliar volume de corrida contínua para melhorar VO2.,,2026-06-19 09:12:14.107688+00,2026-06-19 20:55:38.136676+00,,,,t
35323c46-be0a-412f-84e6-9214b0dce05e,07cc7290-5d3f-421b-a514-b21d6a683494,29747f52-1c33-46ff-83b8-7d014f0dc6c2,6496fb6b-7c93-4bc8-bb5e-a666ffdae72e,2026-05-19,13,50.30,153.60,154.60,60.70,,21.32,0.395,32.00,39,175.00,4.60,6.65,3.96,1210.00,"{""imc"": ""Excelente"", ""rce"": ""Razoável"", ""abdo"": ""Muito Bom"", ""flex"": ""Razoável"", ""jump"": ""Muito Bom"", ""run6"": ""Bom"", ""mball"": ""Bom"", ""sprint"": ""Bom"", ""square"": ""Razoável""}",Atenção ao IMC: orientar família sobre hábitos alimentares e manter monitoramento trimestral.,,2026-06-19 09:12:14.107688+00,2026-06-19 20:55:38.136676+00,,,,t
ce104416-8e0c-4b88-85fd-f71afc5521fd,07cc7290-5d3f-421b-a514-b21d6a683494,9595797d-3609-4837-a554-305f8725f526,6496fb6b-7c93-4bc8-bb5e-a666ffdae72e,2025-09-19,13,54.20,158.00,160.00,62.50,,21.71,0.396,26.00,34,156.00,4.10,6.80,4.00,1100.00,"{""imc"": ""Excelente"", ""rce"": ""Razoável"", ""abdo"": ""Razoável"", ""flex"": ""Bom"", ""jump"": ""Razoável"", ""run6"": ""Fraco"", ""mball"": ""Razoável"", ""sprint"": ""Fraco"", ""square"": ""Muito Fraco""}",Boa adesão ao programa. Sugere-se ampliar volume de corrida contínua para melhorar VO2.,,2026-06-19 09:12:14.107688+00,2026-06-19 20:55:38.136676+00,,,,t
362a0fa3-b652-4a8e-afe7-879812a369e9,07cc7290-5d3f-421b-a514-b21d6a683494,9595797d-3609-4837-a554-305f8725f526,6496fb6b-7c93-4bc8-bb5e-a666ffdae72e,2026-01-19,13,55.40,158.80,160.80,62.10,,21.97,0.391,27.50,37,162.00,4.40,6.65,3.92,1160.00,"{""imc"": ""Excelente"", ""rce"": ""Razoável"", ""abdo"": ""Bom"", ""flex"": ""Bom"", ""jump"": ""Razoável"", ""run6"": ""Razoável"", ""mball"": ""Razoável"", ""sprint"": ""Razoável"", ""square"": ""Muito Fraco""}",Atenção ao IMC: orientar família sobre hábitos alimentares e manter monitoramento trimestral.,,2026-06-19 09:12:14.107688+00,2026-06-19 20:55:38.136676+00,,,,t
65486349-e1d7-4363-8576-7a3a70cf03c4,07cc7290-5d3f-421b-a514-b21d6a683494,9595797d-3609-4837-a554-305f8725f526,6496fb6b-7c93-4bc8-bb5e-a666ffdae72e,2026-05-19,14,56.60,159.60,161.60,61.70,,22.22,0.387,29.00,40,168.00,4.70,6.50,3.84,1220.00,"{""imc"": ""Excelente"", ""rce"": ""Razoável"", ""abdo"": ""Bom"", ""flex"": ""Bom"", ""jump"": ""Razoável"", ""run6"": ""Razoável"", ""mball"": ""Razoável"", ""sprint"": ""Razoável"", ""square"": ""Muito Fraco""}",Evolução excelente em potência de membros superiores (medicine ball). Manter treino com cargas progressivas.,,2026-06-19 09:12:14.107688+00,2026-06-19 20:55:38.136676+00,,,,t
70c3cc89-12dc-46f2-855e-c142155b28fb,07cc7290-5d3f-421b-a514-b21d6a683494,459e15ff-ef57-4648-ae1d-5b7a8f8c7479,6496fb6b-7c93-4bc8-bb5e-a666ffdae72e,2025-09-19,15,57.00,164.00,162.00,66.50,,21.19,0.405,27.00,30,157.00,3.70,6.85,4.04,1110.00,"{""imc"": ""Excelente"", ""rce"": ""Excelente"", ""abdo"": ""Razoável"", ""flex"": ""Fraco"", ""jump"": ""Bom"", ""run6"": ""Razoável"", ""mball"": ""Razoável"", ""sprint"": ""Razoável"", ""square"": ""Fraco""}",Atenção ao IMC: orientar família sobre hábitos alimentares e manter monitoramento trimestral.,,2026-06-19 09:12:14.107688+00,2026-06-19 20:55:38.136676+00,,,,t
db07d72f-fc17-4aac-8daa-c6945c9f03a7,07cc7290-5d3f-421b-a514-b21d6a683494,459e15ff-ef57-4648-ae1d-5b7a8f8c7479,6496fb6b-7c93-4bc8-bb5e-a666ffdae72e,2026-01-19,15,58.20,164.80,162.80,66.10,,21.43,0.401,28.50,33,163.00,4.00,6.70,3.96,1170.00,"{""imc"": ""Excelente"", ""rce"": ""Excelente"", ""abdo"": ""Bom"", ""flex"": ""Fraco"", ""jump"": ""Bom"", ""run6"": ""Bom"", ""mball"": ""Razoável"", ""sprint"": ""Bom"", ""square"": ""Fraco""}",Evolução excelente em potência de membros superiores (medicine ball). Manter treino com cargas progressivas.,,2026-06-19 09:12:14.107688+00,2026-06-19 20:55:38.136676+00,,,,t
752dbfab-5ed6-4bbb-abff-093998ac9602,07cc7290-5d3f-421b-a514-b21d6a683494,459e15ff-ef57-4648-ae1d-5b7a8f8c7479,6496fb6b-7c93-4bc8-bb5e-a666ffdae72e,2026-05-19,16,59.40,165.60,163.60,65.70,,21.66,0.397,30.00,36,169.00,4.30,6.55,3.88,1230.00,"{""imc"": ""Excelente"", ""rce"": ""Razoável"", ""abdo"": ""Bom"", ""flex"": ""Fraco"", ""jump"": ""Bom"", ""run6"": ""Bom"", ""mball"": ""Razoável"", ""sprint"": ""Bom"", ""square"": ""Fraco""}",Resultados em flexibilidade abaixo da meta — incluir rotina de alongamento ativo nas aulas.,,2026-06-19 09:12:14.107688+00,2026-06-19 20:55:38.136676+00,,,,t
38cb6378-c963-4804-a2e9-e7750270703a,07cc7290-5d3f-421b-a514-b21d6a683494,5e8b797b-6dd5-4f2b-a752-2c43ac11bec3,6496fb6b-7c93-4bc8-bb5e-a666ffdae72e,2025-09-19,15,65.30,172.00,171.00,67.50,,22.07,0.392,28.00,31,158.00,3.80,6.90,4.08,1120.00,"{""imc"": ""Excelente"", ""rce"": ""Razoável"", ""abdo"": ""Fraco"", ""flex"": ""Bom"", ""jump"": ""Muito Fraco"", ""run6"": ""Fraco"", ""mball"": ""Muito Fraco"", ""sprint"": ""Fraco"", ""square"": ""Muito Fraco""}",Evolução excelente em potência de membros superiores (medicine ball). Manter treino com cargas progressivas.,,2026-06-19 09:12:14.107688+00,2026-06-19 20:55:38.136676+00,,,,t
e61e1884-c7bc-41f2-a851-86428658576a,07cc7290-5d3f-421b-a514-b21d6a683494,5e8b797b-6dd5-4f2b-a752-2c43ac11bec3,6496fb6b-7c93-4bc8-bb5e-a666ffdae72e,2026-01-19,15,66.50,172.80,171.80,67.10,,22.27,0.388,29.50,34,164.00,4.10,6.75,4.00,1180.00,"{""imc"": ""Excelente"", ""rce"": ""Razoável"", ""abdo"": ""Razoável"", ""flex"": ""Bom"", ""jump"": ""Fraco"", ""run6"": ""Fraco"", ""mball"": ""Fraco"", ""sprint"": ""Fraco"", ""square"": ""Muito Fraco""}",Resultados em flexibilidade abaixo da meta — incluir rotina de alongamento ativo nas aulas.,,2026-06-19 09:12:14.107688+00,2026-06-19 20:55:38.136676+00,,,,t
a66b2b5e-ce50-4018-ada5-34056e2f1f2e,07cc7290-5d3f-421b-a514-b21d6a683494,5e8b797b-6dd5-4f2b-a752-2c43ac11bec3,6496fb6b-7c93-4bc8-bb5e-a666ffdae72e,2026-05-19,16,67.70,173.60,172.60,66.70,,22.46,0.384,31.00,37,170.00,4.40,6.60,3.92,1240.00,"{""imc"": ""Excelente"", ""rce"": ""Razoável"", ""abdo"": ""Razoável"", ""flex"": ""Bom"", ""jump"": ""Muito Fraco"", ""run6"": ""Fraco"", ""mball"": ""Fraco"", ""sprint"": ""Fraco"", ""square"": ""Muito Fraco""}",Perfil de baixo risco. Recomenda-se participação em modalidades coletivas para socialização.,,2026-06-19 09:12:14.107688+00,2026-06-19 20:55:38.136676+00,,,,t
feeff85d-a743-46f7-9abf-9216d8d2bf83,07cc7290-5d3f-421b-a514-b21d6a683494,13b51b2c-b337-4d5d-890e-247e96495faa,6496fb6b-7c93-4bc8-bb5e-a666ffdae72e,2025-09-19,17,58.60,176.00,176.00,71.50,,18.92,0.406,29.00,32,159.00,3.90,6.95,4.12,1040.00,"{""imc"": ""Excelente"", ""rce"": ""Excelente"", ""abdo"": ""Razoável"", ""flex"": ""Fraco"", ""jump"": ""Razoável"", ""run6"": ""Razoável"", ""mball"": ""Razoável"", ""sprint"": ""Razoável"", ""square"": ""Muito Fraco""}",Resultados em flexibilidade abaixo da meta — incluir rotina de alongamento ativo nas aulas.,,2026-06-19 09:12:14.107688+00,2026-06-19 20:55:38.136676+00,,,,t
464f34b0-9752-4b7a-b8a0-091fcfc742b4,07cc7290-5d3f-421b-a514-b21d6a683494,13b51b2c-b337-4d5d-890e-247e96495faa,6496fb6b-7c93-4bc8-bb5e-a666ffdae72e,2026-01-19,17,59.80,176.80,176.80,71.10,,19.13,0.402,30.50,35,165.00,4.20,6.80,4.04,1100.00,"{""imc"": ""Excelente"", ""rce"": ""Excelente"", ""abdo"": ""Bom"", ""flex"": ""Fraco"", ""jump"": ""Bom"", ""run6"": ""Razoável"", ""mball"": ""Razoável"", ""sprint"": ""Razoável"", ""square"": ""Fraco""}",Perfil de baixo risco. Recomenda-se participação em modalidades coletivas para socialização.,,2026-06-19 09:12:14.107688+00,2026-06-19 20:55:38.136676+00,,,,t
e68fac42-1aea-48eb-bf32-a662525e2649,07cc7290-5d3f-421b-a514-b21d6a683494,13b51b2c-b337-4d5d-890e-247e96495faa,6496fb6b-7c93-4bc8-bb5e-a666ffdae72e,2026-05-19,18,61.00,177.60,177.60,70.70,,19.34,0.398,32.00,38,171.00,4.50,6.65,3.96,1160.00,"{""imc"": ""Excelente"", ""rce"": ""Razoável"", ""abdo"": ""Bom"", ""flex"": ""Razoável"", ""jump"": ""Bom"", ""run6"": ""Bom"", ""mball"": ""Razoável"", ""sprint"": ""Bom"", ""square"": ""Fraco""}",Aluno demonstra evolução consistente em força e resistência cardiorrespiratória. Recomenda-se manter periodização atual.,,2026-06-19 09:12:14.107688+00,2026-06-19 20:55:38.136676+00,,,,t
5f6f64cb-8b2c-4c83-b07f-1797562f28c6,07cc7290-5d3f-421b-a514-b21d6a683494,3ec0add0-4eb6-4523-8315-b423cdcc1123,6496fb6b-7c93-4bc8-bb5e-a666ffdae72e,2025-09-19,10,33.90,137.00,138.00,55.00,,18.06,0.401,26.00,33,160.00,4.00,6.80,4.00,1050.00,"{""imc"": ""Excelente"", ""rce"": ""Excelente"", ""abdo"": ""Bom"", ""flex"": ""Bom"", ""jump"": ""Bom"", ""run6"": ""Razoável"", ""mball"": ""Bom"", ""sprint"": ""Razoável"", ""square"": ""Fraco""}",Perfil de baixo risco. Recomenda-se participação em modalidades coletivas para socialização.,,2026-06-19 09:12:14.107688+00,2026-06-19 20:55:38.136676+00,,,,t
b981a62d-01e5-45e0-b82b-75c5c9a7ba55,07cc7290-5d3f-421b-a514-b21d6a683494,3ec0add0-4eb6-4523-8315-b423cdcc1123,6496fb6b-7c93-4bc8-bb5e-a666ffdae72e,2026-01-19,10,35.10,137.80,138.80,54.60,,18.48,0.396,27.50,36,166.00,4.30,6.65,3.92,1110.00,"{""imc"": ""Excelente"", ""rce"": ""Razoável"", ""abdo"": ""Muito Bom"", ""flex"": ""Muito Bom"", ""jump"": ""Muito Bom"", ""run6"": ""Bom"", ""mball"": ""Bom"", ""sprint"": ""Bom"", ""square"": ""Razoável""}",Aluno demonstra evolução consistente em força e resistência cardiorrespiratória. Recomenda-se manter periodização atual.,,2026-06-19 09:12:14.107688+00,2026-06-19 20:55:38.136676+00,,,,t
e491db03-291a-4949-bb03-9f4cd0851aec,07cc7290-5d3f-421b-a514-b21d6a683494,3ec0add0-4eb6-4523-8315-b423cdcc1123,6496fb6b-7c93-4bc8-bb5e-a666ffdae72e,2026-05-19,11,36.30,138.60,139.60,54.20,,18.90,0.391,29.00,39,172.00,4.60,6.50,3.84,1170.00,"{""imc"": ""Excelente"", ""rce"": ""Razoável"", ""abdo"": ""Muito Bom"", ""flex"": ""Muito Bom"", ""jump"": ""Muito Bom"", ""run6"": ""Bom"", ""mball"": ""Bom"", ""sprint"": ""Bom"", ""square"": ""Fraco""}",Composição corporal dentro do esperado para idade. Boa progressão na flexibilidade e potência de membros inferiores.,,2026-06-19 09:12:14.107688+00,2026-06-19 20:55:38.136676+00,,,,t
0a6105e1-380c-4e0f-af12-cb723335b577,07cc7290-5d3f-421b-a514-b21d6a683494,84b1b850-e533-41af-810a-037bcf50b1f7,6496fb6b-7c93-4bc8-bb5e-a666ffdae72e,2025-09-19,11,37.20,141.00,143.00,57.50,,18.71,0.408,27.00,34,161.00,4.10,6.85,4.04,1060.00,"{""imc"": ""Excelente"", ""rce"": ""Excelente"", ""abdo"": ""Bom"", ""flex"": ""Razoável"", ""jump"": ""Muito Bom"", ""run6"": ""Razoável"", ""mball"": ""Bom"", ""sprint"": ""Bom"", ""square"": ""Razoável""}",Aluno demonstra evolução consistente em força e resistência cardiorrespiratória. Recomenda-se manter periodização atual.,,2026-06-19 09:12:14.107688+00,2026-06-19 20:55:38.136676+00,,,,t
a65002e1-c009-412c-aa3b-f5d8b80f1a02,07cc7290-5d3f-421b-a514-b21d6a683494,84b1b850-e533-41af-810a-037bcf50b1f7,6496fb6b-7c93-4bc8-bb5e-a666ffdae72e,2026-01-19,11,38.40,141.80,143.80,57.10,,19.10,0.403,28.50,37,167.00,4.40,6.70,3.96,1120.00,"{""imc"": ""Excelente"", ""rce"": ""Excelente"", ""abdo"": ""Muito Bom"", ""flex"": ""Razoável"", ""jump"": ""Muito Bom"", ""run6"": ""Bom"", ""mball"": ""Muito Bom"", ""sprint"": ""Bom"", ""square"": ""Razoável""}",Composição corporal dentro do esperado para idade. Boa progressão na flexibilidade e potência de membros inferiores.,,2026-06-19 09:12:14.107688+00,2026-06-19 20:55:38.136676+00,,,,t
abe06ff5-1ced-4fb7-91d3-f0a53dcd87ef,07cc7290-5d3f-421b-a514-b21d6a683494,84b1b850-e533-41af-810a-037bcf50b1f7,6496fb6b-7c93-4bc8-bb5e-a666ffdae72e,2026-05-19,11,39.60,142.60,144.60,56.70,,19.47,0.398,30.00,40,173.00,4.70,6.55,3.88,1180.00,"{""imc"": ""Excelente"", ""rce"": ""Razoável"", ""abdo"": ""Muito Bom"", ""flex"": ""Razoável"", ""jump"": ""Excelente"", ""run6"": ""Bom"", ""mball"": ""Muito Bom"", ""sprint"": ""Muito Bom"", ""square"": ""Razoável""}",Performance acima da média da turma. Indicado encaminhamento para grupo de alto rendimento.,,2026-06-19 09:12:14.107688+00,2026-06-19 20:55:38.136676+00,,,,t
dd23affb-8187-4cba-923e-99cddd8f9a0d,07cc7290-5d3f-421b-a514-b21d6a683494,433d640c-52ed-4b1e-82cf-656ceb84eef9,6496fb6b-7c93-4bc8-bb5e-a666ffdae72e,2025-09-19,11,40.00,145.00,143.00,58.50,,19.02,0.403,28.00,30,162.00,3.70,6.90,4.08,1070.00,"{""imc"": ""Excelente"", ""rce"": ""Excelente"", ""abdo"": ""Razoável"", ""flex"": ""Bom"", ""jump"": ""Bom"", ""run6"": ""Razoável"", ""mball"": ""Razoável"", ""sprint"": ""Razoável"", ""square"": ""Fraco""}",Composição corporal dentro do esperado para idade. Boa progressão na flexibilidade e potência de membros inferiores.,,2026-06-19 09:12:14.107688+00,2026-06-19 20:55:38.136676+00,,,,t
994ba62b-ed61-453f-8e8b-e41357e7445f,07cc7290-5d3f-421b-a514-b21d6a683494,433d640c-52ed-4b1e-82cf-656ceb84eef9,6496fb6b-7c93-4bc8-bb5e-a666ffdae72e,2026-01-19,11,41.20,145.80,143.80,58.10,,19.38,0.398,29.50,33,168.00,4.00,6.75,4.00,1130.00,"{""imc"": ""Excelente"", ""rce"": ""Razoável"", ""abdo"": ""Bom"", ""flex"": ""Muito Bom"", ""jump"": ""Bom"", ""run6"": ""Razoável"", ""mball"": ""Razoável"", ""sprint"": ""Razoável"", ""square"": ""Fraco""}",Performance acima da média da turma. Indicado encaminhamento para grupo de alto rendimento.,,2026-06-19 09:12:14.107688+00,2026-06-19 20:55:38.136676+00,,,,t
ed5d7d8c-05be-442e-808a-fa02ccb18e33,07cc7290-5d3f-421b-a514-b21d6a683494,433d640c-52ed-4b1e-82cf-656ceb84eef9,6496fb6b-7c93-4bc8-bb5e-a666ffdae72e,2026-05-19,11,42.40,146.60,144.60,57.70,,19.73,0.394,31.00,36,174.00,4.30,6.60,3.92,1190.00,"{""imc"": ""Excelente"", ""rce"": ""Razoável"", ""abdo"": ""Bom"", ""flex"": ""Muito Bom"", ""jump"": ""Muito Bom"", ""run6"": ""Bom"", ""mball"": ""Bom"", ""sprint"": ""Razoável"", ""square"": ""Fraco""}",Pequenas oscilações em provas de velocidade — focar trabalho técnico de saída e aceleração.,,2026-06-19 09:12:14.107688+00,2026-06-19 20:55:38.136676+00,,,,t
62b0b74a-2302-4b59-9dce-c3c127dd7660,07cc7290-5d3f-421b-a514-b21d6a683494,4a6c031a-e212-4d18-9260-338b7a1736ea,6496fb6b-7c93-4bc8-bb5e-a666ffdae72e,2025-09-19,12,42.30,148.00,147.00,61.00,,19.31,0.412,29.00,31,163.00,3.80,6.95,4.12,1080.00,"{""imc"": ""Excelente"", ""rce"": ""Excelente"", ""abdo"": ""Bom"", ""flex"": ""Razoável"", ""jump"": ""Muito Bom"", ""run6"": ""Razoável"", ""mball"": ""Bom"", ""sprint"": ""Razoável"", ""square"": ""Fraco""}",Performance acima da média da turma. Indicado encaminhamento para grupo de alto rendimento.,,2026-06-19 09:12:14.107688+00,2026-06-19 20:55:38.136676+00,,,,t
41da1dd6-f692-4f87-9838-fde1ac63fd6b,07cc7290-5d3f-421b-a514-b21d6a683494,4a6c031a-e212-4d18-9260-338b7a1736ea,6496fb6b-7c93-4bc8-bb5e-a666ffdae72e,2026-01-19,12,43.50,148.80,147.80,60.60,,19.65,0.407,30.50,34,169.00,4.10,6.80,4.04,1140.00,"{""imc"": ""Excelente"", ""rce"": ""Excelente"", ""abdo"": ""Bom"", ""flex"": ""Razoável"", ""jump"": ""Muito Bom"", ""run6"": ""Razoável"", ""mball"": ""Bom"", ""sprint"": ""Bom"", ""square"": ""Fraco""}",Pequenas oscilações em provas de velocidade — focar trabalho técnico de saída e aceleração.,,2026-06-19 09:12:14.107688+00,2026-06-19 20:55:38.136676+00,,,,t
1326ff87-aa44-4b10-9259-de1dd7717a30,07cc7290-5d3f-421b-a514-b21d6a683494,4a6c031a-e212-4d18-9260-338b7a1736ea,6496fb6b-7c93-4bc8-bb5e-a666ffdae72e,2026-05-19,12,44.70,149.60,148.60,60.20,,19.97,0.402,32.00,37,175.00,4.40,6.65,3.96,1200.00,"{""imc"": ""Excelente"", ""rce"": ""Excelente"", ""abdo"": ""Muito Bom"", ""flex"": ""Bom"", ""jump"": ""Muito Bom"", ""run6"": ""Bom"", ""mball"": ""Bom"", ""sprint"": ""Bom"", ""square"": ""Razoável""}",Indicadores de saúde estáveis. Continuar reforço de treinos funcionais e mobilidade.,,2026-06-19 09:12:14.107688+00,2026-06-19 20:55:38.136676+00,,,,t
c59540c7-5604-4623-a2db-663782b5a8e9,07cc7290-5d3f-421b-a514-b21d6a683494,6cdf3eab-870b-4f6b-8864-82b65e1fd3ad,6496fb6b-7c93-4bc8-bb5e-a666ffdae72e,2025-09-19,12,47.60,153.00,153.00,62.00,,20.33,0.405,26.00,32,156.00,3.90,6.80,4.00,1090.00,"{""imc"": ""Excelente"", ""rce"": ""Excelente"", ""abdo"": ""Razoável"", ""flex"": ""Bom"", ""jump"": ""Razoável"", ""run6"": ""Razoável"", ""mball"": ""Razoável"", ""sprint"": ""Razoável"", ""square"": ""Muito Fraco""}",Pequenas oscilações em provas de velocidade — focar trabalho técnico de saída e aceleração.,,2026-06-19 09:12:14.107688+00,2026-06-19 20:55:38.136676+00,,,,t
eb056f61-475a-403c-a181-a91d432b7898,07cc7290-5d3f-421b-a514-b21d6a683494,6cdf3eab-870b-4f6b-8864-82b65e1fd3ad,6496fb6b-7c93-4bc8-bb5e-a666ffdae72e,2026-01-19,12,48.80,153.80,153.80,61.60,,20.63,0.401,27.50,35,162.00,4.20,6.65,3.92,1150.00,"{""imc"": ""Excelente"", ""rce"": ""Excelente"", ""abdo"": ""Bom"", ""flex"": ""Bom"", ""jump"": ""Bom"", ""run6"": ""Razoável"", ""mball"": ""Razoável"", ""sprint"": ""Razoável"", ""square"": ""Fraco""}",Indicadores de saúde estáveis. Continuar reforço de treinos funcionais e mobilidade.,,2026-06-19 09:12:14.107688+00,2026-06-19 20:55:38.136676+00,,,,t
8eec5146-2a94-42c4-a2af-02b959df6403,07cc7290-5d3f-421b-a514-b21d6a683494,6cdf3eab-870b-4f6b-8864-82b65e1fd3ad,6496fb6b-7c93-4bc8-bb5e-a666ffdae72e,2026-05-19,12,50.00,154.60,154.60,61.20,,20.92,0.396,29.00,38,168.00,4.50,6.50,3.84,1210.00,"{""imc"": ""Excelente"", ""rce"": ""Razoável"", ""abdo"": ""Bom"", ""flex"": ""Muito Bom"", ""jump"": ""Bom"", ""run6"": ""Bom"", ""mball"": ""Bom"", ""sprint"": ""Razoável"", ""square"": ""Fraco""}",Boa adesão ao programa. Sugere-se ampliar volume de corrida contínua para melhorar VO2.,,2026-06-19 09:12:14.107688+00,2026-06-19 20:55:38.136676+00,,,,t
8a831193-5b66-485f-9270-21ccb05b06d5,07cc7290-5d3f-421b-a514-b21d6a683494,a76695c8-db6c-471a-9674-d08ed4ac1473,6496fb6b-7c93-4bc8-bb5e-a666ffdae72e,2025-09-19,13,52.90,160.00,161.00,66.00,,20.66,0.413,27.00,33,157.00,4.00,6.85,4.04,1100.00,"{""imc"": ""Excelente"", ""rce"": ""Excelente"", ""abdo"": ""Bom"", ""flex"": ""Fraco"", ""jump"": ""Bom"", ""run6"": ""Razoável"", ""mball"": ""Bom"", ""sprint"": ""Razoável"", ""square"": ""Fraco""}",Indicadores de saúde estáveis. Continuar reforço de treinos funcionais e mobilidade.,,2026-06-19 09:12:14.107688+00,2026-06-19 20:55:38.136676+00,,,,t
4d2c2da6-145d-45c6-8bc2-f8561f5b6751,07cc7290-5d3f-421b-a514-b21d6a683494,a76695c8-db6c-471a-9674-d08ed4ac1473,6496fb6b-7c93-4bc8-bb5e-a666ffdae72e,2026-01-19,14,54.10,160.80,161.80,65.60,,20.92,0.408,28.50,36,163.00,4.30,6.70,3.96,1160.00,"{""imc"": ""Excelente"", ""rce"": ""Excelente"", ""abdo"": ""Bom"", ""flex"": ""Razoável"", ""jump"": ""Bom"", ""run6"": ""Bom"", ""mball"": ""Bom"", ""sprint"": ""Bom"", ""square"": ""Fraco""}",Boa adesão ao programa. Sugere-se ampliar volume de corrida contínua para melhorar VO2.,,2026-06-19 09:12:14.107688+00,2026-06-19 20:55:38.136676+00,,,,t
3fc3c379-5d2d-4f7e-8335-2e3e1b2832c4,07cc7290-5d3f-421b-a514-b21d6a683494,a76695c8-db6c-471a-9674-d08ed4ac1473,6496fb6b-7c93-4bc8-bb5e-a666ffdae72e,2026-05-19,14,55.30,161.60,162.60,65.20,,21.18,0.403,30.00,39,169.00,4.60,6.55,3.88,1220.00,"{""imc"": ""Excelente"", ""rce"": ""Excelente"", ""abdo"": ""Muito Bom"", ""flex"": ""Razoável"", ""jump"": ""Bom"", ""run6"": ""Bom"", ""mball"": ""Bom"", ""sprint"": ""Bom"", ""square"": ""Razoável""}",Atenção ao IMC: orientar família sobre hábitos alimentares e manter monitoramento trimestral.,,2026-06-19 09:12:14.107688+00,2026-06-19 20:55:38.136676+00,,,,t
40d02153-3213-4c34-be65-e8b2cdee4441,07cc7290-5d3f-421b-a514-b21d6a683494,b3e0cca2-6925-4fb8-a3c0-ba772f785192,6496fb6b-7c93-4bc8-bb5e-a666ffdae72e,2025-09-19,13,60.20,167.00,169.00,67.00,,21.59,0.401,28.00,34,158.00,4.10,6.90,4.08,1110.00,"{""imc"": ""Excelente"", ""rce"": ""Excelente"", ""abdo"": ""Razoável"", ""flex"": ""Bom"", ""jump"": ""Razoável"", ""run6"": ""Razoável"", ""mball"": ""Razoável"", ""sprint"": ""Fraco"", ""square"": ""Muito Fraco""}",Boa adesão ao programa. Sugere-se ampliar volume de corrida contínua para melhorar VO2.,,2026-06-19 09:12:14.107688+00,2026-06-19 20:55:38.136676+00,,,,t
2e60bca3-059e-4a70-9e84-c2455bc35083,07cc7290-5d3f-421b-a514-b21d6a683494,b3e0cca2-6925-4fb8-a3c0-ba772f785192,6496fb6b-7c93-4bc8-bb5e-a666ffdae72e,2026-01-19,14,61.40,167.80,169.80,66.60,,21.81,0.397,29.50,37,164.00,4.40,6.75,4.00,1170.00,"{""imc"": ""Excelente"", ""rce"": ""Razoável"", ""abdo"": ""Bom"", ""flex"": ""Bom"", ""jump"": ""Fraco"", ""run6"": ""Razoável"", ""mball"": ""Razoável"", ""sprint"": ""Fraco"", ""square"": ""Muito Fraco""}",Atenção ao IMC: orientar família sobre hábitos alimentares e manter monitoramento trimestral.,,2026-06-19 09:12:14.107688+00,2026-06-19 20:55:38.136676+00,,,,t
bceadee8-bad2-469c-b0e3-efbe3564e1af,07cc7290-5d3f-421b-a514-b21d6a683494,b3e0cca2-6925-4fb8-a3c0-ba772f785192,6496fb6b-7c93-4bc8-bb5e-a666ffdae72e,2026-05-19,14,62.60,168.60,170.60,66.20,,22.02,0.393,31.00,40,170.00,4.70,6.60,3.92,1230.00,"{""imc"": ""Excelente"", ""rce"": ""Razoável"", ""abdo"": ""Bom"", ""flex"": ""Muito Bom"", ""jump"": ""Razoável"", ""run6"": ""Razoável"", ""mball"": ""Razoável"", ""sprint"": ""Fraco"", ""square"": ""Muito Fraco""}",Evolução excelente em potência de membros superiores (medicine ball). Manter treino com cargas progressivas.,,2026-06-19 09:12:14.107688+00,2026-06-19 20:55:38.136676+00,,,,t
04f11616-2308-4cb4-ad72-45bb14209f4e,07cc7290-5d3f-421b-a514-b21d6a683494,ef901dd1-4420-4190-b193-3843523978aa,6496fb6b-7c93-4bc8-bb5e-a666ffdae72e,2025-09-19,15,62.00,165.00,163.00,64.00,,22.77,0.388,29.00,30,159.00,3.70,6.95,4.12,1120.00,"{""imc"": ""Razoável"", ""rce"": ""Razoável"", ""abdo"": ""Razoável"", ""flex"": ""Fraco"", ""jump"": ""Bom"", ""run6"": ""Razoável"", ""mball"": ""Razoável"", ""sprint"": ""Razoável"", ""square"": ""Fraco""}",Atenção ao IMC: orientar família sobre hábitos alimentares e manter monitoramento trimestral.,,2026-06-19 09:12:14.107688+00,2026-06-19 20:55:38.136676+00,,,,t
d73d632c-bac6-4dae-b7e8-6be4f2a36bf5,07cc7290-5d3f-421b-a514-b21d6a683494,ef901dd1-4420-4190-b193-3843523978aa,6496fb6b-7c93-4bc8-bb5e-a666ffdae72e,2026-01-19,16,63.20,165.80,163.80,63.60,,22.99,0.384,30.50,33,165.00,4.00,6.80,4.04,1180.00,"{""imc"": ""Razoável"", ""rce"": ""Razoável"", ""abdo"": ""Bom"", ""flex"": ""Razoável"", ""jump"": ""Bom"", ""run6"": ""Bom"", ""mball"": ""Razoável"", ""sprint"": ""Razoável"", ""square"": ""Fraco""}",Evolução excelente em potência de membros superiores (medicine ball). Manter treino com cargas progressivas.,,2026-06-19 09:12:14.107688+00,2026-06-19 20:55:38.136676+00,,,,t
9f3c0b4f-d278-4863-bf03-420439ce5ca0,07cc7290-5d3f-421b-a514-b21d6a683494,ef901dd1-4420-4190-b193-3843523978aa,6496fb6b-7c93-4bc8-bb5e-a666ffdae72e,2026-05-19,16,64.40,166.60,164.60,63.20,,23.20,0.379,32.00,36,171.00,4.30,6.65,3.96,1240.00,"{""imc"": ""Razoável"", ""rce"": ""Razoável"", ""abdo"": ""Bom"", ""flex"": ""Razoável"", ""jump"": ""Bom"", ""run6"": ""Bom"", ""mball"": ""Razoável"", ""sprint"": ""Bom"", ""square"": ""Fraco""}",Resultados em flexibilidade abaixo da meta — incluir rotina de alongamento ativo nas aulas.,,2026-06-19 09:12:14.107688+00,2026-06-19 20:55:38.136676+00,,,,t
17d03840-b334-4121-ad4d-26737b35b885,07cc7290-5d3f-421b-a514-b21d6a683494,f730b9e2-2e3e-4053-9c87-300dad90f6b3,6496fb6b-7c93-4bc8-bb5e-a666ffdae72e,2025-09-19,16,62.30,174.00,173.00,65.00,,20.58,0.374,26.00,31,160.00,3.80,6.80,4.00,1040.00,"{""imc"": ""Excelente"", ""rce"": ""Razoável"", ""abdo"": ""Fraco"", ""flex"": ""Razoável"", ""jump"": ""Muito Fraco"", ""run6"": ""Muito Fraco"", ""mball"": ""Muito Fraco"", ""sprint"": ""Muito Fraco"", ""square"": ""Muito Fraco""}",Evolução excelente em potência de membros superiores (medicine ball). Manter treino com cargas progressivas.,,2026-06-19 09:12:14.107688+00,2026-06-19 20:55:38.136676+00,,,,t
a409fbb7-7016-4480-89e7-4e93d2d65c9c,07cc7290-5d3f-421b-a514-b21d6a683494,f730b9e2-2e3e-4053-9c87-300dad90f6b3,6496fb6b-7c93-4bc8-bb5e-a666ffdae72e,2026-01-19,17,63.50,174.80,173.80,64.60,,20.78,0.370,27.50,34,166.00,4.10,6.65,3.92,1100.00,"{""imc"": ""Excelente"", ""rce"": ""Razoável"", ""abdo"": ""Fraco"", ""flex"": ""Razoável"", ""jump"": ""Muito Fraco"", ""run6"": ""Muito Fraco"", ""mball"": ""Muito Fraco"", ""sprint"": ""Fraco"", ""square"": ""Muito Fraco""}",Resultados em flexibilidade abaixo da meta — incluir rotina de alongamento ativo nas aulas.,,2026-06-19 09:12:14.107688+00,2026-06-19 20:55:38.136676+00,,,,t
87e76dbc-8fff-4286-9fea-984f850949a6,07cc7290-5d3f-421b-a514-b21d6a683494,f730b9e2-2e3e-4053-9c87-300dad90f6b3,6496fb6b-7c93-4bc8-bb5e-a666ffdae72e,2026-05-19,17,64.70,175.60,174.60,64.20,,20.98,0.366,29.00,37,172.00,4.40,6.50,3.84,1160.00,"{""imc"": ""Excelente"", ""rce"": ""Razoável"", ""abdo"": ""Razoável"", ""flex"": ""Razoável"", ""jump"": ""Muito Fraco"", ""run6"": ""Fraco"", ""mball"": ""Fraco"", ""sprint"": ""Fraco"", ""square"": ""Muito Fraco""}",Perfil de baixo risco. Recomenda-se participação em modalidades coletivas para socialização.,,2026-06-19 09:12:14.107688+00,2026-06-19 20:55:38.136676+00,,,,t
52377573-fea1-4127-b173-98664cbaa8ae,07cc7290-5d3f-421b-a514-b21d6a683494,8aba7c62-c14e-4f84-969d-8a6ad4a1ea31,6496fb6b-7c93-4bc8-bb5e-a666ffdae72e,2025-09-19,11,35.60,142.00,142.00,58.50,,17.66,0.412,27.00,32,161.00,3.90,6.85,4.04,1050.00,"{""imc"": ""Excelente"", ""rce"": ""Excelente"", ""abdo"": ""Bom"", ""flex"": ""Razoável"", ""jump"": ""Muito Bom"", ""run6"": ""Razoável"", ""mball"": ""Bom"", ""sprint"": ""Bom"", ""square"": ""Razoável""}",Resultados em flexibilidade abaixo da meta — incluir rotina de alongamento ativo nas aulas.,,2026-06-19 09:12:14.107688+00,2026-06-19 20:55:38.136676+00,,,,t
a7f58394-5c89-42e0-b7b4-5e5c6a373b7f,07cc7290-5d3f-421b-a514-b21d6a683494,8aba7c62-c14e-4f84-969d-8a6ad4a1ea31,6496fb6b-7c93-4bc8-bb5e-a666ffdae72e,2026-01-19,11,36.80,142.80,142.80,58.10,,18.05,0.407,28.50,35,167.00,4.20,6.70,3.96,1110.00,"{""imc"": ""Excelente"", ""rce"": ""Excelente"", ""abdo"": ""Muito Bom"", ""flex"": ""Razoável"", ""jump"": ""Muito Bom"", ""run6"": ""Bom"", ""mball"": ""Bom"", ""sprint"": ""Bom"", ""square"": ""Razoável""}",Perfil de baixo risco. Recomenda-se participação em modalidades coletivas para socialização.,,2026-06-19 09:12:14.107688+00,2026-06-19 20:55:38.136676+00,,,,t
303f45a1-a8e0-4d5f-b811-352ffe134e97,07cc7290-5d3f-421b-a514-b21d6a683494,8aba7c62-c14e-4f84-969d-8a6ad4a1ea31,6496fb6b-7c93-4bc8-bb5e-a666ffdae72e,2026-05-19,12,38.00,143.60,143.60,57.70,,18.43,0.402,30.00,38,173.00,4.50,6.55,3.88,1170.00,"{""imc"": ""Excelente"", ""rce"": ""Excelente"", ""abdo"": ""Muito Bom"", ""flex"": ""Razoável"", ""jump"": ""Muito Bom"", ""run6"": ""Bom"", ""mball"": ""Bom"", ""sprint"": ""Bom"", ""square"": ""Razoável""}",Aluno demonstra evolução consistente em força e resistência cardiorrespiratória. Recomenda-se manter periodização atual.,,2026-06-19 09:12:14.107688+00,2026-06-19 20:55:38.136676+00,,,,t
e492fdef-c017-456c-b52b-47b3e106ea87,07cc7290-5d3f-421b-a514-b21d6a683494,e0cde261-5316-4914-9d71-21fed431f571,6496fb6b-7c93-4bc8-bb5e-a666ffdae72e,2025-09-19,10,34.90,140.00,141.00,58.00,,17.81,0.414,28.00,33,162.00,4.00,6.90,4.08,1060.00,"{""imc"": ""Excelente"", ""rce"": ""Excelente"", ""abdo"": ""Bom"", ""flex"": ""Muito Bom"", ""jump"": ""Bom"", ""run6"": ""Razoável"", ""mball"": ""Bom"", ""sprint"": ""Razoável"", ""square"": ""Fraco""}",Perfil de baixo risco. Recomenda-se participação em modalidades coletivas para socialização.,,2026-06-19 09:12:14.107688+00,2026-06-19 20:55:38.136676+00,,,,t
9084a853-9204-4f20-90d6-a8a665d827d9,07cc7290-5d3f-421b-a514-b21d6a683494,e0cde261-5316-4914-9d71-21fed431f571,6496fb6b-7c93-4bc8-bb5e-a666ffdae72e,2026-01-19,10,36.10,140.80,141.80,57.60,,18.21,0.409,29.50,36,168.00,4.30,6.75,4.00,1120.00,"{""imc"": ""Excelente"", ""rce"": ""Excelente"", ""abdo"": ""Muito Bom"", ""flex"": ""Muito Bom"", ""jump"": ""Muito Bom"", ""run6"": ""Bom"", ""mball"": ""Bom"", ""sprint"": ""Razoável"", ""square"": ""Fraco""}",Aluno demonstra evolução consistente em força e resistência cardiorrespiratória. Recomenda-se manter periodização atual.,,2026-06-19 09:12:14.107688+00,2026-06-19 20:55:38.136676+00,,,,t
2633a7d6-47c9-4185-ad63-5ee822856fa8,07cc7290-5d3f-421b-a514-b21d6a683494,e0cde261-5316-4914-9d71-21fed431f571,6496fb6b-7c93-4bc8-bb5e-a666ffdae72e,2026-05-19,11,37.30,141.60,142.60,57.20,,18.60,0.404,31.00,39,174.00,4.60,6.60,3.92,1180.00,"{""imc"": ""Excelente"", ""rce"": ""Excelente"", ""abdo"": ""Muito Bom"", ""flex"": ""Muito Bom"", ""jump"": ""Muito Bom"", ""run6"": ""Bom"", ""mball"": ""Bom"", ""sprint"": ""Razoável"", ""square"": ""Fraco""}",Composição corporal dentro do esperado para idade. Boa progressão na flexibilidade e potência de membros inferiores.,,2026-06-19 09:12:14.107688+00,2026-06-19 20:55:38.136676+00,,,,t
2b7c1c94-d2b6-4a50-82cb-e09f3a147939,07cc7290-5d3f-421b-a514-b21d6a683494,d26a60c8-3a8c-46ac-a0f1-f4ef5a4e06ec,6496fb6b-7c93-4bc8-bb5e-a666ffdae72e,2025-09-19,12,42.20,149.00,151.00,62.00,,19.01,0.416,29.00,34,163.00,4.10,6.95,4.12,1070.00,"{""imc"": ""Excelente"", ""rce"": ""Excelente"", ""abdo"": ""Bom"", ""flex"": ""Razoável"", ""jump"": ""Muito Bom"", ""run6"": ""Razoável"", ""mball"": ""Bom"", ""sprint"": ""Razoável"", ""square"": ""Fraco""}",Aluno demonstra evolução consistente em força e resistência cardiorrespiratória. Recomenda-se manter periodização atual.,,2026-06-19 09:12:14.107688+00,2026-06-19 20:55:38.136676+00,,,,t
2e644101-9307-4706-9f4c-2c6b45965893,07cc7290-5d3f-421b-a514-b21d6a683494,d26a60c8-3a8c-46ac-a0f1-f4ef5a4e06ec,6496fb6b-7c93-4bc8-bb5e-a666ffdae72e,2026-01-19,12,43.40,149.80,151.80,61.60,,19.34,0.411,30.50,37,169.00,4.40,6.80,4.04,1130.00,"{""imc"": ""Excelente"", ""rce"": ""Excelente"", ""abdo"": ""Muito Bom"", ""flex"": ""Razoável"", ""jump"": ""Muito Bom"", ""run6"": ""Razoável"", ""mball"": ""Bom"", ""sprint"": ""Bom"", ""square"": ""Fraco""}",Composição corporal dentro do esperado para idade. Boa progressão na flexibilidade e potência de membros inferiores.,,2026-06-19 09:12:14.107688+00,2026-06-19 20:55:38.136676+00,,,,t
cf58d232-c33e-4ec7-a5f5-8f7bfef5fa37,07cc7290-5d3f-421b-a514-b21d6a683494,d26a60c8-3a8c-46ac-a0f1-f4ef5a4e06ec,6496fb6b-7c93-4bc8-bb5e-a666ffdae72e,2026-05-19,13,44.60,150.60,152.60,61.20,,19.66,0.406,32.00,40,175.00,4.70,6.65,3.96,1190.00,"{""imc"": ""Excelente"", ""rce"": ""Excelente"", ""abdo"": ""Muito Bom"", ""flex"": ""Razoável"", ""jump"": ""Muito Bom"", ""run6"": ""Bom"", ""mball"": ""Bom"", ""sprint"": ""Bom"", ""square"": ""Razoável""}",Performance acima da média da turma. Indicado encaminhamento para grupo de alto rendimento.,,2026-06-19 09:12:14.107688+00,2026-06-19 20:55:38.136676+00,,,,t
17cf243f-2362-4e73-8e2b-9e8404605ad9,07cc7290-5d3f-421b-a514-b21d6a683494,d7385ccb-541d-4a4a-accf-3228d9b63a6b,6496fb6b-7c93-4bc8-bb5e-a666ffdae72e,2025-09-19,11,41.00,148.00,146.00,61.50,,18.72,0.416,26.00,30,156.00,3.70,6.80,4.00,1080.00,"{""imc"": ""Excelente"", ""rce"": ""Excelente"", ""abdo"": ""Razoável"", ""flex"": ""Bom"", ""jump"": ""Bom"", ""run6"": ""Razoável"", ""mball"": ""Razoável"", ""sprint"": ""Razoável"", ""square"": ""Fraco""}",Composição corporal dentro do esperado para idade. Boa progressão na flexibilidade e potência de membros inferiores.,,2026-06-19 09:12:14.107688+00,2026-06-19 20:55:38.136676+00,,,,t
b2fc71b9-8654-4d6a-a7aa-e615bbad20b3,07cc7290-5d3f-421b-a514-b21d6a683494,d7385ccb-541d-4a4a-accf-3228d9b63a6b,6496fb6b-7c93-4bc8-bb5e-a666ffdae72e,2026-01-19,11,42.20,148.80,146.80,61.10,,19.06,0.411,27.50,33,162.00,4.00,6.65,3.92,1140.00,"{""imc"": ""Excelente"", ""rce"": ""Excelente"", ""abdo"": ""Bom"", ""flex"": ""Bom"", ""jump"": ""Bom"", ""run6"": ""Razoável"", ""mball"": ""Razoável"", ""sprint"": ""Razoável"", ""square"": ""Fraco""}",Performance acima da média da turma. Indicado encaminhamento para grupo de alto rendimento.,,2026-06-19 09:12:14.107688+00,2026-06-19 20:55:38.136676+00,,,,t
bb210add-0f97-474a-ad7f-5de09ad9f13b,07cc7290-5d3f-421b-a514-b21d6a683494,d7385ccb-541d-4a4a-accf-3228d9b63a6b,6496fb6b-7c93-4bc8-bb5e-a666ffdae72e,2026-05-19,12,43.40,149.60,147.60,60.70,,19.39,0.406,29.00,36,168.00,4.30,6.50,3.84,1200.00,"{""imc"": ""Excelente"", ""rce"": ""Excelente"", ""abdo"": ""Bom"", ""flex"": ""Muito Bom"", ""jump"": ""Bom"", ""run6"": ""Razoável"", ""mball"": ""Razoável"", ""sprint"": ""Razoável"", ""square"": ""Fraco""}",Pequenas oscilações em provas de velocidade — focar trabalho técnico de saída e aceleração.,,2026-06-19 09:12:14.107688+00,2026-06-19 20:55:38.136676+00,,,,t
26ca8260-1bbf-494d-a1c8-d9dc09581b9b,07cc7290-5d3f-421b-a514-b21d6a683494,c618edb6-6bbb-44e2-90c1-685401b3cb23,6496fb6b-7c93-4bc8-bb5e-a666ffdae72e,2025-09-19,13,47.30,156.00,155.00,65.50,,19.44,0.420,27.00,31,157.00,3.80,6.85,4.04,1090.00,"{""imc"": ""Excelente"", ""rce"": ""Excelente"", ""abdo"": ""Bom"", ""flex"": ""Fraco"", ""jump"": ""Bom"", ""run6"": ""Razoável"", ""mball"": ""Razoável"", ""sprint"": ""Razoável"", ""square"": ""Fraco""}",Performance acima da média da turma. Indicado encaminhamento para grupo de alto rendimento.,,2026-06-19 09:12:14.107688+00,2026-06-19 20:55:38.136676+00,,,,t
dea6450a-2e91-48b8-9805-8f31a4e8de13,07cc7290-5d3f-421b-a514-b21d6a683494,c618edb6-6bbb-44e2-90c1-685401b3cb23,6496fb6b-7c93-4bc8-bb5e-a666ffdae72e,2026-01-19,13,48.50,156.80,155.80,65.10,,19.73,0.415,28.50,34,163.00,4.10,6.70,3.96,1150.00,"{""imc"": ""Excelente"", ""rce"": ""Excelente"", ""abdo"": ""Bom"", ""flex"": ""Razoável"", ""jump"": ""Bom"", ""run6"": ""Razoável"", ""mball"": ""Bom"", ""sprint"": ""Bom"", ""square"": ""Fraco""}",Pequenas oscilações em provas de velocidade — focar trabalho técnico de saída e aceleração.,,2026-06-19 09:12:14.107688+00,2026-06-19 20:55:38.136676+00,,,,t
af000cd9-701d-45cb-86c9-d61aa3fb8262,07cc7290-5d3f-421b-a514-b21d6a683494,c618edb6-6bbb-44e2-90c1-685401b3cb23,6496fb6b-7c93-4bc8-bb5e-a666ffdae72e,2026-05-19,13,49.70,157.60,156.60,64.70,,20.01,0.411,30.00,37,169.00,4.40,6.55,3.88,1210.00,"{""imc"": ""Excelente"", ""rce"": ""Excelente"", ""abdo"": ""Muito Bom"", ""flex"": ""Razoável"", ""jump"": ""Muito Bom"", ""run6"": ""Bom"", ""mball"": ""Bom"", ""sprint"": ""Bom"", ""square"": ""Razoável""}",Indicadores de saúde estáveis. Continuar reforço de treinos funcionais e mobilidade.,,2026-06-19 09:12:14.107688+00,2026-06-19 20:55:38.136676+00,,,,t
fbe78c4b-dd21-4f4a-9902-99e5f7a02e69,07cc7290-5d3f-421b-a514-b21d6a683494,5137415a-6e53-48d8-8f36-2f7841812e18,6496fb6b-7c93-4bc8-bb5e-a666ffdae72e,2025-09-19,13,53.60,155.00,155.00,59.50,,22.31,0.384,28.00,32,158.00,3.90,6.90,4.08,1100.00,"{""imc"": ""Excelente"", ""rce"": ""Razoável"", ""abdo"": ""Razoável"", ""flex"": ""Bom"", ""jump"": ""Razoável"", ""run6"": ""Fraco"", ""mball"": ""Fraco"", ""sprint"": ""Fraco"", ""square"": ""Muito Fraco""}",Pequenas oscilações em provas de velocidade — focar trabalho técnico de saída e aceleração.,,2026-06-19 09:12:14.107688+00,2026-06-19 20:55:38.136676+00,,,,t
93187ee7-5247-4b59-9b8f-b346c8eaff33,07cc7290-5d3f-421b-a514-b21d6a683494,5137415a-6e53-48d8-8f36-2f7841812e18,6496fb6b-7c93-4bc8-bb5e-a666ffdae72e,2026-01-19,13,54.80,155.80,155.80,59.10,,22.58,0.379,29.50,35,164.00,4.20,6.75,4.00,1160.00,"{""imc"": ""Razoável"", ""rce"": ""Razoável"", ""abdo"": ""Bom"", ""flex"": ""Muito Bom"", ""jump"": ""Razoável"", ""run6"": ""Razoável"", ""mball"": ""Razoável"", ""sprint"": ""Fraco"", ""square"": ""Muito Fraco""}",Indicadores de saúde estáveis. Continuar reforço de treinos funcionais e mobilidade.,,2026-06-19 09:12:14.107688+00,2026-06-19 20:55:38.136676+00,,,,t
d6e56b81-3225-4e8e-a91d-104fcb693544,07cc7290-5d3f-421b-a514-b21d6a683494,5137415a-6e53-48d8-8f36-2f7841812e18,6496fb6b-7c93-4bc8-bb5e-a666ffdae72e,2026-05-19,13,56.00,156.60,156.60,58.70,,22.84,0.375,31.00,38,170.00,4.50,6.60,3.92,1220.00,"{""imc"": ""Razoável"", ""rce"": ""Razoável"", ""abdo"": ""Bom"", ""flex"": ""Muito Bom"", ""jump"": ""Razoável"", ""run6"": ""Razoável"", ""mball"": ""Razoável"", ""sprint"": ""Razoável"", ""square"": ""Muito Fraco""}",Boa adesão ao programa. Sugere-se ampliar volume de corrida contínua para melhorar VO2.,,2026-06-19 09:12:14.107688+00,2026-06-19 20:55:38.136676+00,,,,t
e6a0a764-0758-4d2f-bced-ca72f73267ec,07cc7290-5d3f-421b-a514-b21d6a683494,4e9d5c93-7b14-42f4-a571-cd5701fd8376,6496fb6b-7c93-4bc8-bb5e-a666ffdae72e,2025-09-19,15,57.90,161.00,162.00,63.50,,22.34,0.394,29.00,33,159.00,4.00,6.95,4.12,1110.00,"{""imc"": ""Excelente"", ""rce"": ""Razoável"", ""abdo"": ""Bom"", ""flex"": ""Fraco"", ""jump"": ""Bom"", ""run6"": ""Razoável"", ""mball"": ""Razoável"", ""sprint"": ""Razoável"", ""square"": ""Fraco""}",Indicadores de saúde estáveis. Continuar reforço de treinos funcionais e mobilidade.,,2026-06-19 09:12:14.107688+00,2026-06-19 20:55:38.136676+00,,,,t
24a36f00-8f07-4270-a7f0-cc91b40d884d,07cc7290-5d3f-421b-a514-b21d6a683494,4e9d5c93-7b14-42f4-a571-cd5701fd8376,6496fb6b-7c93-4bc8-bb5e-a666ffdae72e,2026-01-19,15,59.10,161.80,162.80,63.10,,22.58,0.390,30.50,36,165.00,4.30,6.80,4.04,1170.00,"{""imc"": ""Razoável"", ""rce"": ""Razoável"", ""abdo"": ""Bom"", ""flex"": ""Razoável"", ""jump"": ""Bom"", ""run6"": ""Bom"", ""mball"": ""Razoável"", ""sprint"": ""Razoável"", ""square"": ""Fraco""}",Boa adesão ao programa. Sugere-se ampliar volume de corrida contínua para melhorar VO2.,,2026-06-19 09:12:14.107688+00,2026-06-19 20:55:38.136676+00,,,,t
7db8f01d-217e-4d39-9044-578ab3874a08,07cc7290-5d3f-421b-a514-b21d6a683494,4e9d5c93-7b14-42f4-a571-cd5701fd8376,6496fb6b-7c93-4bc8-bb5e-a666ffdae72e,2026-05-19,15,60.30,162.60,163.60,62.70,,22.81,0.386,32.00,39,171.00,4.60,6.65,3.96,1230.00,"{""imc"": ""Razoável"", ""rce"": ""Razoável"", ""abdo"": ""Muito Bom"", ""flex"": ""Razoável"", ""jump"": ""Muito Bom"", ""run6"": ""Bom"", ""mball"": ""Bom"", ""sprint"": ""Bom"", ""square"": ""Fraco""}",Atenção ao IMC: orientar família sobre hábitos alimentares e manter monitoramento trimestral.,,2026-06-19 09:12:14.107688+00,2026-06-19 20:55:38.136676+00,,,,t
865939f6-9258-412b-b4e1-a72964b1677f,07cc7290-5d3f-421b-a514-b21d6a683494,d0b39105-e2f0-4f02-a7c2-69f8f5afc665,6496fb6b-7c93-4bc8-bb5e-a666ffdae72e,2025-09-19,15,66.20,169.00,171.00,64.50,,23.18,0.382,26.00,34,160.00,4.10,6.80,4.00,1120.00,"{""imc"": ""Razoável"", ""rce"": ""Razoável"", ""abdo"": ""Razoável"", ""flex"": ""Razoável"", ""jump"": ""Muito Fraco"", ""run6"": ""Fraco"", ""mball"": ""Fraco"", ""sprint"": ""Fraco"", ""square"": ""Muito Fraco""}",Boa adesão ao programa. Sugere-se ampliar volume de corrida contínua para melhorar VO2.,,2026-06-19 09:12:14.107688+00,2026-06-19 20:55:38.136676+00,,,,t
ebeb5749-aab2-496c-84f2-3a91a152e1bd,07cc7290-5d3f-421b-a514-b21d6a683494,d0b39105-e2f0-4f02-a7c2-69f8f5afc665,6496fb6b-7c93-4bc8-bb5e-a666ffdae72e,2026-01-19,15,67.40,169.80,171.80,64.10,,23.38,0.378,27.50,37,166.00,4.40,6.65,3.92,1180.00,"{""imc"": ""Razoável"", ""rce"": ""Razoável"", ""abdo"": ""Razoável"", ""flex"": ""Bom"", ""jump"": ""Fraco"", ""run6"": ""Fraco"", ""mball"": ""Fraco"", ""sprint"": ""Fraco"", ""square"": ""Muito Fraco""}",Atenção ao IMC: orientar família sobre hábitos alimentares e manter monitoramento trimestral.,,2026-06-19 09:12:14.107688+00,2026-06-19 20:55:38.136676+00,,,,t
1e85fb7b-08b7-4b92-b12c-619959c0f3f8,07cc7290-5d3f-421b-a514-b21d6a683494,d0b39105-e2f0-4f02-a7c2-69f8f5afc665,6496fb6b-7c93-4bc8-bb5e-a666ffdae72e,2026-05-19,15,68.60,170.60,172.60,63.70,,23.57,0.373,29.00,40,172.00,4.70,6.50,3.84,1240.00,"{""imc"": ""Razoável"", ""rce"": ""Razoável"", ""abdo"": ""Bom"", ""flex"": ""Bom"", ""jump"": ""Fraco"", ""run6"": ""Razoável"", ""mball"": ""Fraco"", ""sprint"": ""Fraco"", ""square"": ""Muito Fraco""}",Evolução excelente em potência de membros superiores (medicine ball). Manter treino com cargas progressivas.,,2026-06-19 09:12:14.107688+00,2026-06-19 20:55:38.136676+00,,,,t
9cf831c1-f01d-4361-9d71-3ac3f2c2b388,07cc7290-5d3f-421b-a514-b21d6a683494,e80d66b9-d557-4403-abeb-efc07409159d,6496fb6b-7c93-4bc8-bb5e-a666ffdae72e,2025-09-19,16,58.00,173.00,171.00,68.50,,19.38,0.396,27.00,30,161.00,3.70,6.85,4.04,1040.00,"{""imc"": ""Excelente"", ""rce"": ""Razoável"", ""abdo"": ""Razoável"", ""flex"": ""Fraco"", ""jump"": ""Bom"", ""run6"": ""Razoável"", ""mball"": ""Razoável"", ""sprint"": ""Razoável"", ""square"": ""Fraco""}",Atenção ao IMC: orientar família sobre hábitos alimentares e manter monitoramento trimestral.,,2026-06-19 09:12:14.107688+00,2026-06-19 20:55:38.136676+00,,,,t
b6c54174-9431-4c91-89d6-8a8497eed859,07cc7290-5d3f-421b-a514-b21d6a683494,e80d66b9-d557-4403-abeb-efc07409159d,6496fb6b-7c93-4bc8-bb5e-a666ffdae72e,2026-01-19,17,59.20,173.80,171.80,68.10,,19.60,0.392,28.50,33,167.00,4.00,6.70,3.96,1100.00,"{""imc"": ""Excelente"", ""rce"": ""Razoável"", ""abdo"": ""Razoável"", ""flex"": ""Fraco"", ""jump"": ""Bom"", ""run6"": ""Razoável"", ""mball"": ""Razoável"", ""sprint"": ""Bom"", ""square"": ""Fraco""}",Evolução excelente em potência de membros superiores (medicine ball). Manter treino com cargas progressivas.,,2026-06-19 09:12:14.107688+00,2026-06-19 20:55:38.136676+00,,,,t
b7536fa3-c1bb-4fdb-a057-0e712b4db378,07cc7290-5d3f-421b-a514-b21d6a683494,e80d66b9-d557-4403-abeb-efc07409159d,6496fb6b-7c93-4bc8-bb5e-a666ffdae72e,2026-05-19,17,60.40,174.60,172.60,67.70,,19.81,0.388,30.00,36,173.00,4.30,6.55,3.88,1160.00,"{""imc"": ""Excelente"", ""rce"": ""Razoável"", ""abdo"": ""Bom"", ""flex"": ""Fraco"", ""jump"": ""Bom"", ""run6"": ""Bom"", ""mball"": ""Razoável"", ""sprint"": ""Bom"", ""square"": ""Fraco""}",Resultados em flexibilidade abaixo da meta — incluir rotina de alongamento ativo nas aulas.,,2026-06-19 09:12:14.107688+00,2026-06-19 20:55:38.136676+00,,,,t
172fc67c-4688-400a-8325-c4294a46e3d4,07cc7290-5d3f-421b-a514-b21d6a683494,8fef0a94-4f01-44e7-9fcf-e09c2102b100,6496fb6b-7c93-4bc8-bb5e-a666ffdae72e,2025-09-19,9,33.30,141.00,140.00,59.00,,16.75,0.418,28.00,31,162.00,3.80,6.90,4.08,1050.00,"{""imc"": ""Excelente"", ""rce"": ""Excelente"", ""abdo"": ""Bom"", ""flex"": ""Muito Bom"", ""jump"": ""Muito Bom"", ""run6"": ""Razoável"", ""mball"": ""Bom"", ""sprint"": ""Bom"", ""square"": ""Fraco""}",Evolução excelente em potência de membros superiores (medicine ball). Manter treino com cargas progressivas.,,2026-06-19 09:12:14.107688+00,2026-06-19 20:55:38.136676+00,,,,t
c429db8a-dc95-440a-b29b-8680e526106a,07cc7290-5d3f-421b-a514-b21d6a683494,8fef0a94-4f01-44e7-9fcf-e09c2102b100,6496fb6b-7c93-4bc8-bb5e-a666ffdae72e,2026-01-19,10,34.50,141.80,140.80,58.60,,17.16,0.413,29.50,34,168.00,4.10,6.75,4.00,1110.00,"{""imc"": ""Excelente"", ""rce"": ""Excelente"", ""abdo"": ""Bom"", ""flex"": ""Muito Bom"", ""jump"": ""Muito Bom"", ""run6"": ""Bom"", ""mball"": ""Bom"", ""sprint"": ""Razoável"", ""square"": ""Fraco""}",Resultados em flexibilidade abaixo da meta — incluir rotina de alongamento ativo nas aulas.,,2026-06-19 09:12:14.107688+00,2026-06-19 20:55:38.136676+00,,,,t
13deb722-00db-4712-9f42-14a6f41b71b0,07cc7290-5d3f-421b-a514-b21d6a683494,8fef0a94-4f01-44e7-9fcf-e09c2102b100,6496fb6b-7c93-4bc8-bb5e-a666ffdae72e,2026-05-19,10,35.70,142.60,141.60,58.20,,17.56,0.408,31.00,37,174.00,4.40,6.60,3.92,1170.00,"{""imc"": ""Excelente"", ""rce"": ""Excelente"", ""abdo"": ""Muito Bom"", ""flex"": ""Muito Bom"", ""jump"": ""Muito Bom"", ""run6"": ""Bom"", ""mball"": ""Muito Bom"", ""sprint"": ""Bom"", ""square"": ""Razoável""}",Perfil de baixo risco. Recomenda-se participação em modalidades coletivas para socialização.,,2026-06-19 09:12:14.107688+00,2026-06-19 20:55:38.136676+00,,,,t
a85eecc0-7254-49a2-90a3-0ad94e7ec930,07cc7290-5d3f-421b-a514-b21d6a683494,61d1b1be-03bd-40bf-bfd2-e38de9328ead,6496fb6b-7c93-4bc8-bb5e-a666ffdae72e,2025-09-19,10,36.60,145.00,145.00,61.50,,17.41,0.424,29.00,32,163.00,3.90,6.95,4.12,1060.00,"{""imc"": ""Excelente"", ""rce"": ""Excelente"", ""abdo"": ""Bom"", ""flex"": ""Razoável"", ""jump"": ""Muito Bom"", ""run6"": ""Bom"", ""mball"": ""Bom"", ""sprint"": ""Bom"", ""square"": ""Razoável""}",Resultados em flexibilidade abaixo da meta — incluir rotina de alongamento ativo nas aulas.,,2026-06-19 09:12:14.107688+00,2026-06-19 20:55:38.136676+00,,,,t
2657beb6-bc45-430d-bc88-217faa845fbd,07cc7290-5d3f-421b-a514-b21d6a683494,61d1b1be-03bd-40bf-bfd2-e38de9328ead,6496fb6b-7c93-4bc8-bb5e-a666ffdae72e,2026-01-19,11,37.80,145.80,145.80,61.10,,17.78,0.419,30.50,35,169.00,4.20,6.80,4.04,1120.00,"{""imc"": ""Excelente"", ""rce"": ""Excelente"", ""abdo"": ""Muito Bom"", ""flex"": ""Bom"", ""jump"": ""Muito Bom"", ""run6"": ""Bom"", ""mball"": ""Bom"", ""sprint"": ""Bom"", ""square"": ""Razoável""}",Perfil de baixo risco. Recomenda-se participação em modalidades coletivas para socialização.,,2026-06-19 09:12:14.107688+00,2026-06-19 20:55:38.136676+00,,,,t
4496ee57-a35f-4ca0-b7f1-ee735b4f7bb3,07cc7290-5d3f-421b-a514-b21d6a683494,61d1b1be-03bd-40bf-bfd2-e38de9328ead,6496fb6b-7c93-4bc8-bb5e-a666ffdae72e,2026-05-19,11,39.00,146.60,146.60,60.70,,18.15,0.414,32.00,38,175.00,4.50,6.65,3.96,1180.00,"{""imc"": ""Excelente"", ""rce"": ""Excelente"", ""abdo"": ""Muito Bom"", ""flex"": ""Bom"", ""jump"": ""Excelente"", ""run6"": ""Bom"", ""mball"": ""Muito Bom"", ""sprint"": ""Bom"", ""square"": ""Razoável""}",Aluno demonstra evolução consistente em força e resistência cardiorrespiratória. Recomenda-se manter periodização atual.,,2026-06-19 09:12:14.107688+00,2026-06-19 20:55:38.136676+00,,,,t
2239037f-9591-4404-bb74-168fed935721,07cc7290-5d3f-421b-a514-b21d6a683494,7b90d202-8ddd-42eb-bf7b-3ed6f18e0d8b,6496fb6b-7c93-4bc8-bb5e-a666ffdae72e,2025-09-19,11,40.90,149.00,150.00,62.50,,18.42,0.419,26.00,33,156.00,4.00,6.80,4.00,1070.00,"{""imc"": ""Excelente"", ""rce"": ""Excelente"", ""abdo"": ""Bom"", ""flex"": ""Bom"", ""jump"": ""Bom"", ""run6"": ""Razoável"", ""mball"": ""Razoável"", ""sprint"": ""Razoável"", ""square"": ""Fraco""}",Perfil de baixo risco. Recomenda-se participação em modalidades coletivas para socialização.,,2026-06-19 09:12:14.107688+00,2026-06-19 20:55:38.136676+00,,,,t
bce26a7a-fd36-4760-972f-65696f87f862,07cc7290-5d3f-421b-a514-b21d6a683494,7b90d202-8ddd-42eb-bf7b-3ed6f18e0d8b,6496fb6b-7c93-4bc8-bb5e-a666ffdae72e,2026-01-19,11,42.10,149.80,150.80,62.10,,18.76,0.415,27.50,36,162.00,4.30,6.65,3.92,1130.00,"{""imc"": ""Excelente"", ""rce"": ""Excelente"", ""abdo"": ""Bom"", ""flex"": ""Bom"", ""jump"": ""Bom"", ""run6"": ""Razoável"", ""mball"": ""Bom"", ""sprint"": ""Razoável"", ""square"": ""Fraco""}",Aluno demonstra evolução consistente em força e resistência cardiorrespiratória. Recomenda-se manter periodização atual.,,2026-06-19 09:12:14.107688+00,2026-06-19 20:55:38.136676+00,,,,t
05dcb0c5-eb03-4b4a-885f-9f367cf2ff8f,07cc7290-5d3f-421b-a514-b21d6a683494,7b90d202-8ddd-42eb-bf7b-3ed6f18e0d8b,6496fb6b-7c93-4bc8-bb5e-a666ffdae72e,2026-05-19,12,43.30,150.60,151.60,61.70,,19.09,0.410,29.00,39,168.00,4.60,6.50,3.84,1190.00,"{""imc"": ""Excelente"", ""rce"": ""Excelente"", ""abdo"": ""Muito Bom"", ""flex"": ""Muito Bom"", ""jump"": ""Bom"", ""run6"": ""Razoável"", ""mball"": ""Bom"", ""sprint"": ""Razoável"", ""square"": ""Fraco""}",Composição corporal dentro do esperado para idade. Boa progressão na flexibilidade e potência de membros inferiores.,,2026-06-19 09:12:14.107688+00,2026-06-19 20:55:38.136676+00,,,,t
f5ceb4f2-07f9-4381-a631-80f53058c3b8,07cc7290-5d3f-421b-a514-b21d6a683494,43ebe1e2-ebab-4caf-b8e3-3fa7f2af75f1,6496fb6b-7c93-4bc8-bb5e-a666ffdae72e,2025-09-19,12,43.20,145.00,147.00,58.00,,20.55,0.400,27.00,34,157.00,4.10,6.85,4.04,1080.00,"{""imc"": ""Excelente"", ""rce"": ""Excelente"", ""abdo"": ""Bom"", ""flex"": ""Razoável"", ""jump"": ""Bom"", ""run6"": ""Razoável"", ""mball"": ""Bom"", ""sprint"": ""Bom"", ""square"": ""Fraco""}",Aluno demonstra evolução consistente em força e resistência cardiorrespiratória. Recomenda-se manter periodização atual.,,2026-06-19 09:12:14.107688+00,2026-06-19 20:55:38.136676+00,,,,t
d8ba7296-d431-46e7-8532-a9675f4f33f0,07cc7290-5d3f-421b-a514-b21d6a683494,43ebe1e2-ebab-4caf-b8e3-3fa7f2af75f1,6496fb6b-7c93-4bc8-bb5e-a666ffdae72e,2026-01-19,12,44.40,145.80,147.80,57.60,,20.89,0.395,28.50,37,163.00,4.40,6.70,3.96,1140.00,"{""imc"": ""Excelente"", ""rce"": ""Razoável"", ""abdo"": ""Muito Bom"", ""flex"": ""Razoável"", ""jump"": ""Muito Bom"", ""run6"": ""Razoável"", ""mball"": ""Bom"", ""sprint"": ""Bom"", ""square"": ""Razoável""}",Composição corporal dentro do esperado para idade. Boa progressão na flexibilidade e potência de membros inferiores.,,2026-06-19 09:12:14.107688+00,2026-06-19 20:55:38.136676+00,,,,t
cb68fee2-ac1a-4635-9bbb-c3f79dc84ae5,07cc7290-5d3f-421b-a514-b21d6a683494,43ebe1e2-ebab-4caf-b8e3-3fa7f2af75f1,6496fb6b-7c93-4bc8-bb5e-a666ffdae72e,2026-05-19,13,45.60,146.60,148.60,57.20,,21.22,0.390,30.00,40,169.00,4.70,6.55,3.88,1200.00,"{""imc"": ""Excelente"", ""rce"": ""Razoável"", ""abdo"": ""Muito Bom"", ""flex"": ""Razoável"", ""jump"": ""Muito Bom"", ""run6"": ""Bom"", ""mball"": ""Bom"", ""sprint"": ""Bom"", ""square"": ""Razoável""}",Performance acima da média da turma. Indicado encaminhamento para grupo de alto rendimento.,,2026-06-19 09:12:14.107688+00,2026-06-19 20:55:38.136676+00,,,,t
3032e2e8-e66f-40c4-964b-e3bc60dab625,07cc7290-5d3f-421b-a514-b21d6a683494,33cea03a-7701-4425-b07e-0f9de56a6e5a,6496fb6b-7c93-4bc8-bb5e-a666ffdae72e,2025-09-19,12,47.00,150.00,148.00,59.00,,20.89,0.393,28.00,30,158.00,3.70,6.90,4.08,1090.00,"{""imc"": ""Excelente"", ""rce"": ""Razoável"", ""abdo"": ""Razoável"", ""flex"": ""Bom"", ""jump"": ""Razoável"", ""run6"": ""Razoável"", ""mball"": ""Razoável"", ""sprint"": ""Razoável"", ""square"": ""Muito Fraco""}",Composição corporal dentro do esperado para idade. Boa progressão na flexibilidade e potência de membros inferiores.,,2026-06-19 09:12:14.107688+00,2026-06-19 20:55:38.136676+00,,,,t
f244a0e3-bff4-4475-a0d9-87d9a0a75ee2,07cc7290-5d3f-421b-a514-b21d6a683494,33cea03a-7701-4425-b07e-0f9de56a6e5a,6496fb6b-7c93-4bc8-bb5e-a666ffdae72e,2026-01-19,12,48.20,150.80,148.80,58.60,,21.20,0.389,29.50,33,164.00,4.00,6.75,4.00,1150.00,"{""imc"": ""Excelente"", ""rce"": ""Razoável"", ""abdo"": ""Bom"", ""flex"": ""Muito Bom"", ""jump"": ""Bom"", ""run6"": ""Razoável"", ""mball"": ""Razoável"", ""sprint"": ""Razoável"", ""square"": ""Fraco""}",Performance acima da média da turma. Indicado encaminhamento para grupo de alto rendimento.,,2026-06-19 09:12:14.107688+00,2026-06-19 20:55:38.136676+00,,,,t
6ccd7cb5-8bcc-41f3-8ded-cf0131a1091b,07cc7290-5d3f-421b-a514-b21d6a683494,33cea03a-7701-4425-b07e-0f9de56a6e5a,6496fb6b-7c93-4bc8-bb5e-a666ffdae72e,2026-05-19,13,49.40,151.60,149.60,58.20,,21.49,0.384,31.00,36,170.00,4.30,6.60,3.92,1210.00,"{""imc"": ""Excelente"", ""rce"": ""Razoável"", ""abdo"": ""Bom"", ""flex"": ""Muito Bom"", ""jump"": ""Razoável"", ""run6"": ""Razoável"", ""mball"": ""Razoável"", ""sprint"": ""Razoável"", ""square"": ""Muito Fraco""}",Pequenas oscilações em provas de velocidade — focar trabalho técnico de saída e aceleração.,,2026-06-19 09:12:14.107688+00,2026-06-19 20:55:38.136676+00,,,,t
55ff7c04-f9dc-4fea-b45d-69e0e1f585d6,07cc7290-5d3f-421b-a514-b21d6a683494,b742340b-6969-4b4e-8c2f-5e7dbe2a641e,6496fb6b-7c93-4bc8-bb5e-a666ffdae72e,2025-09-19,14,52.30,157.00,156.00,63.00,,21.22,0.401,29.00,31,159.00,3.80,6.95,4.12,1100.00,"{""imc"": ""Excelente"", ""rce"": ""Excelente"", ""abdo"": ""Razoável"", ""flex"": ""Razoável"", ""jump"": ""Bom"", ""run6"": ""Razoável"", ""mball"": ""Razoável"", ""sprint"": ""Razoável"", ""square"": ""Fraco""}",Performance acima da média da turma. Indicado encaminhamento para grupo de alto rendimento.,,2026-06-19 09:12:14.107688+00,2026-06-19 20:55:38.136676+00,,,,t
d50bb3af-5e46-4f09-9b7b-2515b12f5d97,07cc7290-5d3f-421b-a514-b21d6a683494,b742340b-6969-4b4e-8c2f-5e7dbe2a641e,6496fb6b-7c93-4bc8-bb5e-a666ffdae72e,2026-01-19,14,53.50,157.80,156.80,62.60,,21.49,0.397,30.50,34,165.00,4.10,6.80,4.04,1160.00,"{""imc"": ""Excelente"", ""rce"": ""Razoável"", ""abdo"": ""Bom"", ""flex"": ""Razoável"", ""jump"": ""Bom"", ""run6"": ""Bom"", ""mball"": ""Razoável"", ""sprint"": ""Razoável"", ""square"": ""Fraco""}",Pequenas oscilações em provas de velocidade — focar trabalho técnico de saída e aceleração.,,2026-06-19 09:12:14.107688+00,2026-06-19 20:55:38.136676+00,,,,t
16d7e65e-317e-4e9e-9add-acf1017c713a,07cc7290-5d3f-421b-a514-b21d6a683494,b742340b-6969-4b4e-8c2f-5e7dbe2a641e,6496fb6b-7c93-4bc8-bb5e-a666ffdae72e,2026-05-19,15,54.70,158.60,157.60,62.20,,21.75,0.392,32.00,37,171.00,4.40,6.65,3.96,1220.00,"{""imc"": ""Excelente"", ""rce"": ""Razoável"", ""abdo"": ""Bom"", ""flex"": ""Razoável"", ""jump"": ""Muito Bom"", ""run6"": ""Bom"", ""mball"": ""Bom"", ""sprint"": ""Bom"", ""square"": ""Fraco""}",Indicadores de saúde estáveis. Continuar reforço de treinos funcionais e mobilidade.,,2026-06-19 09:12:14.107688+00,2026-06-19 20:55:38.136676+00,,,,t
a84b64e3-c53e-48c7-9a9d-a594f32aafc9,07cc7290-5d3f-421b-a514-b21d6a683494,d214b29f-23f8-433e-b320-f1c0f4a9391c,6496fb6b-7c93-4bc8-bb5e-a666ffdae72e,2025-09-19,14,59.60,164.00,164.00,64.00,,22.16,0.390,26.00,32,160.00,3.90,6.80,4.00,1110.00,"{""imc"": ""Excelente"", ""rce"": ""Razoável"", ""abdo"": ""Razoável"", ""flex"": ""Bom"", ""jump"": ""Fraco"", ""run6"": ""Fraco"", ""mball"": ""Fraco"", ""sprint"": ""Fraco"", ""square"": ""Muito Fraco""}",Pequenas oscilações em provas de velocidade — focar trabalho técnico de saída e aceleração.,,2026-06-19 09:12:14.107688+00,2026-06-19 20:55:38.136676+00,,,,t
de785918-215b-47da-948e-ce2c50ce2c41,07cc7290-5d3f-421b-a514-b21d6a683494,d214b29f-23f8-433e-b320-f1c0f4a9391c,6496fb6b-7c93-4bc8-bb5e-a666ffdae72e,2026-01-19,14,60.80,164.80,164.80,63.60,,22.39,0.386,27.50,35,166.00,4.20,6.65,3.92,1170.00,"{""imc"": ""Excelente"", ""rce"": ""Razoável"", ""abdo"": ""Razoável"", ""flex"": ""Bom"", ""jump"": ""Razoável"", ""run6"": ""Razoável"", ""mball"": ""Fraco"", ""sprint"": ""Fraco"", ""square"": ""Muito Fraco""}",Indicadores de saúde estáveis. Continuar reforço de treinos funcionais e mobilidade.,,2026-06-19 09:12:14.107688+00,2026-06-19 20:55:38.136676+00,,,,t
5aac9f0f-dddc-4b04-bb4f-b0b5e6e1a8d8,07cc7290-5d3f-421b-a514-b21d6a683494,d214b29f-23f8-433e-b320-f1c0f4a9391c,6496fb6b-7c93-4bc8-bb5e-a666ffdae72e,2026-05-19,14,62.00,165.60,165.60,63.20,,22.61,0.382,29.00,38,172.00,4.50,6.50,3.84,1230.00,"{""imc"": ""Razoável"", ""rce"": ""Razoável"", ""abdo"": ""Bom"", ""flex"": ""Bom"", ""jump"": ""Razoável"", ""run6"": ""Razoável"", ""mball"": ""Razoável"", ""sprint"": ""Razoável"", ""square"": ""Muito Fraco""}",Boa adesão ao programa. Sugere-se ampliar volume de corrida contínua para melhorar VO2.,,2026-06-19 09:12:14.107688+00,2026-06-19 20:55:38.136676+00,,,,t
0d030f61-f1ab-4171-bad4-277e6098b17c,07cc7290-5d3f-421b-a514-b21d6a683494,cd4d7694-1c72-4c24-ad4a-3f36d3d98c7c,6496fb6b-7c93-4bc8-bb5e-a666ffdae72e,2025-09-19,16,62.90,169.00,170.00,68.00,,22.02,0.402,27.00,33,161.00,4.00,6.85,4.04,1120.00,"{""imc"": ""Excelente"", ""rce"": ""Excelente"", ""abdo"": ""Bom"", ""flex"": ""Fraco"", ""jump"": ""Bom"", ""run6"": ""Razoável"", ""mball"": ""Razoável"", ""sprint"": ""Razoável"", ""square"": ""Fraco""}",Indicadores de saúde estáveis. Continuar reforço de treinos funcionais e mobilidade.,,2026-06-19 09:12:14.107688+00,2026-06-19 20:55:38.136676+00,,,,t
a6245dce-a52a-4cb4-a4a6-310382775d6d,07cc7290-5d3f-421b-a514-b21d6a683494,cd4d7694-1c72-4c24-ad4a-3f36d3d98c7c,6496fb6b-7c93-4bc8-bb5e-a666ffdae72e,2026-01-19,16,64.10,169.80,170.80,67.60,,22.23,0.398,28.50,36,167.00,4.30,6.70,3.96,1180.00,"{""imc"": ""Excelente"", ""rce"": ""Razoável"", ""abdo"": ""Bom"", ""flex"": ""Fraco"", ""jump"": ""Bom"", ""run6"": ""Bom"", ""mball"": ""Razoável"", ""sprint"": ""Bom"", ""square"": ""Fraco""}",Boa adesão ao programa. Sugere-se ampliar volume de corrida contínua para melhorar VO2.,,2026-06-19 09:12:14.107688+00,2026-06-19 20:55:38.136676+00,,,,t
2553bb16-f1e1-4749-acfd-5a76f9047829,07cc7290-5d3f-421b-a514-b21d6a683494,cd4d7694-1c72-4c24-ad4a-3f36d3d98c7c,6496fb6b-7c93-4bc8-bb5e-a666ffdae72e,2026-05-19,16,65.30,170.60,171.60,67.20,,22.44,0.394,30.00,39,173.00,4.60,6.55,3.88,1240.00,"{""imc"": ""Excelente"", ""rce"": ""Razoável"", ""abdo"": ""Muito Bom"", ""flex"": ""Fraco"", ""jump"": ""Bom"", ""run6"": ""Bom"", ""mball"": ""Bom"", ""sprint"": ""Bom"", ""square"": ""Fraco""}",Atenção ao IMC: orientar família sobre hábitos alimentares e manter monitoramento trimestral.,,2026-06-19 09:12:14.107688+00,2026-06-19 20:55:38.136676+00,,,,t
73a952e5-aee3-4a0c-a00f-8456f5481c04,07cc7290-5d3f-421b-a514-b21d6a683494,7cd886bd-c6d9-4025-a753-65fbf43dfd08,6496fb6b-7c93-4bc8-bb5e-a666ffdae72e,2025-09-19,16,63.20,178.00,180.00,69.00,,19.95,0.388,28.00,34,162.00,4.10,6.90,4.08,1040.00,"{""imc"": ""Excelente"", ""rce"": ""Razoável"", ""abdo"": ""Fraco"", ""flex"": ""Razoável"", ""jump"": ""Muito Fraco"", ""run6"": ""Muito Fraco"", ""mball"": ""Fraco"", ""sprint"": ""Muito Fraco"", ""square"": ""Muito Fraco""}",Boa adesão ao programa. Sugere-se ampliar volume de corrida contínua para melhorar VO2.,,2026-06-19 09:12:14.107688+00,2026-06-19 20:55:38.136676+00,,,,t
a9be1bd1-152d-4ea9-b97d-5efd0fbbe034,07cc7290-5d3f-421b-a514-b21d6a683494,7cd886bd-c6d9-4025-a753-65fbf43dfd08,6496fb6b-7c93-4bc8-bb5e-a666ffdae72e,2026-01-19,16,64.40,178.80,180.80,68.60,,20.14,0.384,29.50,37,168.00,4.40,6.75,4.00,1100.00,"{""imc"": ""Excelente"", ""rce"": ""Razoável"", ""abdo"": ""Razoável"", ""flex"": ""Bom"", ""jump"": ""Muito Fraco"", ""run6"": ""Muito Fraco"", ""mball"": ""Fraco"", ""sprint"": ""Muito Fraco"", ""square"": ""Muito Fraco""}",Atenção ao IMC: orientar família sobre hábitos alimentares e manter monitoramento trimestral.,,2026-06-19 09:12:14.107688+00,2026-06-19 20:55:38.136676+00,,,,t
f8c090d0-6daf-49c8-90bf-0cc46c056e82,07cc7290-5d3f-421b-a514-b21d6a683494,7cd886bd-c6d9-4025-a753-65fbf43dfd08,6496fb6b-7c93-4bc8-bb5e-a666ffdae72e,2026-05-19,16,65.60,179.60,181.60,68.20,,20.34,0.380,31.00,40,174.00,4.70,6.60,3.92,1160.00,"{""imc"": ""Excelente"", ""rce"": ""Razoável"", ""abdo"": ""Razoável"", ""flex"": ""Bom"", ""jump"": ""Fraco"", ""run6"": ""Fraco"", ""mball"": ""Fraco"", ""sprint"": ""Fraco"", ""square"": ""Muito Fraco""}",Evolução excelente em potência de membros superiores (medicine ball). Manter treino com cargas progressivas.,,2026-06-19 09:12:14.107688+00,2026-06-19 20:55:38.136676+00,,,,t
369291e8-77f9-4199-91d5-e1198604ba77,07cc7290-5d3f-421b-a514-b21d6a683494,74487f84-7317-4dfd-9fd7-97000d429046,6496fb6b-7c93-4bc8-bb5e-a666ffdae72e,2025-09-19,11,35.00,146.00,144.00,62.50,,16.42,0.428,27.00,26,151.00,3.30,7.35,4.32,970.00,"{""imc"": ""Excelente"", ""rce"": ""Excelente"", ""abdo"": ""Razoável"", ""flex"": ""Razoável"", ""jump"": ""Bom"", ""run6"": ""Razoável"", ""mball"": ""Razoável"", ""sprint"": ""Razoável"", ""square"": ""Fraco""}",Atenção ao IMC: orientar família sobre hábitos alimentares e manter monitoramento trimestral.,,2026-06-19 09:12:14.107688+00,2026-06-19 20:55:38.136676+00,,,,t
e75abfd7-52b9-46fd-a5da-2facf4ce0710,07cc7290-5d3f-421b-a514-b21d6a683494,74487f84-7317-4dfd-9fd7-97000d429046,6496fb6b-7c93-4bc8-bb5e-a666ffdae72e,2026-01-19,11,36.20,146.80,144.80,62.10,,16.80,0.423,28.50,29,157.00,3.60,7.20,4.24,1030.00,"{""imc"": ""Excelente"", ""rce"": ""Excelente"", ""abdo"": ""Bom"", ""flex"": ""Razoável"", ""jump"": ""Muito Bom"", ""run6"": ""Razoável"", ""mball"": ""Bom"", ""sprint"": ""Razoável"", ""square"": ""Fraco""}",Evolução excelente em potência de membros superiores (medicine ball). Manter treino com cargas progressivas.,,2026-06-19 09:12:14.107688+00,2026-06-19 20:55:38.136676+00,,,,t
38dec8f4-fbdb-4da1-8813-5c920998af65,07cc7290-5d3f-421b-a514-b21d6a683494,74487f84-7317-4dfd-9fd7-97000d429046,6496fb6b-7c93-4bc8-bb5e-a666ffdae72e,2026-05-19,11,37.40,147.60,145.60,61.70,,17.17,0.418,30.00,32,163.00,3.90,7.05,4.16,1090.00,"{""imc"": ""Excelente"", ""rce"": ""Excelente"", ""abdo"": ""Bom"", ""flex"": ""Razoável"", ""jump"": ""Muito Bom"", ""run6"": ""Razoável"", ""mball"": ""Bom"", ""sprint"": ""Bom"", ""square"": ""Fraco""}",Resultados em flexibilidade abaixo da meta — incluir rotina de alongamento ativo nas aulas.,,2026-06-19 09:12:14.107688+00,2026-06-19 20:55:38.136676+00,,,,t
df99db54-e72d-4620-ab11-964be8ecd2f7,07cc7290-5d3f-421b-a514-b21d6a683494,ac5f71e6-2627-4e3a-a523-0b4bd4469311,6496fb6b-7c93-4bc8-bb5e-a666ffdae72e,2025-09-19,10,34.30,137.00,136.00,55.00,,18.27,0.401,24.00,27,144.00,3.40,7.20,4.20,980.00,"{""imc"": ""Excelente"", ""rce"": ""Excelente"", ""abdo"": ""Razoável"", ""flex"": ""Bom"", ""jump"": ""Razoável"", ""run6"": ""Razoável"", ""mball"": ""Razoável"", ""sprint"": ""Razoável"", ""square"": ""Muito Fraco""}",Evolução excelente em potência de membros superiores (medicine ball). Manter treino com cargas progressivas.,,2026-06-19 09:12:14.107688+00,2026-06-19 20:55:38.136676+00,,,,t
6979a360-a3f8-4689-96f8-cb2be240e0cd,07cc7290-5d3f-421b-a514-b21d6a683494,ac5f71e6-2627-4e3a-a523-0b4bd4469311,6496fb6b-7c93-4bc8-bb5e-a666ffdae72e,2026-01-19,10,35.50,137.80,136.80,54.60,,18.70,0.396,25.50,30,150.00,3.70,7.05,4.12,1040.00,"{""imc"": ""Excelente"", ""rce"": ""Razoável"", ""abdo"": ""Bom"", ""flex"": ""Bom"", ""jump"": ""Razoável"", ""run6"": ""Razoável"", ""mball"": ""Razoável"", ""sprint"": ""Razoável"", ""square"": ""Fraco""}",Resultados em flexibilidade abaixo da meta — incluir rotina de alongamento ativo nas aulas.,,2026-06-19 09:12:14.107688+00,2026-06-19 20:55:38.136676+00,,,,t
49f824c1-68d9-47d5-8d76-ac4b003be7a4,07cc7290-5d3f-421b-a514-b21d6a683494,ac5f71e6-2627-4e3a-a523-0b4bd4469311,6496fb6b-7c93-4bc8-bb5e-a666ffdae72e,2026-05-19,10,36.70,138.60,137.60,54.20,,19.10,0.391,27.00,33,156.00,4.00,6.90,4.04,1100.00,"{""imc"": ""Excelente"", ""rce"": ""Razoável"", ""abdo"": ""Bom"", ""flex"": ""Bom"", ""jump"": ""Bom"", ""run6"": ""Razoável"", ""mball"": ""Bom"", ""sprint"": ""Razoável"", ""square"": ""Fraco""}",Perfil de baixo risco. Recomenda-se participação em modalidades coletivas para socialização.,,2026-06-19 09:12:14.107688+00,2026-06-19 20:55:38.136676+00,,,,t
004f7ac9-5b79-434c-976d-53c8bd3ac1c1,07cc7290-5d3f-421b-a514-b21d6a683494,c804d31c-c05d-4c2f-95be-73ff9e58d3a3,6496fb6b-7c93-4bc8-bb5e-a666ffdae72e,2025-09-19,11,41.60,146.00,146.00,59.00,,19.52,0.404,25.00,28,145.00,3.50,7.25,4.24,990.00,"{""imc"": ""Excelente"", ""rce"": ""Excelente"", ""abdo"": ""Razoável"", ""flex"": ""Fraco"", ""jump"": ""Bom"", ""run6"": ""Razoável"", ""mball"": ""Razoável"", ""sprint"": ""Razoável"", ""square"": ""Fraco""}",Resultados em flexibilidade abaixo da meta — incluir rotina de alongamento ativo nas aulas.,,2026-06-19 09:12:14.107688+00,2026-06-19 20:55:38.136676+00,,,,t
3199b918-8efa-4bb4-8268-cbad4ad0ddd9,07cc7290-5d3f-421b-a514-b21d6a683494,c804d31c-c05d-4c2f-95be-73ff9e58d3a3,6496fb6b-7c93-4bc8-bb5e-a666ffdae72e,2026-01-19,12,42.80,146.80,146.80,58.60,,19.86,0.399,26.50,31,151.00,3.80,7.10,4.16,1050.00,"{""imc"": ""Excelente"", ""rce"": ""Razoável"", ""abdo"": ""Bom"", ""flex"": ""Razoável"", ""jump"": ""Bom"", ""run6"": ""Razoável"", ""mball"": ""Bom"", ""sprint"": ""Razoável"", ""square"": ""Fraco""}",Perfil de baixo risco. Recomenda-se participação em modalidades coletivas para socialização.,,2026-06-19 09:12:14.107688+00,2026-06-19 20:55:38.136676+00,,,,t
44357b64-a84d-4727-8afc-fd318523fd2c,07cc7290-5d3f-421b-a514-b21d6a683494,c804d31c-c05d-4c2f-95be-73ff9e58d3a3,6496fb6b-7c93-4bc8-bb5e-a666ffdae72e,2026-05-19,12,44.00,147.60,147.60,58.20,,20.20,0.394,28.00,34,157.00,4.10,6.95,4.08,1110.00,"{""imc"": ""Excelente"", ""rce"": ""Razoável"", ""abdo"": ""Bom"", ""flex"": ""Razoável"", ""jump"": ""Bom"", ""run6"": ""Razoável"", ""mball"": ""Bom"", ""sprint"": ""Bom"", ""square"": ""Fraco""}",Aluno demonstra evolução consistente em força e resistência cardiorrespiratória. Recomenda-se manter periodização atual.,,2026-06-19 09:12:14.107688+00,2026-06-19 20:55:38.136676+00,,,,t
d7e781d2-2940-4bbe-82a2-7eab2a13d2f2,07cc7290-5d3f-421b-a514-b21d6a683494,16f99590-19b6-46d4-8106-40f996119bdb,6496fb6b-7c93-4bc8-bb5e-a666ffdae72e,2025-09-19,10,41.90,145.00,146.00,58.50,,19.93,0.403,26.00,29,146.00,3.60,7.30,4.28,1000.00,"{""imc"": ""Excelente"", ""rce"": ""Excelente"", ""abdo"": ""Bom"", ""flex"": ""Bom"", ""jump"": ""Razoável"", ""run6"": ""Razoável"", ""mball"": ""Razoável"", ""sprint"": ""Razoável"", ""square"": ""Muito Fraco""}",Perfil de baixo risco. Recomenda-se participação em modalidades coletivas para socialização.,,2026-06-19 09:12:14.107688+00,2026-06-19 20:55:38.136676+00,,,,t
5414d575-e37a-47f8-8185-d643be40e3d8,07cc7290-5d3f-421b-a514-b21d6a683494,16f99590-19b6-46d4-8106-40f996119bdb,6496fb6b-7c93-4bc8-bb5e-a666ffdae72e,2026-01-19,11,43.10,145.80,146.80,58.10,,20.28,0.398,27.50,32,152.00,3.90,7.15,4.20,1060.00,"{""imc"": ""Excelente"", ""rce"": ""Razoável"", ""abdo"": ""Bom"", ""flex"": ""Bom"", ""jump"": ""Razoável"", ""run6"": ""Razoável"", ""mball"": ""Razoável"", ""sprint"": ""Fraco"", ""square"": ""Muito Fraco""}",Aluno demonstra evolução consistente em força e resistência cardiorrespiratória. Recomenda-se manter periodização atual.,,2026-06-19 09:12:14.107688+00,2026-06-19 20:55:38.136676+00,,,,t
6e263816-6ad6-4cdb-8053-a71fb0578e42,07cc7290-5d3f-421b-a514-b21d6a683494,16f99590-19b6-46d4-8106-40f996119bdb,6496fb6b-7c93-4bc8-bb5e-a666ffdae72e,2026-05-19,11,44.30,146.60,147.60,57.70,,20.61,0.394,29.00,35,158.00,4.20,7.00,4.12,1120.00,"{""imc"": ""Excelente"", ""rce"": ""Razoável"", ""abdo"": ""Bom"", ""flex"": ""Muito Bom"", ""jump"": ""Bom"", ""run6"": ""Razoável"", ""mball"": ""Bom"", ""sprint"": ""Razoável"", ""square"": ""Muito Fraco""}",Composição corporal dentro do esperado para idade. Boa progressão na flexibilidade e potência de membros inferiores.,,2026-06-19 09:12:14.107688+00,2026-06-19 20:55:38.136676+00,,,,t
d6714d8b-e5cf-47cb-95bb-2ab6f84c23c8,07cc7290-5d3f-421b-a514-b21d6a683494,94a495d5-bcb0-4e8e-89c9-956123866f27,6496fb6b-7c93-4bc8-bb5e-a666ffdae72e,2025-09-19,12,48.20,153.00,155.00,62.50,,20.59,0.408,27.00,30,147.00,3.70,7.35,4.32,1010.00,"{""imc"": ""Excelente"", ""rce"": ""Excelente"", ""abdo"": ""Razoável"", ""flex"": ""Razoável"", ""jump"": ""Bom"", ""run6"": ""Razoável"", ""mball"": ""Razoável"", ""sprint"": ""Razoável"", ""square"": ""Fraco""}",Aluno demonstra evolução consistente em força e resistência cardiorrespiratória. Recomenda-se manter periodização atual.,,2026-06-19 09:12:14.107688+00,2026-06-19 20:55:38.136676+00,,,,t
893bc769-55a9-466f-8495-148aaf1f7661,07cc7290-5d3f-421b-a514-b21d6a683494,94a495d5-bcb0-4e8e-89c9-956123866f27,6496fb6b-7c93-4bc8-bb5e-a666ffdae72e,2026-01-19,13,49.40,153.80,155.80,62.10,,20.88,0.404,28.50,33,153.00,4.00,7.20,4.24,1070.00,"{""imc"": ""Excelente"", ""rce"": ""Excelente"", ""abdo"": ""Bom"", ""flex"": ""Razoável"", ""jump"": ""Bom"", ""run6"": ""Razoável"", ""mball"": ""Bom"", ""sprint"": ""Razoável"", ""square"": ""Muito Fraco""}",Composição corporal dentro do esperado para idade. Boa progressão na flexibilidade e potência de membros inferiores.,,2026-06-19 09:12:14.107688+00,2026-06-19 20:55:38.136676+00,,,,t
5a17f3d5-76b6-4566-92bd-e39785715eed,07cc7290-5d3f-421b-a514-b21d6a683494,94a495d5-bcb0-4e8e-89c9-956123866f27,6496fb6b-7c93-4bc8-bb5e-a666ffdae72e,2026-05-19,13,50.60,154.60,156.60,61.70,,21.17,0.399,30.00,36,159.00,4.30,7.05,4.16,1130.00,"{""imc"": ""Excelente"", ""rce"": ""Razoável"", ""abdo"": ""Bom"", ""flex"": ""Razoável"", ""jump"": ""Bom"", ""run6"": ""Razoável"", ""mball"": ""Bom"", ""sprint"": ""Razoável"", ""square"": ""Fraco""}",Performance acima da média da turma. Indicado encaminhamento para grupo de alto rendimento.,,2026-06-19 09:12:14.107688+00,2026-06-19 20:55:38.136676+00,,,,t
2e2990aa-58e1-4d75-9a15-5dc22251a5a2,07cc7290-5d3f-421b-a514-b21d6a683494,adfee1f5-1aa8-4419-806b-3227f802780f,6496fb6b-7c93-4bc8-bb5e-a666ffdae72e,2025-09-19,13,53.00,159.00,157.00,63.50,,20.96,0.399,24.00,26,148.00,3.30,7.20,4.20,1020.00,"{""imc"": ""Excelente"", ""rce"": ""Razoável"", ""abdo"": ""Fraco"", ""flex"": ""Razoável"", ""jump"": ""Fraco"", ""run6"": ""Fraco"", ""mball"": ""Fraco"", ""sprint"": ""Fraco"", ""square"": ""Muito Fraco""}",Composição corporal dentro do esperado para idade. Boa progressão na flexibilidade e potência de membros inferiores.,,2026-06-19 09:12:14.107688+00,2026-06-19 20:55:38.136676+00,,,,t
2d371fc7-1590-405c-b0a7-a8d7efa824c0,07cc7290-5d3f-421b-a514-b21d6a683494,adfee1f5-1aa8-4419-806b-3227f802780f,6496fb6b-7c93-4bc8-bb5e-a666ffdae72e,2026-01-19,14,54.20,159.80,157.80,63.10,,21.22,0.395,25.50,29,154.00,3.60,7.05,4.12,1080.00,"{""imc"": ""Excelente"", ""rce"": ""Razoável"", ""abdo"": ""Fraco"", ""flex"": ""Bom"", ""jump"": ""Fraco"", ""run6"": ""Fraco"", ""mball"": ""Fraco"", ""sprint"": ""Fraco"", ""square"": ""Muito Fraco""}",Performance acima da média da turma. Indicado encaminhamento para grupo de alto rendimento.,,2026-06-19 09:12:14.107688+00,2026-06-19 20:55:38.136676+00,,,,t
014c64f7-dccd-4c02-a29d-508d09d103e9,07cc7290-5d3f-421b-a514-b21d6a683494,adfee1f5-1aa8-4419-806b-3227f802780f,6496fb6b-7c93-4bc8-bb5e-a666ffdae72e,2026-05-19,14,55.40,160.60,158.60,62.70,,21.48,0.390,27.00,32,160.00,3.90,6.90,4.04,1140.00,"{""imc"": ""Excelente"", ""rce"": ""Razoável"", ""abdo"": ""Razoável"", ""flex"": ""Bom"", ""jump"": ""Fraco"", ""run6"": ""Fraco"", ""mball"": ""Fraco"", ""sprint"": ""Fraco"", ""square"": ""Muito Fraco""}",Pequenas oscilações em provas de velocidade — focar trabalho técnico de saída e aceleração.,,2026-06-19 09:12:14.107688+00,2026-06-19 20:55:38.136676+00,,,,t
a5413fb1-c3e3-4143-afb3-9519d41c471a,07cc7290-5d3f-421b-a514-b21d6a683494,f44d1b7e-eaa3-41be-91c5-88861388f119,6496fb6b-7c93-4bc8-bb5e-a666ffdae72e,2025-09-19,15,57.30,165.00,164.00,67.50,,21.05,0.409,25.00,27,149.00,3.40,7.25,4.24,1030.00,"{""imc"": ""Excelente"", ""rce"": ""Excelente"", ""abdo"": ""Razoável"", ""flex"": ""Fraco"", ""jump"": ""Razoável"", ""run6"": ""Razoável"", ""mball"": ""Fraco"", ""sprint"": ""Razoável"", ""square"": ""Muito Fraco""}",Performance acima da média da turma. Indicado encaminhamento para grupo de alto rendimento.,,2026-06-19 09:12:14.107688+00,2026-06-19 20:55:38.136676+00,,,,t
3fa88374-d269-4f91-bf0c-1172816de277,07cc7290-5d3f-421b-a514-b21d6a683494,f44d1b7e-eaa3-41be-91c5-88861388f119,6496fb6b-7c93-4bc8-bb5e-a666ffdae72e,2026-01-19,15,58.50,165.80,164.80,67.10,,21.28,0.405,26.50,30,155.00,3.70,7.10,4.16,1090.00,"{""imc"": ""Excelente"", ""rce"": ""Excelente"", ""abdo"": ""Razoável"", ""flex"": ""Fraco"", ""jump"": ""Razoável"", ""run6"": ""Razoável"", ""mball"": ""Razoável"", ""sprint"": ""Razoável"", ""square"": ""Muito Fraco""}",Pequenas oscilações em provas de velocidade — focar trabalho técnico de saída e aceleração.,,2026-06-19 09:12:14.107688+00,2026-06-19 20:55:38.136676+00,,,,t
3a3cf4e5-23fe-4bb4-84e4-57ccbedbb6f3,07cc7290-5d3f-421b-a514-b21d6a683494,f44d1b7e-eaa3-41be-91c5-88861388f119,6496fb6b-7c93-4bc8-bb5e-a666ffdae72e,2026-05-19,16,59.70,166.60,165.60,66.70,,21.51,0.400,28.00,33,161.00,4.00,6.95,4.08,1150.00,"{""imc"": ""Excelente"", ""rce"": ""Excelente"", ""abdo"": ""Bom"", ""flex"": ""Fraco"", ""jump"": ""Bom"", ""run6"": ""Razoável"", ""mball"": ""Razoável"", ""sprint"": ""Razoável"", ""square"": ""Muito Fraco""}",Indicadores de saúde estáveis. Continuar reforço de treinos funcionais e mobilidade.,,2026-06-19 09:12:14.107688+00,2026-06-19 20:55:38.136676+00,,,,t
c29b36e6-5119-493f-9ec9-ad00c2dfcc0a,07cc7290-5d3f-421b-a514-b21d6a683494,52d8a320-7819-4c95-9c79-354ae06b1899,6496fb6b-7c93-4bc8-bb5e-a666ffdae72e,2025-09-19,15,65.60,173.00,173.00,68.50,,21.92,0.396,26.00,28,150.00,3.50,7.30,4.28,1040.00,"{""imc"": ""Excelente"", ""rce"": ""Razoável"", ""abdo"": ""Fraco"", ""flex"": ""Razoável"", ""jump"": ""Muito Fraco"", ""run6"": ""Muito Fraco"", ""mball"": ""Muito Fraco"", ""sprint"": ""Muito Fraco"", ""square"": ""Muito Fraco""}",Pequenas oscilações em provas de velocidade — focar trabalho técnico de saída e aceleração.,,2026-06-19 09:12:14.107688+00,2026-06-19 20:55:38.136676+00,,,,t
df569f8a-58a6-4e72-b09d-9a4acc488f0d,07cc7290-5d3f-421b-a514-b21d6a683494,52d8a320-7819-4c95-9c79-354ae06b1899,6496fb6b-7c93-4bc8-bb5e-a666ffdae72e,2026-01-19,15,66.80,173.80,173.80,68.10,,22.11,0.392,27.50,31,156.00,3.80,7.15,4.20,1100.00,"{""imc"": ""Excelente"", ""rce"": ""Razoável"", ""abdo"": ""Fraco"", ""flex"": ""Bom"", ""jump"": ""Muito Fraco"", ""run6"": ""Fraco"", ""mball"": ""Muito Fraco"", ""sprint"": ""Muito Fraco"", ""square"": ""Muito Fraco""}",Indicadores de saúde estáveis. Continuar reforço de treinos funcionais e mobilidade.,,2026-06-19 09:12:14.107688+00,2026-06-19 20:55:38.136676+00,,,,t
ed3a0435-af2a-4fd9-9b2f-0e937ffdc022,07cc7290-5d3f-421b-a514-b21d6a683494,52d8a320-7819-4c95-9c79-354ae06b1899,6496fb6b-7c93-4bc8-bb5e-a666ffdae72e,2026-05-19,16,68.00,174.60,174.60,67.70,,22.31,0.388,29.00,34,162.00,4.10,7.00,4.12,1160.00,"{""imc"": ""Excelente"", ""rce"": ""Razoável"", ""abdo"": ""Fraco"", ""flex"": ""Razoável"", ""jump"": ""Muito Fraco"", ""run6"": ""Fraco"", ""mball"": ""Fraco"", ""sprint"": ""Muito Fraco"", ""square"": ""Muito Fraco""}",Boa adesão ao programa. Sugere-se ampliar volume de corrida contínua para melhorar VO2.,,2026-06-19 09:12:14.107688+00,2026-06-19 20:55:38.136676+00,,,,t
87e7ea14-4ab0-4ba1-8538-bb11061ce4c5,07cc7290-5d3f-421b-a514-b21d6a683494,c1c7d3fc-485f-41d4-b7da-32d740ebadf6,6496fb6b-7c93-4bc8-bb5e-a666ffdae72e,2025-09-19,17,58.90,170.00,171.00,65.50,,20.38,0.385,27.00,29,151.00,3.60,7.35,4.32,960.00,"{""imc"": ""Excelente"", ""rce"": ""Razoável"", ""abdo"": ""Razoável"", ""flex"": ""Fraco"", ""jump"": ""Razoável"", ""run6"": ""Fraco"", ""mball"": ""Fraco"", ""sprint"": ""Fraco"", ""square"": ""Muito Fraco""}",Indicadores de saúde estáveis. Continuar reforço de treinos funcionais e mobilidade.,,2026-06-19 09:12:14.107688+00,2026-06-19 20:55:38.136676+00,,,,t
b2f65948-85e3-4384-a21d-5c154b79d60a,07cc7290-5d3f-421b-a514-b21d6a683494,c1c7d3fc-485f-41d4-b7da-32d740ebadf6,6496fb6b-7c93-4bc8-bb5e-a666ffdae72e,2026-01-19,17,60.10,170.80,171.80,65.10,,20.60,0.381,28.50,32,157.00,3.90,7.20,4.24,1020.00,"{""imc"": ""Excelente"", ""rce"": ""Razoável"", ""abdo"": ""Razoável"", ""flex"": ""Fraco"", ""jump"": ""Razoável"", ""run6"": ""Razoável"", ""mball"": ""Razoável"", ""sprint"": ""Razoável"", ""square"": ""Muito Fraco""}",Boa adesão ao programa. Sugere-se ampliar volume de corrida contínua para melhorar VO2.,,2026-06-19 09:12:14.107688+00,2026-06-19 20:55:38.136676+00,,,,t
cda2b2dd-045a-49eb-9def-0f481e49e9c2,07cc7290-5d3f-421b-a514-b21d6a683494,c1c7d3fc-485f-41d4-b7da-32d740ebadf6,6496fb6b-7c93-4bc8-bb5e-a666ffdae72e,2026-05-19,18,61.30,171.60,172.60,64.70,,20.82,0.377,30.00,35,163.00,4.20,7.05,4.16,1080.00,"{""imc"": ""Excelente"", ""rce"": ""Razoável"", ""abdo"": ""Bom"", ""flex"": ""Fraco"", ""jump"": ""Bom"", ""run6"": ""Razoável"", ""mball"": ""Razoável"", ""sprint"": ""Razoável"", ""square"": ""Muito Fraco""}",Atenção ao IMC: orientar família sobre hábitos alimentares e manter monitoramento trimestral.,,2026-06-19 09:12:14.107688+00,2026-06-19 20:55:38.136676+00,,,,t
3f9a11f9-5f7a-49b7-9545-fda7dc51bd95,07cc7290-5d3f-421b-a514-b21d6a683494,0af486ee-8627-47c6-86e7-7598e2697438,6496fb6b-7c93-4bc8-bb5e-a666ffdae72e,2025-09-19,10,34.20,138.00,140.00,56.00,,17.96,0.406,24.00,30,144.00,3.70,7.20,4.20,970.00,"{""imc"": ""Excelente"", ""rce"": ""Excelente"", ""abdo"": ""Bom"", ""flex"": ""Bom"", ""jump"": ""Razoável"", ""run6"": ""Razoável"", ""mball"": ""Razoável"", ""sprint"": ""Razoável"", ""square"": ""Muito Fraco""}",Boa adesão ao programa. Sugere-se ampliar volume de corrida contínua para melhorar VO2.,,2026-06-19 09:12:14.107688+00,2026-06-19 20:55:38.136676+00,,,,t
57a5b070-c6b2-4796-9efb-2a5e05301ef6,07cc7290-5d3f-421b-a514-b21d6a683494,0af486ee-8627-47c6-86e7-7598e2697438,6496fb6b-7c93-4bc8-bb5e-a666ffdae72e,2026-01-19,10,35.40,138.80,140.80,55.60,,18.37,0.401,25.50,33,150.00,4.00,7.05,4.12,1030.00,"{""imc"": ""Excelente"", ""rce"": ""Excelente"", ""abdo"": ""Bom"", ""flex"": ""Bom"", ""jump"": ""Razoável"", ""run6"": ""Razoável"", ""mball"": ""Bom"", ""sprint"": ""Razoável"", ""square"": ""Fraco""}",Atenção ao IMC: orientar família sobre hábitos alimentares e manter monitoramento trimestral.,,2026-06-19 09:12:14.107688+00,2026-06-19 20:55:38.136676+00,,,,t
05588849-f57b-4fc0-912a-38fca6213dda,07cc7290-5d3f-421b-a514-b21d6a683494,0af486ee-8627-47c6-86e7-7598e2697438,6496fb6b-7c93-4bc8-bb5e-a666ffdae72e,2026-05-19,11,36.60,139.60,141.60,55.20,,18.78,0.395,27.00,36,156.00,4.30,6.90,4.04,1090.00,"{""imc"": ""Excelente"", ""rce"": ""Razoável"", ""abdo"": ""Bom"", ""flex"": ""Bom"", ""jump"": ""Bom"", ""run6"": ""Razoável"", ""mball"": ""Bom"", ""sprint"": ""Razoável"", ""square"": ""Fraco""}",Evolução excelente em potência de membros superiores (medicine ball). Manter treino com cargas progressivas.,,2026-06-19 09:12:14.107688+00,2026-06-19 20:55:38.136676+00,,,,t
4cfa04d3-39cd-4e53-b69b-57a3b5174ef6,07cc7290-5d3f-421b-a514-b21d6a683494,5684433c-01ad-4cae-9828-c0063c0078e5,6496fb6b-7c93-4bc8-bb5e-a666ffdae72e,2025-09-19,11,36.00,142.00,140.00,58.50,,17.85,0.412,25.00,26,145.00,3.30,7.25,4.24,980.00,"{""imc"": ""Excelente"", ""rce"": ""Excelente"", ""abdo"": ""Razoável"", ""flex"": ""Fraco"", ""jump"": ""Bom"", ""run6"": ""Razoável"", ""mball"": ""Razoável"", ""sprint"": ""Razoável"", ""square"": ""Fraco""}",Atenção ao IMC: orientar família sobre hábitos alimentares e manter monitoramento trimestral.,,2026-06-19 09:12:14.107688+00,2026-06-19 20:55:38.136676+00,,,,t
0bf4f91a-4474-40c9-89c7-96f9403d98f7,07cc7290-5d3f-421b-a514-b21d6a683494,5684433c-01ad-4cae-9828-c0063c0078e5,6496fb6b-7c93-4bc8-bb5e-a666ffdae72e,2026-01-19,11,37.20,142.80,140.80,58.10,,18.24,0.407,26.50,29,151.00,3.60,7.10,4.16,1040.00,"{""imc"": ""Excelente"", ""rce"": ""Excelente"", ""abdo"": ""Bom"", ""flex"": ""Razoável"", ""jump"": ""Bom"", ""run6"": ""Razoável"", ""mball"": ""Bom"", ""sprint"": ""Bom"", ""square"": ""Fraco""}",Evolução excelente em potência de membros superiores (medicine ball). Manter treino com cargas progressivas.,,2026-06-19 09:12:14.107688+00,2026-06-19 20:55:38.136676+00,,,,t
4b300d1a-cc4c-4a88-9261-288dd191c5f2,07cc7290-5d3f-421b-a514-b21d6a683494,5684433c-01ad-4cae-9828-c0063c0078e5,6496fb6b-7c93-4bc8-bb5e-a666ffdae72e,2026-05-19,11,38.40,143.60,141.60,57.70,,18.62,0.402,28.00,32,157.00,3.90,6.95,4.08,1100.00,"{""imc"": ""Excelente"", ""rce"": ""Excelente"", ""abdo"": ""Bom"", ""flex"": ""Razoável"", ""jump"": ""Muito Bom"", ""run6"": ""Razoável"", ""mball"": ""Bom"", ""sprint"": ""Bom"", ""square"": ""Razoável""}",Resultados em flexibilidade abaixo da meta — incluir rotina de alongamento ativo nas aulas.,,2026-06-19 09:12:14.107688+00,2026-06-19 20:55:38.136676+00,,,,t
b74afb36-5af4-4126-be57-0fed5829a6d3,07cc7290-5d3f-421b-a514-b21d6a683494,8a45c4ef-f1cf-46d9-8bf1-f46bacfdb412,6496fb6b-7c93-4bc8-bb5e-a666ffdae72e,2025-09-19,11,40.30,146.00,145.00,59.50,,18.91,0.408,26.00,27,146.00,3.40,7.30,4.28,990.00,"{""imc"": ""Excelente"", ""rce"": ""Excelente"", ""abdo"": ""Razoável"", ""flex"": ""Bom"", ""jump"": ""Razoável"", ""run6"": ""Fraco"", ""mball"": ""Razoável"", ""sprint"": ""Fraco"", ""square"": ""Muito Fraco""}",Evolução excelente em potência de membros superiores (medicine ball). Manter treino com cargas progressivas.,,2026-06-19 09:12:14.107688+00,2026-06-19 20:55:38.136676+00,,,,t
92149be4-4504-4c3f-8f41-cb5c303aa535,07cc7290-5d3f-421b-a514-b21d6a683494,8a45c4ef-f1cf-46d9-8bf1-f46bacfdb412,6496fb6b-7c93-4bc8-bb5e-a666ffdae72e,2026-01-19,11,41.50,146.80,145.80,59.10,,19.26,0.403,27.50,30,152.00,3.70,7.15,4.20,1050.00,"{""imc"": ""Excelente"", ""rce"": ""Excelente"", ""abdo"": ""Razoável"", ""flex"": ""Bom"", ""jump"": ""Razoável"", ""run6"": ""Razoável"", ""mball"": ""Razoável"", ""sprint"": ""Fraco"", ""square"": ""Muito Fraco""}",Resultados em flexibilidade abaixo da meta — incluir rotina de alongamento ativo nas aulas.,,2026-06-19 09:12:14.107688+00,2026-06-19 20:55:38.136676+00,,,,t
22ecd704-f361-4db6-89ca-0f3e8a89a26e,07cc7290-5d3f-421b-a514-b21d6a683494,8a45c4ef-f1cf-46d9-8bf1-f46bacfdb412,6496fb6b-7c93-4bc8-bb5e-a666ffdae72e,2026-05-19,11,42.70,147.60,146.60,58.70,,19.60,0.398,29.00,33,158.00,4.00,7.00,4.12,1110.00,"{""imc"": ""Excelente"", ""rce"": ""Razoável"", ""abdo"": ""Bom"", ""flex"": ""Muito Bom"", ""jump"": ""Bom"", ""run6"": ""Razoável"", ""mball"": ""Razoável"", ""sprint"": ""Razoável"", ""square"": ""Muito Fraco""}",Perfil de baixo risco. Recomenda-se participação em modalidades coletivas para socialização.,,2026-06-19 09:12:14.107688+00,2026-06-19 20:55:38.136676+00,,,,t
732bb85a-cc23-4cbf-9072-17c59149cd9c,07cc7290-5d3f-421b-a514-b21d6a683494,ae236b17-1da2-4e53-8fcb-7d27aff8e779,6496fb6b-7c93-4bc8-bb5e-a666ffdae72e,2025-09-19,12,42.60,149.00,149.00,62.00,,19.19,0.416,27.00,28,147.00,3.50,7.35,4.32,1000.00,"{""imc"": ""Excelente"", ""rce"": ""Excelente"", ""abdo"": ""Razoável"", ""flex"": ""Razoável"", ""jump"": ""Bom"", ""run6"": ""Fraco"", ""mball"": ""Razoável"", ""sprint"": ""Razoável"", ""square"": ""Fraco""}",Resultados em flexibilidade abaixo da meta — incluir rotina de alongamento ativo nas aulas.,,2026-06-19 09:12:14.107688+00,2026-06-19 20:55:38.136676+00,,,,t
b4114870-0c3e-45e8-bdd7-025a4e01fef0,07cc7290-5d3f-421b-a514-b21d6a683494,ae236b17-1da2-4e53-8fcb-7d27aff8e779,6496fb6b-7c93-4bc8-bb5e-a666ffdae72e,2026-01-19,12,43.80,149.80,149.80,61.60,,19.52,0.411,28.50,31,153.00,3.80,7.20,4.24,1060.00,"{""imc"": ""Excelente"", ""rce"": ""Excelente"", ""abdo"": ""Bom"", ""flex"": ""Razoável"", ""jump"": ""Bom"", ""run6"": ""Razoável"", ""mball"": ""Bom"", ""sprint"": ""Razoável"", ""square"": ""Fraco""}",Perfil de baixo risco. Recomenda-se participação em modalidades coletivas para socialização.,,2026-06-19 09:12:14.107688+00,2026-06-19 20:55:38.136676+00,,,,t
4dcaa9cf-d45d-4d2b-92a0-b80ad64a0b36,07cc7290-5d3f-421b-a514-b21d6a683494,ae236b17-1da2-4e53-8fcb-7d27aff8e779,6496fb6b-7c93-4bc8-bb5e-a666ffdae72e,2026-05-19,12,45.00,150.60,150.60,61.20,,19.84,0.406,30.00,34,159.00,4.10,7.05,4.16,1120.00,"{""imc"": ""Excelente"", ""rce"": ""Excelente"", ""abdo"": ""Bom"", ""flex"": ""Razoável"", ""jump"": ""Bom"", ""run6"": ""Razoável"", ""mball"": ""Bom"", ""sprint"": ""Razoável"", ""square"": ""Fraco""}",Aluno demonstra evolução consistente em força e resistência cardiorrespiratória. Recomenda-se manter periodização atual.,,2026-06-19 09:12:14.107688+00,2026-06-19 20:55:38.136676+00,,,,t
e03c2cb8-2148-487d-86dd-ccc37f501ccb,07cc7290-5d3f-421b-a514-b21d6a683494,1bb63937-2bc4-4416-88ab-d0bf47190382,6496fb6b-7c93-4bc8-bb5e-a666ffdae72e,2025-09-19,12,47.90,154.00,155.00,63.00,,20.20,0.409,24.00,29,148.00,3.60,7.20,4.20,1010.00,"{""imc"": ""Excelente"", ""rce"": ""Excelente"", ""abdo"": ""Razoável"", ""flex"": ""Bom"", ""jump"": ""Razoável"", ""run6"": ""Fraco"", ""mball"": ""Fraco"", ""sprint"": ""Fraco"", ""square"": ""Muito Fraco""}",Perfil de baixo risco. Recomenda-se participação em modalidades coletivas para socialização.,,2026-06-19 09:12:14.107688+00,2026-06-19 20:55:38.136676+00,,,,t
48b0506a-7bde-43a5-a024-42ca6e8a594e,07cc7290-5d3f-421b-a514-b21d6a683494,1bb63937-2bc4-4416-88ab-d0bf47190382,6496fb6b-7c93-4bc8-bb5e-a666ffdae72e,2026-01-19,12,49.10,154.80,155.80,62.60,,20.49,0.404,25.50,32,154.00,3.90,7.05,4.12,1070.00,"{""imc"": ""Excelente"", ""rce"": ""Excelente"", ""abdo"": ""Razoável"", ""flex"": ""Bom"", ""jump"": ""Razoável"", ""run6"": ""Razoável"", ""mball"": ""Razoável"", ""sprint"": ""Fraco"", ""square"": ""Muito Fraco""}",Aluno demonstra evolução consistente em força e resistência cardiorrespiratória. Recomenda-se manter periodização atual.,,2026-06-19 09:12:14.107688+00,2026-06-19 20:55:38.136676+00,,,,t
19aba50a-9a5a-4615-9a73-70e7000b9a02,07cc7290-5d3f-421b-a514-b21d6a683494,1bb63937-2bc4-4416-88ab-d0bf47190382,6496fb6b-7c93-4bc8-bb5e-a666ffdae72e,2026-05-19,12,50.30,155.60,156.60,62.20,,20.78,0.400,27.00,35,160.00,4.20,6.90,4.04,1130.00,"{""imc"": ""Excelente"", ""rce"": ""Excelente"", ""abdo"": ""Bom"", ""flex"": ""Bom"", ""jump"": ""Razoável"", ""run6"": ""Razoável"", ""mball"": ""Razoável"", ""sprint"": ""Razoável"", ""square"": ""Muito Fraco""}",Composição corporal dentro do esperado para idade. Boa progressão na flexibilidade e potência de membros inferiores.,,2026-06-19 09:12:14.107688+00,2026-06-19 20:55:38.136676+00,,,,t
92059d82-7084-49e9-ae4d-6d97e7918eea,07cc7290-5d3f-421b-a514-b21d6a683494,4e5bcbe9-59fa-4f75-b0aa-b04b48e6d375,6496fb6b-7c93-4bc8-bb5e-a666ffdae72e,2025-09-19,13,53.20,161.00,163.00,67.00,,20.52,0.416,25.00,30,149.00,3.70,7.25,4.24,1020.00,"{""imc"": ""Excelente"", ""rce"": ""Excelente"", ""abdo"": ""Razoável"", ""flex"": ""Fraco"", ""jump"": ""Razoável"", ""run6"": ""Razoável"", ""mball"": ""Razoável"", ""sprint"": ""Razoável"", ""square"": ""Muito Fraco""}",Aluno demonstra evolução consistente em força e resistência cardiorrespiratória. Recomenda-se manter periodização atual.,,2026-06-19 09:12:14.107688+00,2026-06-19 20:55:38.136676+00,,,,t
55499e47-8e7e-4521-9597-4ed846690244,07cc7290-5d3f-421b-a514-b21d6a683494,4e5bcbe9-59fa-4f75-b0aa-b04b48e6d375,6496fb6b-7c93-4bc8-bb5e-a666ffdae72e,2026-01-19,14,54.40,161.80,163.80,66.60,,20.78,0.412,26.50,33,155.00,4.00,7.10,4.16,1080.00,"{""imc"": ""Excelente"", ""rce"": ""Excelente"", ""abdo"": ""Bom"", ""flex"": ""Fraco"", ""jump"": ""Razoável"", ""run6"": ""Razoável"", ""mball"": ""Razoável"", ""sprint"": ""Razoável"", ""square"": ""Muito Fraco""}",Composição corporal dentro do esperado para idade. Boa progressão na flexibilidade e potência de membros inferiores.,,2026-06-19 09:12:14.107688+00,2026-06-19 20:55:38.136676+00,,,,t
275eea22-294f-4afa-9ad0-4e1cdefe5eef,07cc7290-5d3f-421b-a514-b21d6a683494,4e5bcbe9-59fa-4f75-b0aa-b04b48e6d375,6496fb6b-7c93-4bc8-bb5e-a666ffdae72e,2026-05-19,14,55.60,162.60,164.60,66.20,,21.03,0.407,28.00,36,161.00,4.30,6.95,4.08,1140.00,"{""imc"": ""Excelente"", ""rce"": ""Excelente"", ""abdo"": ""Bom"", ""flex"": ""Fraco"", ""jump"": ""Bom"", ""run6"": ""Razoável"", ""mball"": ""Bom"", ""sprint"": ""Razoável"", ""square"": ""Fraco""}",Performance acima da média da turma. Indicado encaminhamento para grupo de alto rendimento.,,2026-06-19 09:12:14.107688+00,2026-06-19 20:55:38.136676+00,,,,t
1ef9ae3c-317d-479c-bd66-ea3a400c9690,07cc7290-5d3f-421b-a514-b21d6a683494,d3d66b4a-4695-48e0-902c-b85289fcb181,6496fb6b-7c93-4bc8-bb5e-a666ffdae72e,2025-09-19,13,59.00,161.00,159.00,61.00,,22.76,0.379,26.00,26,150.00,3.30,7.30,4.28,1030.00,"{""imc"": ""Razoável"", ""rce"": ""Razoável"", ""abdo"": ""Fraco"", ""flex"": ""Bom"", ""jump"": ""Fraco"", ""run6"": ""Fraco"", ""mball"": ""Fraco"", ""sprint"": ""Fraco"", ""square"": ""Muito Fraco""}",Composição corporal dentro do esperado para idade. Boa progressão na flexibilidade e potência de membros inferiores.,,2026-06-19 09:12:14.107688+00,2026-06-19 20:55:38.136676+00,,,,t
836df24a-f5ce-473f-a96b-9a21ee9edda0,07cc7290-5d3f-421b-a514-b21d6a683494,d3d66b4a-4695-48e0-902c-b85289fcb181,6496fb6b-7c93-4bc8-bb5e-a666ffdae72e,2026-01-19,14,60.20,161.80,159.80,60.60,,23.00,0.375,27.50,29,156.00,3.60,7.15,4.20,1090.00,"{""imc"": ""Razoável"", ""rce"": ""Razoável"", ""abdo"": ""Fraco"", ""flex"": ""Bom"", ""jump"": ""Fraco"", ""run6"": ""Fraco"", ""mball"": ""Fraco"", ""sprint"": ""Muito Fraco"", ""square"": ""Muito Fraco""}",Performance acima da média da turma. Indicado encaminhamento para grupo de alto rendimento.,,2026-06-19 09:12:14.107688+00,2026-06-19 20:55:38.136676+00,,,,t
62ebc9a7-5bb0-4150-a314-eb9ebbc21c4b,07cc7290-5d3f-421b-a514-b21d6a683494,d3d66b4a-4695-48e0-902c-b85289fcb181,6496fb6b-7c93-4bc8-bb5e-a666ffdae72e,2026-05-19,14,61.40,162.60,160.60,60.20,,23.22,0.370,29.00,32,162.00,3.90,7.00,4.12,1150.00,"{""imc"": ""Razoável"", ""rce"": ""Razoável"", ""abdo"": ""Razoável"", ""flex"": ""Bom"", ""jump"": ""Fraco"", ""run6"": ""Fraco"", ""mball"": ""Fraco"", ""sprint"": ""Fraco"", ""square"": ""Muito Fraco""}",Pequenas oscilações em provas de velocidade — focar trabalho técnico de saída e aceleração.,,2026-06-19 09:12:14.107688+00,2026-06-19 20:55:38.136676+00,,,,t
e73c81ab-1d5c-4148-afeb-3d347e9b5f79,07cc7290-5d3f-421b-a514-b21d6a683494,39bfb330-5f38-4e88-bb14-1b17a5d0e412,6496fb6b-7c93-4bc8-bb5e-a666ffdae72e,2025-09-19,15,62.30,166.00,165.00,65.00,,22.61,0.392,27.00,27,151.00,3.40,7.35,4.32,1040.00,"{""imc"": ""Razoável"", ""rce"": ""Razoável"", ""abdo"": ""Razoável"", ""flex"": ""Fraco"", ""jump"": ""Razoável"", ""run6"": ""Razoável"", ""mball"": ""Fraco"", ""sprint"": ""Fraco"", ""square"": ""Muito Fraco""}",Performance acima da média da turma. Indicado encaminhamento para grupo de alto rendimento.,,2026-06-19 09:12:14.107688+00,2026-06-19 20:55:38.136676+00,,,,t
ec67abdf-fb59-4ef9-bf83-79062db3cd6c,07cc7290-5d3f-421b-a514-b21d6a683494,39bfb330-5f38-4e88-bb14-1b17a5d0e412,6496fb6b-7c93-4bc8-bb5e-a666ffdae72e,2026-01-19,16,63.50,166.80,165.80,64.60,,22.82,0.387,28.50,30,157.00,3.70,7.20,4.24,1100.00,"{""imc"": ""Razoável"", ""rce"": ""Razoável"", ""abdo"": ""Razoável"", ""flex"": ""Fraco"", ""jump"": ""Razoável"", ""run6"": ""Razoável"", ""mball"": ""Razoável"", ""sprint"": ""Razoável"", ""square"": ""Muito Fraco""}",Pequenas oscilações em provas de velocidade — focar trabalho técnico de saída e aceleração.,,2026-06-19 09:12:14.107688+00,2026-06-19 20:55:38.136676+00,,,,t
c59aa70c-7c92-4ca6-b746-3b0fce8e19cf,07cc7290-5d3f-421b-a514-b21d6a683494,39bfb330-5f38-4e88-bb14-1b17a5d0e412,6496fb6b-7c93-4bc8-bb5e-a666ffdae72e,2026-05-19,16,64.70,167.60,166.60,64.20,,23.03,0.383,30.00,33,163.00,4.00,7.05,4.16,1160.00,"{""imc"": ""Razoável"", ""rce"": ""Razoável"", ""abdo"": ""Bom"", ""flex"": ""Fraco"", ""jump"": ""Bom"", ""run6"": ""Bom"", ""mball"": ""Razoável"", ""sprint"": ""Razoável"", ""square"": ""Muito Fraco""}",Indicadores de saúde estáveis. Continuar reforço de treinos funcionais e mobilidade.,,2026-06-19 09:12:14.107688+00,2026-06-19 20:55:38.136676+00,,,,t
17c05920-a647-4e6b-bfd3-59385f61bc63,07cc7290-5d3f-421b-a514-b21d6a683494,7034bb36-248e-4dd0-aa61-0f0f9dd18565,6496fb6b-7c93-4bc8-bb5e-a666ffdae72e,2025-09-19,16,62.60,175.00,175.00,66.00,,20.44,0.377,24.00,28,144.00,3.50,7.20,4.20,960.00,"{""imc"": ""Excelente"", ""rce"": ""Razoável"", ""abdo"": ""Muito Fraco"", ""flex"": ""Fraco"", ""jump"": ""Muito Fraco"", ""run6"": ""Muito Fraco"", ""mball"": ""Muito Fraco"", ""sprint"": ""Muito Fraco"", ""square"": ""Muito Fraco""}",Pequenas oscilações em provas de velocidade — focar trabalho técnico de saída e aceleração.,,2026-06-19 09:12:14.107688+00,2026-06-19 20:55:38.136676+00,,,,t
368364e6-d721-4ede-8c8d-3a83dca09376,07cc7290-5d3f-421b-a514-b21d6a683494,7034bb36-248e-4dd0-aa61-0f0f9dd18565,6496fb6b-7c93-4bc8-bb5e-a666ffdae72e,2026-01-19,17,63.80,175.80,175.80,65.60,,20.64,0.373,25.50,31,150.00,3.80,7.05,4.12,1020.00,"{""imc"": ""Excelente"", ""rce"": ""Razoável"", ""abdo"": ""Fraco"", ""flex"": ""Razoável"", ""jump"": ""Muito Fraco"", ""run6"": ""Muito Fraco"", ""mball"": ""Muito Fraco"", ""sprint"": ""Muito Fraco"", ""square"": ""Muito Fraco""}",Indicadores de saúde estáveis. Continuar reforço de treinos funcionais e mobilidade.,,2026-06-19 09:12:14.107688+00,2026-06-19 20:55:38.136676+00,,,,t
53b81c5c-cdca-45cd-a65f-3d1f0c4bccd3,07cc7290-5d3f-421b-a514-b21d6a683494,7034bb36-248e-4dd0-aa61-0f0f9dd18565,6496fb6b-7c93-4bc8-bb5e-a666ffdae72e,2026-05-19,17,65.00,176.60,176.60,65.20,,20.84,0.369,27.00,34,156.00,4.10,6.90,4.04,1080.00,"{""imc"": ""Excelente"", ""rce"": ""Razoável"", ""abdo"": ""Fraco"", ""flex"": ""Razoável"", ""jump"": ""Muito Fraco"", ""run6"": ""Muito Fraco"", ""mball"": ""Muito Fraco"", ""sprint"": ""Muito Fraco"", ""square"": ""Muito Fraco""}",Boa adesão ao programa. Sugere-se ampliar volume de corrida contínua para melhorar VO2.,,2026-06-19 09:12:14.107688+00,2026-06-19 20:55:38.136676+00,,,,t
536d6df3-ec4b-4f23-ad84-a53a547df7ae,07cc7290-5d3f-421b-a514-b21d6a683494,8bc881c1-e5de-40f7-a2ad-b7b2b167af9f,6496fb6b-7c93-4bc8-bb5e-a666ffdae72e,2025-09-19,11,35.90,143.00,144.00,59.50,,17.56,0.416,25.00,29,145.00,3.60,7.25,4.24,970.00,"{""imc"": ""Excelente"", ""rce"": ""Excelente"", ""abdo"": ""Bom"", ""flex"": ""Fraco"", ""jump"": ""Bom"", ""run6"": ""Razoável"", ""mball"": ""Bom"", ""sprint"": ""Razoável"", ""square"": ""Fraco""}",Indicadores de saúde estáveis. Continuar reforço de treinos funcionais e mobilidade.,,2026-06-19 09:12:14.107688+00,2026-06-19 20:55:38.136676+00,,,,t
56bcc441-5e7a-478b-b3f2-877e9f6f7e4e,07cc7290-5d3f-421b-a514-b21d6a683494,8bc881c1-e5de-40f7-a2ad-b7b2b167af9f,6496fb6b-7c93-4bc8-bb5e-a666ffdae72e,2026-01-19,11,37.10,143.80,144.80,59.10,,17.94,0.411,26.50,32,151.00,3.90,7.10,4.16,1030.00,"{""imc"": ""Excelente"", ""rce"": ""Excelente"", ""abdo"": ""Bom"", ""flex"": ""Razoável"", ""jump"": ""Bom"", ""run6"": ""Razoável"", ""mball"": ""Bom"", ""sprint"": ""Bom"", ""square"": ""Fraco""}",Boa adesão ao programa. Sugere-se ampliar volume de corrida contínua para melhorar VO2.,,2026-06-19 09:12:14.107688+00,2026-06-19 20:55:38.136676+00,,,,t
035dbb69-b37d-4819-89ae-0891604d9036,07cc7290-5d3f-421b-a514-b21d6a683494,8bc881c1-e5de-40f7-a2ad-b7b2b167af9f,6496fb6b-7c93-4bc8-bb5e-a666ffdae72e,2026-05-19,12,38.30,144.60,145.60,58.70,,18.32,0.406,28.00,35,157.00,4.20,6.95,4.08,1090.00,"{""imc"": ""Excelente"", ""rce"": ""Excelente"", ""abdo"": ""Bom"", ""flex"": ""Razoável"", ""jump"": ""Bom"", ""run6"": ""Razoável"", ""mball"": ""Bom"", ""sprint"": ""Bom"", ""square"": ""Fraco""}",Atenção ao IMC: orientar família sobre hábitos alimentares e manter monitoramento trimestral.,,2026-06-19 09:12:14.107688+00,2026-06-19 20:55:38.136676+00,,,,t
9cce188a-1a9f-45b2-9a3c-23213021cefe,07cc7290-5d3f-421b-a514-b21d6a683494,bb5788fb-8de3-4c25-8047-697e967927fb,6496fb6b-7c93-4bc8-bb5e-a666ffdae72e,2025-09-19,10,35.20,141.00,143.00,59.00,,17.71,0.418,26.00,30,146.00,3.70,7.30,4.28,980.00,"{""imc"": ""Excelente"", ""rce"": ""Excelente"", ""abdo"": ""Bom"", ""flex"": ""Bom"", ""jump"": ""Razoável"", ""run6"": ""Razoável"", ""mball"": ""Razoável"", ""sprint"": ""Razoável"", ""square"": ""Muito Fraco""}",Boa adesão ao programa. Sugere-se ampliar volume de corrida contínua para melhorar VO2.,,2026-06-19 09:12:14.107688+00,2026-06-19 20:55:38.136676+00,,,,t
e6a6805a-40b4-42b5-b55d-a6154311ce96,07cc7290-5d3f-421b-a514-b21d6a683494,bb5788fb-8de3-4c25-8047-697e967927fb,6496fb6b-7c93-4bc8-bb5e-a666ffdae72e,2026-01-19,10,36.40,141.80,143.80,58.60,,18.10,0.413,27.50,33,152.00,4.00,7.15,4.20,1040.00,"{""imc"": ""Excelente"", ""rce"": ""Excelente"", ""abdo"": ""Bom"", ""flex"": ""Muito Bom"", ""jump"": ""Bom"", ""run6"": ""Razoável"", ""mball"": ""Bom"", ""sprint"": ""Razoável"", ""square"": ""Fraco""}",Atenção ao IMC: orientar família sobre hábitos alimentares e manter monitoramento trimestral.,,2026-06-19 09:12:14.107688+00,2026-06-19 20:55:38.136676+00,,,,t
c64e0ea4-86d0-4071-a5f4-ff5b3ee20c85,07cc7290-5d3f-421b-a514-b21d6a683494,bb5788fb-8de3-4c25-8047-697e967927fb,6496fb6b-7c93-4bc8-bb5e-a666ffdae72e,2026-05-19,11,37.60,142.60,144.60,58.20,,18.49,0.408,29.00,36,158.00,4.30,7.00,4.12,1100.00,"{""imc"": ""Excelente"", ""rce"": ""Excelente"", ""abdo"": ""Bom"", ""flex"": ""Muito Bom"", ""jump"": ""Bom"", ""run6"": ""Razoável"", ""mball"": ""Bom"", ""sprint"": ""Razoável"", ""square"": ""Muito Fraco""}",Evolução excelente em potência de membros superiores (medicine ball). Manter treino com cargas progressivas.,,2026-06-19 09:12:14.107688+00,2026-06-19 20:55:38.136676+00,,,,t
4e44bc71-8026-4eaa-aba3-9a63399cb380,07cc7290-5d3f-421b-a514-b21d6a683494,ba15a717-e82b-49b7-9922-9e5873abb691,6496fb6b-7c93-4bc8-bb5e-a666ffdae72e,2025-09-19,12,41.00,150.00,148.00,63.00,,18.22,0.420,27.00,26,147.00,3.30,7.35,4.32,990.00,"{""imc"": ""Excelente"", ""rce"": ""Excelente"", ""abdo"": ""Razoável"", ""flex"": ""Razoável"", ""jump"": ""Bom"", ""run6"": ""Fraco"", ""mball"": ""Razoável"", ""sprint"": ""Razoável"", ""square"": ""Fraco""}",Atenção ao IMC: orientar família sobre hábitos alimentares e manter monitoramento trimestral.,,2026-06-19 09:12:14.107688+00,2026-06-19 20:55:38.136676+00,,,,t
bc604a2c-3ea9-4b6e-8e85-25e9d6012ded,07cc7290-5d3f-421b-a514-b21d6a683494,ba15a717-e82b-49b7-9922-9e5873abb691,6496fb6b-7c93-4bc8-bb5e-a666ffdae72e,2026-01-19,12,42.20,150.80,148.80,62.60,,18.56,0.415,28.50,29,153.00,3.60,7.20,4.24,1050.00,"{""imc"": ""Excelente"", ""rce"": ""Excelente"", ""abdo"": ""Razoável"", ""flex"": ""Razoável"", ""jump"": ""Bom"", ""run6"": ""Razoável"", ""mball"": ""Razoável"", ""sprint"": ""Razoável"", ""square"": ""Fraco""}",Evolução excelente em potência de membros superiores (medicine ball). Manter treino com cargas progressivas.,,2026-06-19 09:12:14.107688+00,2026-06-19 20:55:38.136676+00,,,,t
4019fc0a-60c6-41f8-bf43-1016f9708da8,07cc7290-5d3f-421b-a514-b21d6a683494,ba15a717-e82b-49b7-9922-9e5873abb691,6496fb6b-7c93-4bc8-bb5e-a666ffdae72e,2026-05-19,13,43.40,151.60,149.60,62.20,,18.88,0.410,30.00,32,159.00,3.90,7.05,4.16,1110.00,"{""imc"": ""Excelente"", ""rce"": ""Excelente"", ""abdo"": ""Bom"", ""flex"": ""Razoável"", ""jump"": ""Bom"", ""run6"": ""Razoável"", ""mball"": ""Razoável"", ""sprint"": ""Razoável"", ""square"": ""Fraco""}",Resultados em flexibilidade abaixo da meta — incluir rotina de alongamento ativo nas aulas.,,2026-06-19 09:12:14.107688+00,2026-06-19 20:55:38.136676+00,,,,t
369032eb-3979-4e02-8a3d-eebb5a020fb1,07cc7290-5d3f-421b-a514-b21d6a683494,f3744114-be78-4f12-a10b-909ccbc7af0f,6496fb6b-7c93-4bc8-bb5e-a666ffdae72e,2025-09-19,11,41.30,149.00,148.00,62.50,,18.60,0.419,24.00,27,148.00,3.40,7.20,4.20,1000.00,"{""imc"": ""Excelente"", ""rce"": ""Excelente"", ""abdo"": ""Razoável"", ""flex"": ""Bom"", ""jump"": ""Razoável"", ""run6"": ""Fraco"", ""mball"": ""Razoável"", ""sprint"": ""Fraco"", ""square"": ""Muito Fraco""}",Evolução excelente em potência de membros superiores (medicine ball). Manter treino com cargas progressivas.,,2026-06-19 09:12:14.107688+00,2026-06-19 20:55:38.136676+00,,,,t
c63dde93-1dab-4a5e-b29b-072e734d8d91,07cc7290-5d3f-421b-a514-b21d6a683494,f3744114-be78-4f12-a10b-909ccbc7af0f,6496fb6b-7c93-4bc8-bb5e-a666ffdae72e,2026-01-19,11,42.50,149.80,148.80,62.10,,18.94,0.415,25.50,30,154.00,3.70,7.05,4.12,1060.00,"{""imc"": ""Excelente"", ""rce"": ""Excelente"", ""abdo"": ""Razoável"", ""flex"": ""Bom"", ""jump"": ""Razoável"", ""run6"": ""Razoável"", ""mball"": ""Razoável"", ""sprint"": ""Razoável"", ""square"": ""Muito Fraco""}",Resultados em flexibilidade abaixo da meta — incluir rotina de alongamento ativo nas aulas.,,2026-06-19 09:12:14.107688+00,2026-06-19 20:55:38.136676+00,,,,t
47de1240-f54e-4737-81e4-c9c95ebf5889,07cc7290-5d3f-421b-a514-b21d6a683494,f3744114-be78-4f12-a10b-909ccbc7af0f,6496fb6b-7c93-4bc8-bb5e-a666ffdae72e,2026-05-19,11,43.70,150.60,149.60,61.70,,19.27,0.410,27.00,33,160.00,4.00,6.90,4.04,1120.00,"{""imc"": ""Excelente"", ""rce"": ""Excelente"", ""abdo"": ""Bom"", ""flex"": ""Bom"", ""jump"": ""Bom"", ""run6"": ""Razoável"", ""mball"": ""Razoável"", ""sprint"": ""Razoável"", ""square"": ""Fraco""}",Perfil de baixo risco. Recomenda-se participação em modalidades coletivas para socialização.,,2026-06-19 09:12:14.107688+00,2026-06-19 20:55:38.136676+00,,,,t
daf76755-1868-4491-b97a-7d2e7eb3695f,07cc7290-5d3f-421b-a514-b21d6a683494,5dd6be2c-edd0-496b-a17a-74b70d0c7953,6496fb6b-7c93-4bc8-bb5e-a666ffdae72e,2025-09-19,13,47.60,150.00,150.00,59.50,,21.16,0.397,25.00,28,149.00,3.50,7.25,4.24,1010.00,"{""imc"": ""Excelente"", ""rce"": ""Razoável"", ""abdo"": ""Razoável"", ""flex"": ""Fraco"", ""jump"": ""Razoável"", ""run6"": ""Razoável"", ""mball"": ""Razoável"", ""sprint"": ""Razoável"", ""square"": ""Muito Fraco""}",Resultados em flexibilidade abaixo da meta — incluir rotina de alongamento ativo nas aulas.,,2026-06-19 09:12:14.107688+00,2026-06-19 20:55:38.136676+00,,,,t
8f1506b4-c0af-45d5-b4dd-73a31b9242a3,07cc7290-5d3f-421b-a514-b21d6a683494,5dd6be2c-edd0-496b-a17a-74b70d0c7953,6496fb6b-7c93-4bc8-bb5e-a666ffdae72e,2026-01-19,13,48.80,150.80,150.80,59.10,,21.46,0.392,26.50,31,155.00,3.80,7.10,4.16,1070.00,"{""imc"": ""Excelente"", ""rce"": ""Razoável"", ""abdo"": ""Bom"", ""flex"": ""Fraco"", ""jump"": ""Bom"", ""run6"": ""Razoável"", ""mball"": ""Razoável"", ""sprint"": ""Razoável"", ""square"": ""Fraco""}",Perfil de baixo risco. Recomenda-se participação em modalidades coletivas para socialização.,,2026-06-19 09:12:14.107688+00,2026-06-19 20:55:38.136676+00,,,,t
83f1b3b7-1e82-4c74-8360-c1641fa57db6,07cc7290-5d3f-421b-a514-b21d6a683494,5dd6be2c-edd0-496b-a17a-74b70d0c7953,6496fb6b-7c93-4bc8-bb5e-a666ffdae72e,2026-05-19,13,50.00,151.60,151.60,58.70,,21.76,0.387,28.00,34,161.00,4.10,6.95,4.08,1130.00,"{""imc"": ""Excelente"", ""rce"": ""Razoável"", ""abdo"": ""Bom"", ""flex"": ""Razoável"", ""jump"": ""Bom"", ""run6"": ""Razoável"", ""mball"": ""Bom"", ""sprint"": ""Razoável"", ""square"": ""Fraco""}",Aluno demonstra evolução consistente em força e resistência cardiorrespiratória. Recomenda-se manter periodização atual.,,2026-06-19 09:12:14.107688+00,2026-06-19 20:55:38.136676+00,,,,t
3028f8a8-7997-41ba-96f2-f520ac343a26,07cc7290-5d3f-421b-a514-b21d6a683494,ce092b77-1c2c-4d48-a33e-eb88066252be,6496fb6b-7c93-4bc8-bb5e-a666ffdae72e,2025-09-19,13,53.90,156.00,157.00,60.50,,22.15,0.388,26.00,29,150.00,3.60,7.30,4.28,1020.00,"{""imc"": ""Excelente"", ""rce"": ""Razoável"", ""abdo"": ""Razoável"", ""flex"": ""Bom"", ""jump"": ""Fraco"", ""run6"": ""Fraco"", ""mball"": ""Fraco"", ""sprint"": ""Fraco"", ""square"": ""Muito Fraco""}",Perfil de baixo risco. Recomenda-se participação em modalidades coletivas para socialização.,,2026-06-19 09:12:14.107688+00,2026-06-19 20:55:38.136676+00,,,,t
b80edf82-e1a7-42bd-bf2a-87114b43ae8b,07cc7290-5d3f-421b-a514-b21d6a683494,ce092b77-1c2c-4d48-a33e-eb88066252be,6496fb6b-7c93-4bc8-bb5e-a666ffdae72e,2026-01-19,13,55.10,156.80,157.80,60.10,,22.41,0.383,27.50,32,156.00,3.90,7.15,4.20,1080.00,"{""imc"": ""Excelente"", ""rce"": ""Razoável"", ""abdo"": ""Razoável"", ""flex"": ""Bom"", ""jump"": ""Razoável"", ""run6"": ""Fraco"", ""mball"": ""Fraco"", ""sprint"": ""Fraco"", ""square"": ""Muito Fraco""}",Aluno demonstra evolução consistente em força e resistência cardiorrespiratória. Recomenda-se manter periodização atual.,,2026-06-19 09:12:14.107688+00,2026-06-19 20:55:38.136676+00,,,,t
aba01f3e-d743-478d-94a2-c310210c1b56,07cc7290-5d3f-421b-a514-b21d6a683494,ce092b77-1c2c-4d48-a33e-eb88066252be,6496fb6b-7c93-4bc8-bb5e-a666ffdae72e,2026-05-19,13,56.30,157.60,158.60,59.70,,22.67,0.379,29.00,35,162.00,4.20,7.00,4.12,1140.00,"{""imc"": ""Razoável"", ""rce"": ""Razoável"", ""abdo"": ""Bom"", ""flex"": ""Bom"", ""jump"": ""Razoável"", ""run6"": ""Razoável"", ""mball"": ""Razoável"", ""sprint"": ""Fraco"", ""square"": ""Muito Fraco""}",Composição corporal dentro do esperado para idade. Boa progressão na flexibilidade e potência de membros inferiores.,,2026-06-19 09:12:14.107688+00,2026-06-19 20:55:38.136676+00,,,,t
85f8bd3e-5a4e-43ec-a7a1-4286d3a46615,07cc7290-5d3f-421b-a514-b21d6a683494,403a0c50-50fe-44f2-9617-5b28bc960672,6496fb6b-7c93-4bc8-bb5e-a666ffdae72e,2025-09-19,15,58.20,162.00,164.00,64.50,,22.18,0.398,27.00,30,151.00,3.70,7.35,4.32,1030.00,"{""imc"": ""Excelente"", ""rce"": ""Razoável"", ""abdo"": ""Razoável"", ""flex"": ""Fraco"", ""jump"": ""Razoável"", ""run6"": ""Razoável"", ""mball"": ""Razoável"", ""sprint"": ""Fraco"", ""square"": ""Muito Fraco""}",Aluno demonstra evolução consistente em força e resistência cardiorrespiratória. Recomenda-se manter periodização atual.,,2026-06-19 09:12:14.107688+00,2026-06-19 20:55:38.136676+00,,,,t
377eccfc-78a3-46d4-85dc-aa43da4682b3,07cc7290-5d3f-421b-a514-b21d6a683494,403a0c50-50fe-44f2-9617-5b28bc960672,6496fb6b-7c93-4bc8-bb5e-a666ffdae72e,2026-01-19,15,59.40,162.80,164.80,64.10,,22.41,0.394,28.50,33,157.00,4.00,7.20,4.24,1090.00,"{""imc"": ""Excelente"", ""rce"": ""Razoável"", ""abdo"": ""Bom"", ""flex"": ""Fraco"", ""jump"": ""Bom"", ""run6"": ""Razoável"", ""mball"": ""Razoável"", ""sprint"": ""Razoável"", ""square"": ""Muito Fraco""}",Composição corporal dentro do esperado para idade. Boa progressão na flexibilidade e potência de membros inferiores.,,2026-06-19 09:12:14.107688+00,2026-06-19 20:55:38.136676+00,,,,t
44c012ff-7882-4252-ac05-5349acdf510c,07cc7290-5d3f-421b-a514-b21d6a683494,403a0c50-50fe-44f2-9617-5b28bc960672,6496fb6b-7c93-4bc8-bb5e-a666ffdae72e,2026-05-19,15,60.60,163.60,165.60,63.70,,22.64,0.389,30.00,36,163.00,4.30,7.05,4.16,1150.00,"{""imc"": ""Razoável"", ""rce"": ""Razoável"", ""abdo"": ""Bom"", ""flex"": ""Razoável"", ""jump"": ""Bom"", ""run6"": ""Razoável"", ""mball"": ""Razoável"", ""sprint"": ""Razoável"", ""square"": ""Muito Fraco""}",Performance acima da média da turma. Indicado encaminhamento para grupo de alto rendimento.,,2026-06-19 09:12:14.107688+00,2026-06-19 20:55:38.136676+00,,,,t
e4e643e0-b25a-463c-964a-3679399be1e1,07cc7290-5d3f-421b-a514-b21d6a683494,a0ef1255-5848-40a9-9534-bac087dbbe18,6496fb6b-7c93-4bc8-bb5e-a666ffdae72e,2025-09-19,14,65.00,170.00,168.00,65.50,,22.49,0.385,22.00,22,132.00,2.90,7.60,4.40,960.00,"{""imc"": ""Excelente"", ""rce"": ""Razoável"", ""abdo"": ""Muito Fraco"", ""flex"": ""Razoável"", ""jump"": ""Muito Fraco"", ""run6"": ""Muito Fraco"", ""mball"": ""Muito Fraco"", ""sprint"": ""Muito Fraco"", ""square"": ""Muito Fraco""}",Composição corporal dentro do esperado para idade. Boa progressão na flexibilidade e potência de membros inferiores.,,2026-06-19 09:12:14.107688+00,2026-06-19 20:55:38.136676+00,,,,t
fa5620ba-b30e-4939-9523-af684a018e8b,07cc7290-5d3f-421b-a514-b21d6a683494,a0ef1255-5848-40a9-9534-bac087dbbe18,6496fb6b-7c93-4bc8-bb5e-a666ffdae72e,2026-01-19,15,66.20,170.80,168.80,65.10,,22.69,0.381,23.50,25,138.00,3.20,7.45,4.32,1020.00,"{""imc"": ""Razoável"", ""rce"": ""Razoável"", ""abdo"": ""Muito Fraco"", ""flex"": ""Razoável"", ""jump"": ""Muito Fraco"", ""run6"": ""Muito Fraco"", ""mball"": ""Muito Fraco"", ""sprint"": ""Muito Fraco"", ""square"": ""Muito Fraco""}",Performance acima da média da turma. Indicado encaminhamento para grupo de alto rendimento.,,2026-06-19 09:12:14.107688+00,2026-06-19 20:55:38.136676+00,,,,t
ab230ca6-8403-4f9d-98b6-49dae536c39d,07cc7290-5d3f-421b-a514-b21d6a683494,a0ef1255-5848-40a9-9534-bac087dbbe18,6496fb6b-7c93-4bc8-bb5e-a666ffdae72e,2026-05-19,15,67.40,171.60,169.60,64.70,,22.89,0.377,25.00,28,144.00,3.50,7.30,4.24,1080.00,"{""imc"": ""Razoável"", ""rce"": ""Razoável"", ""abdo"": ""Fraco"", ""flex"": ""Razoável"", ""jump"": ""Muito Fraco"", ""run6"": ""Fraco"", ""mball"": ""Muito Fraco"", ""sprint"": ""Muito Fraco"", ""square"": ""Muito Fraco""}",Pequenas oscilações em provas de velocidade — focar trabalho técnico de saída e aceleração.,,2026-06-19 09:12:14.107688+00,2026-06-19 20:55:38.136676+00,,,,t
84a2a6df-7969-4418-94a3-c293c7384dc6,07cc7290-5d3f-421b-a514-b21d6a683494,776c21d0-dd6e-4c07-b6ed-ad0e66450522,6496fb6b-7c93-4bc8-bb5e-a666ffdae72e,2025-09-19,16,58.30,174.00,173.00,69.50,,19.26,0.399,23.00,23,133.00,3.00,7.65,4.44,880.00,"{""imc"": ""Excelente"", ""rce"": ""Razoável"", ""abdo"": ""Fraco"", ""flex"": ""Muito Fraco"", ""jump"": ""Fraco"", ""run6"": ""Fraco"", ""mball"": ""Fraco"", ""sprint"": ""Fraco"", ""square"": ""Muito Fraco""}",Performance acima da média da turma. Indicado encaminhamento para grupo de alto rendimento.,,2026-06-19 09:12:14.107688+00,2026-06-19 20:55:38.136676+00,,,,t
ca595cde-7e7d-4adc-ad94-4b32a0742261,07cc7290-5d3f-421b-a514-b21d6a683494,776c21d0-dd6e-4c07-b6ed-ad0e66450522,6496fb6b-7c93-4bc8-bb5e-a666ffdae72e,2026-01-19,17,59.50,174.80,173.80,69.10,,19.47,0.395,24.50,26,139.00,3.30,7.50,4.36,940.00,"{""imc"": ""Excelente"", ""rce"": ""Razoável"", ""abdo"": ""Fraco"", ""flex"": ""Muito Fraco"", ""jump"": ""Fraco"", ""run6"": ""Fraco"", ""mball"": ""Fraco"", ""sprint"": ""Fraco"", ""square"": ""Muito Fraco""}",Pequenas oscilações em provas de velocidade — focar trabalho técnico de saída e aceleração.,,2026-06-19 09:12:14.107688+00,2026-06-19 20:55:38.136676+00,,,,t
4c32041d-ae53-4311-bd86-d1a8136e5e28,07cc7290-5d3f-421b-a514-b21d6a683494,776c21d0-dd6e-4c07-b6ed-ad0e66450522,6496fb6b-7c93-4bc8-bb5e-a666ffdae72e,2026-05-19,17,60.70,175.60,174.60,68.70,,19.69,0.391,26.00,29,145.00,3.60,7.35,4.28,1000.00,"{""imc"": ""Excelente"", ""rce"": ""Razoável"", ""abdo"": ""Razoável"", ""flex"": ""Muito Fraco"", ""jump"": ""Fraco"", ""run6"": ""Fraco"", ""mball"": ""Fraco"", ""sprint"": ""Razoável"", ""square"": ""Muito Fraco""}",Indicadores de saúde estáveis. Continuar reforço de treinos funcionais e mobilidade.,,2026-06-19 09:12:14.107688+00,2026-06-19 20:55:38.136676+00,,,,t
3bd01cad-d32a-4a7b-8ba8-5869839cc25e,07cc7290-5d3f-421b-a514-b21d6a683494,bc92a16c-46f3-44fc-9702-ea141dd22131,6496fb6b-7c93-4bc8-bb5e-a666ffdae72e,2025-09-19,9,33.60,142.00,142.00,60.00,,16.66,0.423,24.00,24,134.00,3.10,7.70,4.48,890.00,"{""imc"": ""Excelente"", ""rce"": ""Excelente"", ""abdo"": ""Razoável"", ""flex"": ""Bom"", ""jump"": ""Razoável"", ""run6"": ""Fraco"", ""mball"": ""Razoável"", ""sprint"": ""Fraco"", ""square"": ""Muito Fraco""}",Pequenas oscilações em provas de velocidade — focar trabalho técnico de saída e aceleração.,,2026-06-19 09:12:14.107688+00,2026-06-19 20:55:38.136676+00,,,,t
d3831b10-25c9-45f9-ab3c-a7e7e36488d3,07cc7290-5d3f-421b-a514-b21d6a683494,bc92a16c-46f3-44fc-9702-ea141dd22131,6496fb6b-7c93-4bc8-bb5e-a666ffdae72e,2026-01-19,10,34.80,142.80,142.80,59.60,,17.07,0.417,25.50,27,140.00,3.40,7.55,4.40,950.00,"{""imc"": ""Excelente"", ""rce"": ""Excelente"", ""abdo"": ""Razoável"", ""flex"": ""Bom"", ""jump"": ""Razoável"", ""run6"": ""Fraco"", ""mball"": ""Razoável"", ""sprint"": ""Fraco"", ""square"": ""Muito Fraco""}",Indicadores de saúde estáveis. Continuar reforço de treinos funcionais e mobilidade.,,2026-06-19 09:12:14.107688+00,2026-06-19 20:55:38.136676+00,,,,t
f43d7627-ca10-49f9-8cf3-11174a53d40a,07cc7290-5d3f-421b-a514-b21d6a683494,bc92a16c-46f3-44fc-9702-ea141dd22131,6496fb6b-7c93-4bc8-bb5e-a666ffdae72e,2026-05-19,10,36.00,143.60,143.60,59.20,,17.46,0.412,27.00,30,146.00,3.70,7.40,4.32,1010.00,"{""imc"": ""Excelente"", ""rce"": ""Excelente"", ""abdo"": ""Bom"", ""flex"": ""Bom"", ""jump"": ""Razoável"", ""run6"": ""Razoável"", ""mball"": ""Razoável"", ""sprint"": ""Fraco"", ""square"": ""Muito Fraco""}",Boa adesão ao programa. Sugere-se ampliar volume de corrida contínua para melhorar VO2.,,2026-06-19 09:12:14.107688+00,2026-06-19 20:55:38.136676+00,,,,t
be6bada1-57c7-4f5b-832b-c52c6222a923,07cc7290-5d3f-421b-a514-b21d6a683494,29a0fe3e-28fd-4ddc-9c18-a26083957776,6496fb6b-7c93-4bc8-bb5e-a666ffdae72e,2025-09-19,10,36.90,146.00,147.00,62.50,,17.31,0.428,25.00,25,135.00,3.20,7.75,4.52,900.00,"{""imc"": ""Excelente"", ""rce"": ""Excelente"", ""abdo"": ""Razoável"", ""flex"": ""Razoável"", ""jump"": ""Razoável"", ""run6"": ""Fraco"", ""mball"": ""Razoável"", ""sprint"": ""Razoável"", ""square"": ""Fraco""}",Indicadores de saúde estáveis. Continuar reforço de treinos funcionais e mobilidade.,,2026-06-19 09:12:14.107688+00,2026-06-19 20:55:38.136676+00,,,,t
80705392-a128-4b8c-8c9a-adf687f15f91,07cc7290-5d3f-421b-a514-b21d6a683494,29a0fe3e-28fd-4ddc-9c18-a26083957776,6496fb6b-7c93-4bc8-bb5e-a666ffdae72e,2026-01-19,11,38.10,146.80,147.80,62.10,,17.68,0.423,26.50,28,141.00,3.50,7.60,4.44,960.00,"{""imc"": ""Excelente"", ""rce"": ""Excelente"", ""abdo"": ""Razoável"", ""flex"": ""Razoável"", ""jump"": ""Bom"", ""run6"": ""Razoável"", ""mball"": ""Razoável"", ""sprint"": ""Razoável"", ""square"": ""Muito Fraco""}",Boa adesão ao programa. Sugere-se ampliar volume de corrida contínua para melhorar VO2.,,2026-06-19 09:12:14.107688+00,2026-06-19 20:55:38.136676+00,,,,t
c1348c4a-a695-41e5-a4b2-c6e58056a18b,07cc7290-5d3f-421b-a514-b21d6a683494,29a0fe3e-28fd-4ddc-9c18-a26083957776,6496fb6b-7c93-4bc8-bb5e-a666ffdae72e,2026-05-19,11,39.30,147.60,148.60,61.70,,18.04,0.418,28.00,31,147.00,3.80,7.45,4.36,1020.00,"{""imc"": ""Excelente"", ""rce"": ""Excelente"", ""abdo"": ""Bom"", ""flex"": ""Razoável"", ""jump"": ""Bom"", ""run6"": ""Razoável"", ""mball"": ""Bom"", ""sprint"": ""Razoável"", ""square"": ""Fraco""}",Atenção ao IMC: orientar família sobre hábitos alimentares e manter monitoramento trimestral.,,2026-06-19 09:12:14.107688+00,2026-06-19 20:55:38.136676+00,,,,t
d5fc4ab8-1684-4055-83ae-5c021ae0c75f,07cc7290-5d3f-421b-a514-b21d6a683494,719485a1-09d0-4703-806d-58a935d18308,6496fb6b-7c93-4bc8-bb5e-a666ffdae72e,2025-09-19,11,41.20,143.00,145.00,56.50,,20.15,0.395,22.00,26,136.00,3.30,7.60,4.40,910.00,"{""imc"": ""Excelente"", ""rce"": ""Razoável"", ""abdo"": ""Razoável"", ""flex"": ""Razoável"", ""jump"": ""Fraco"", ""run6"": ""Fraco"", ""mball"": ""Fraco"", ""sprint"": ""Fraco"", ""square"": ""Muito Fraco""}",Boa adesão ao programa. Sugere-se ampliar volume de corrida contínua para melhorar VO2.,,2026-06-19 09:12:14.107688+00,2026-06-19 20:55:38.136676+00,,,,t
376306b5-d5c6-44c5-9d5b-0e5560863bb2,07cc7290-5d3f-421b-a514-b21d6a683494,719485a1-09d0-4703-806d-58a935d18308,6496fb6b-7c93-4bc8-bb5e-a666ffdae72e,2026-01-19,12,42.40,143.80,145.80,56.10,,20.50,0.390,23.50,29,142.00,3.60,7.45,4.32,970.00,"{""imc"": ""Excelente"", ""rce"": ""Razoável"", ""abdo"": ""Razoável"", ""flex"": ""Bom"", ""jump"": ""Fraco"", ""run6"": ""Fraco"", ""mball"": ""Fraco"", ""sprint"": ""Fraco"", ""square"": ""Muito Fraco""}",Atenção ao IMC: orientar família sobre hábitos alimentares e manter monitoramento trimestral.,,2026-06-19 09:12:14.107688+00,2026-06-19 20:55:38.136676+00,,,,t
2b68f44a-4b44-438b-94f3-73b9de19360a,07cc7290-5d3f-421b-a514-b21d6a683494,719485a1-09d0-4703-806d-58a935d18308,6496fb6b-7c93-4bc8-bb5e-a666ffdae72e,2026-05-19,12,43.60,144.60,146.60,55.70,,20.85,0.385,25.00,32,148.00,3.90,7.30,4.24,1030.00,"{""imc"": ""Excelente"", ""rce"": ""Razoável"", ""abdo"": ""Razoável"", ""flex"": ""Bom"", ""jump"": ""Razoável"", ""run6"": ""Fraco"", ""mball"": ""Razoável"", ""sprint"": ""Fraco"", ""square"": ""Muito Fraco""}",Evolução excelente em potência de membros superiores (medicine ball). Manter treino com cargas progressivas.,,2026-06-19 09:12:14.107688+00,2026-06-19 20:55:38.136676+00,,,,t
7aedd1bb-6f53-4f7f-83f4-5288e8d5a8bf,07cc7290-5d3f-421b-a514-b21d6a683494,0ca35391-ddd0-4d39-94a1-fb7965c731ef,6496fb6b-7c93-4bc8-bb5e-a666ffdae72e,2025-09-19,12,42.00,146.00,144.00,59.00,,19.70,0.404,23.00,22,137.00,2.90,7.65,4.44,920.00,"{""imc"": ""Excelente"", ""rce"": ""Excelente"", ""abdo"": ""Fraco"", ""flex"": ""Fraco"", ""jump"": ""Razoável"", ""run6"": ""Fraco"", ""mball"": ""Fraco"", ""sprint"": ""Fraco"", ""square"": ""Muito Fraco""}",Atenção ao IMC: orientar família sobre hábitos alimentares e manter monitoramento trimestral.,,2026-06-19 09:12:14.107688+00,2026-06-19 20:55:38.136676+00,,,,t
e2b75d54-6c5d-4c4f-a7a8-6112c1aac860,07cc7290-5d3f-421b-a514-b21d6a683494,0ca35391-ddd0-4d39-94a1-fb7965c731ef,6496fb6b-7c93-4bc8-bb5e-a666ffdae72e,2026-01-19,12,43.20,146.80,144.80,58.60,,20.05,0.399,24.50,25,143.00,3.20,7.50,4.36,980.00,"{""imc"": ""Excelente"", ""rce"": ""Razoável"", ""abdo"": ""Razoável"", ""flex"": ""Fraco"", ""jump"": ""Razoável"", ""run6"": ""Fraco"", ""mball"": ""Razoável"", ""sprint"": ""Razoável"", ""square"": ""Muito Fraco""}",Evolução excelente em potência de membros superiores (medicine ball). Manter treino com cargas progressivas.,,2026-06-19 09:12:14.107688+00,2026-06-19 20:55:38.136676+00,,,,t
b4774975-31bf-47eb-ab3c-c424f21df59c,07cc7290-5d3f-421b-a514-b21d6a683494,0ca35391-ddd0-4d39-94a1-fb7965c731ef,6496fb6b-7c93-4bc8-bb5e-a666ffdae72e,2026-05-19,13,44.40,147.60,145.60,58.20,,20.38,0.394,26.00,28,149.00,3.50,7.35,4.28,1040.00,"{""imc"": ""Excelente"", ""rce"": ""Razoável"", ""abdo"": ""Razoável"", ""flex"": ""Fraco"", ""jump"": ""Razoável"", ""run6"": ""Razoável"", ""mball"": ""Razoável"", ""sprint"": ""Razoável"", ""square"": ""Muito Fraco""}",Resultados em flexibilidade abaixo da meta — incluir rotina de alongamento ativo nas aulas.,,2026-06-19 09:12:14.107688+00,2026-06-19 20:55:38.136676+00,,,,t
1bf67d7a-d17a-4235-8df4-1cd4f1f34407,07cc7290-5d3f-421b-a514-b21d6a683494,4dd66103-746b-4174-8a3e-82f6289a3a0c,6496fb6b-7c93-4bc8-bb5e-a666ffdae72e,2025-09-19,12,47.30,151.00,150.00,60.00,,20.74,0.397,24.00,23,138.00,3.00,7.70,4.48,930.00,"{""imc"": ""Excelente"", ""rce"": ""Razoável"", ""abdo"": ""Fraco"", ""flex"": ""Bom"", ""jump"": ""Fraco"", ""run6"": ""Fraco"", ""mball"": ""Fraco"", ""sprint"": ""Fraco"", ""square"": ""Muito Fraco""}",Evolução excelente em potência de membros superiores (medicine ball). Manter treino com cargas progressivas.,,2026-06-19 09:12:14.107688+00,2026-06-19 20:55:38.136676+00,,,,t
d5993790-edd0-49dc-a51e-ecd8cd871304,07cc7290-5d3f-421b-a514-b21d6a683494,4dd66103-746b-4174-8a3e-82f6289a3a0c,6496fb6b-7c93-4bc8-bb5e-a666ffdae72e,2026-01-19,12,48.50,151.80,150.80,59.60,,21.05,0.393,25.50,26,144.00,3.30,7.55,4.40,990.00,"{""imc"": ""Excelente"", ""rce"": ""Razoável"", ""abdo"": ""Fraco"", ""flex"": ""Bom"", ""jump"": ""Fraco"", ""run6"": ""Fraco"", ""mball"": ""Fraco"", ""sprint"": ""Fraco"", ""square"": ""Muito Fraco""}",Resultados em flexibilidade abaixo da meta — incluir rotina de alongamento ativo nas aulas.,,2026-06-19 09:12:14.107688+00,2026-06-19 20:55:38.136676+00,,,,t
57b06c12-9492-4a75-a7b3-46c9c864673b,07cc7290-5d3f-421b-a514-b21d6a683494,4dd66103-746b-4174-8a3e-82f6289a3a0c,6496fb6b-7c93-4bc8-bb5e-a666ffdae72e,2026-05-19,13,49.70,152.60,151.60,59.20,,21.34,0.388,27.00,29,150.00,3.60,7.40,4.32,1050.00,"{""imc"": ""Excelente"", ""rce"": ""Razoável"", ""abdo"": ""Razoável"", ""flex"": ""Bom"", ""jump"": ""Fraco"", ""run6"": ""Fraco"", ""mball"": ""Fraco"", ""sprint"": ""Muito Fraco"", ""square"": ""Muito Fraco""}",Perfil de baixo risco. Recomenda-se participação em modalidades coletivas para socialização.,,2026-06-19 09:12:14.107688+00,2026-06-19 20:55:38.136676+00,,,,t
38394c3d-956f-474e-8495-8c65fb222d98,07cc7290-5d3f-421b-a514-b21d6a683494,e1bfdb65-094a-44bb-aef1-8c204866c166,6496fb6b-7c93-4bc8-bb5e-a666ffdae72e,2025-09-19,14,52.60,158.00,158.00,64.00,,21.07,0.405,25.00,24,139.00,3.10,7.75,4.52,940.00,"{""imc"": ""Excelente"", ""rce"": ""Excelente"", ""abdo"": ""Fraco"", ""flex"": ""Fraco"", ""jump"": ""Fraco"", ""run6"": ""Fraco"", ""mball"": ""Fraco"", ""sprint"": ""Fraco"", ""square"": ""Muito Fraco""}",Resultados em flexibilidade abaixo da meta — incluir rotina de alongamento ativo nas aulas.,,2026-06-19 09:12:14.107688+00,2026-06-19 20:55:38.136676+00,,,,t
4c7bddc8-fd73-483c-b084-900f4de07c70,07cc7290-5d3f-421b-a514-b21d6a683494,e1bfdb65-094a-44bb-aef1-8c204866c166,6496fb6b-7c93-4bc8-bb5e-a666ffdae72e,2026-01-19,14,53.80,158.80,158.80,63.60,,21.33,0.401,26.50,27,145.00,3.40,7.60,4.44,1000.00,"{""imc"": ""Excelente"", ""rce"": ""Excelente"", ""abdo"": ""Razoável"", ""flex"": ""Fraco"", ""jump"": ""Razoável"", ""run6"": ""Fraco"", ""mball"": ""Fraco"", ""sprint"": ""Fraco"", ""square"": ""Muito Fraco""}",Perfil de baixo risco. Recomenda-se participação em modalidades coletivas para socialização.,,2026-06-19 09:12:14.107688+00,2026-06-19 20:55:38.136676+00,,,,t
a9001a1f-e9e0-485b-b195-9f302b37db93,07cc7290-5d3f-421b-a514-b21d6a683494,e1bfdb65-094a-44bb-aef1-8c204866c166,6496fb6b-7c93-4bc8-bb5e-a666ffdae72e,2026-05-19,15,55.00,159.60,159.60,63.20,,21.59,0.396,28.00,30,151.00,3.70,7.45,4.36,1060.00,"{""imc"": ""Excelente"", ""rce"": ""Razoável"", ""abdo"": ""Razoável"", ""flex"": ""Fraco"", ""jump"": ""Razoável"", ""run6"": ""Razoável"", ""mball"": ""Razoável"", ""sprint"": ""Fraco"", ""square"": ""Muito Fraco""}",Aluno demonstra evolução consistente em força e resistência cardiorrespiratória. Recomenda-se manter periodização atual.,,2026-06-19 09:12:14.107688+00,2026-06-19 20:55:38.136676+00,,,,t
352cde4a-2856-40f2-8bd4-acb4fd9c6dc8,07cc7290-5d3f-421b-a514-b21d6a683494,8beddd03-f1c5-4b7a-9cff-7d096461ce57,6496fb6b-7c93-4bc8-bb5e-a666ffdae72e,2025-09-19,14,59.90,165.00,166.00,65.00,,22.00,0.394,22.00,25,132.00,3.20,7.60,4.40,950.00,"{""imc"": ""Excelente"", ""rce"": ""Razoável"", ""abdo"": ""Fraco"", ""flex"": ""Razoável"", ""jump"": ""Muito Fraco"", ""run6"": ""Muito Fraco"", ""mball"": ""Muito Fraco"", ""sprint"": ""Muito Fraco"", ""square"": ""Muito Fraco""}",Perfil de baixo risco. Recomenda-se participação em modalidades coletivas para socialização.,,2026-06-19 09:12:14.107688+00,2026-06-19 20:55:38.136676+00,,,,t
649a9d46-cd5f-41eb-9eaa-81799fd50cf5,07cc7290-5d3f-421b-a514-b21d6a683494,8beddd03-f1c5-4b7a-9cff-7d096461ce57,6496fb6b-7c93-4bc8-bb5e-a666ffdae72e,2026-01-19,14,61.10,165.80,166.80,64.60,,22.23,0.390,23.50,28,138.00,3.50,7.45,4.32,1010.00,"{""imc"": ""Excelente"", ""rce"": ""Razoável"", ""abdo"": ""Fraco"", ""flex"": ""Razoável"", ""jump"": ""Muito Fraco"", ""run6"": ""Fraco"", ""mball"": ""Fraco"", ""sprint"": ""Muito Fraco"", ""square"": ""Muito Fraco""}",Aluno demonstra evolução consistente em força e resistência cardiorrespiratória. Recomenda-se manter periodização atual.,,2026-06-19 09:12:14.107688+00,2026-06-19 20:55:38.136676+00,,,,t
a30e65c0-9814-4e40-94dd-a3a292591c23,07cc7290-5d3f-421b-a514-b21d6a683494,8beddd03-f1c5-4b7a-9cff-7d096461ce57,6496fb6b-7c93-4bc8-bb5e-a666ffdae72e,2026-05-19,15,62.30,166.60,167.60,64.20,,22.45,0.385,25.00,31,144.00,3.80,7.30,4.24,1070.00,"{""imc"": ""Excelente"", ""rce"": ""Razoável"", ""abdo"": ""Fraco"", ""flex"": ""Razoável"", ""jump"": ""Muito Fraco"", ""run6"": ""Fraco"", ""mball"": ""Muito Fraco"", ""sprint"": ""Muito Fraco"", ""square"": ""Muito Fraco""}",Composição corporal dentro do esperado para idade. Boa progressão na flexibilidade e potência de membros inferiores.,,2026-06-19 09:12:14.107688+00,2026-06-19 20:55:38.136676+00,,,,t
da5e1027-b79f-44da-922d-79a71cf8f311,07cc7290-5d3f-421b-a514-b21d6a683494,58c9f3b6-c6c2-4304-9a67-41fcc63c6389,6496fb6b-7c93-4bc8-bb5e-a666ffdae72e,2025-09-19,16,63.20,170.00,172.00,69.00,,21.87,0.406,23.00,26,133.00,3.30,7.65,4.44,960.00,"{""imc"": ""Excelente"", ""rce"": ""Excelente"", ""abdo"": ""Fraco"", ""flex"": ""Muito Fraco"", ""jump"": ""Fraco"", ""run6"": ""Fraco"", ""mball"": ""Fraco"", ""sprint"": ""Fraco"", ""square"": ""Muito Fraco""}",Aluno demonstra evolução consistente em força e resistência cardiorrespiratória. Recomenda-se manter periodização atual.,,2026-06-19 09:12:14.107688+00,2026-06-19 20:55:38.136676+00,,,,t
ba93d033-7d7e-4b98-a584-4897761c26be,07cc7290-5d3f-421b-a514-b21d6a683494,58c9f3b6-c6c2-4304-9a67-41fcc63c6389,6496fb6b-7c93-4bc8-bb5e-a666ffdae72e,2026-01-19,16,64.40,170.80,172.80,68.60,,22.08,0.402,24.50,29,139.00,3.60,7.50,4.36,1020.00,"{""imc"": ""Excelente"", ""rce"": ""Excelente"", ""abdo"": ""Razoável"", ""flex"": ""Muito Fraco"", ""jump"": ""Fraco"", ""run6"": ""Razoável"", ""mball"": ""Fraco"", ""sprint"": ""Fraco"", ""square"": ""Muito Fraco""}",Composição corporal dentro do esperado para idade. Boa progressão na flexibilidade e potência de membros inferiores.,,2026-06-19 09:12:14.107688+00,2026-06-19 20:55:38.136676+00,,,,t
c4a8040a-2974-4efc-8956-e03d3b9c9989,07cc7290-5d3f-421b-a514-b21d6a683494,58c9f3b6-c6c2-4304-9a67-41fcc63c6389,6496fb6b-7c93-4bc8-bb5e-a666ffdae72e,2026-05-19,16,65.60,171.60,173.60,68.20,,22.28,0.397,26.00,32,145.00,3.90,7.35,4.28,1080.00,"{""imc"": ""Excelente"", ""rce"": ""Razoável"", ""abdo"": ""Razoável"", ""flex"": ""Fraco"", ""jump"": ""Fraco"", ""run6"": ""Razoável"", ""mball"": ""Razoável"", ""sprint"": ""Razoável"", ""square"": ""Muito Fraco""}",Performance acima da média da turma. Indicado encaminhamento para grupo de alto rendimento.,,2026-06-19 09:12:14.107688+00,2026-06-19 20:55:38.136676+00,,,,t
d1ed9e97-905b-4862-8091-4af0e8d157c8,07cc7290-5d3f-421b-a514-b21d6a683494,b95fc470-5255-4e89-9717-9baa9d4cc4a8,6496fb6b-7c93-4bc8-bb5e-a666ffdae72e,2025-09-19,16,62.00,179.00,177.00,70.00,,19.35,0.391,24.00,22,134.00,2.90,7.70,4.48,880.00,"{""imc"": ""Excelente"", ""rce"": ""Razoável"", ""abdo"": ""Muito Fraco"", ""flex"": ""Fraco"", ""jump"": ""Muito Fraco"", ""run6"": ""Muito Fraco"", ""mball"": ""Muito Fraco"", ""sprint"": ""Muito Fraco"", ""square"": ""Muito Fraco""}",Composição corporal dentro do esperado para idade. Boa progressão na flexibilidade e potência de membros inferiores.,,2026-06-19 09:12:14.107688+00,2026-06-19 20:55:38.136676+00,,,,t
4bc73eae-6e41-49ff-809d-945a72df4e5c,07cc7290-5d3f-421b-a514-b21d6a683494,b95fc470-5255-4e89-9717-9baa9d4cc4a8,6496fb6b-7c93-4bc8-bb5e-a666ffdae72e,2026-01-19,16,63.20,179.80,177.80,69.60,,19.55,0.387,25.50,25,140.00,3.20,7.55,4.40,940.00,"{""imc"": ""Excelente"", ""rce"": ""Razoável"", ""abdo"": ""Muito Fraco"", ""flex"": ""Razoável"", ""jump"": ""Muito Fraco"", ""run6"": ""Muito Fraco"", ""mball"": ""Muito Fraco"", ""sprint"": ""Muito Fraco"", ""square"": ""Muito Fraco""}",Performance acima da média da turma. Indicado encaminhamento para grupo de alto rendimento.,,2026-06-19 09:12:14.107688+00,2026-06-19 20:55:38.136676+00,,,,t
8c4fdf34-0883-4358-a280-123c4dde25f8,07cc7290-5d3f-421b-a514-b21d6a683494,b95fc470-5255-4e89-9717-9baa9d4cc4a8,6496fb6b-7c93-4bc8-bb5e-a666ffdae72e,2026-05-19,16,64.40,180.60,178.60,69.20,,19.74,0.383,27.00,28,146.00,3.50,7.40,4.32,1000.00,"{""imc"": ""Excelente"", ""rce"": ""Razoável"", ""abdo"": ""Muito Fraco"", ""flex"": ""Razoável"", ""jump"": ""Muito Fraco"", ""run6"": ""Muito Fraco"", ""mball"": ""Muito Fraco"", ""sprint"": ""Muito Fraco"", ""square"": ""Muito Fraco""}",Pequenas oscilações em provas de velocidade — focar trabalho técnico de saída e aceleração.,,2026-06-19 09:12:14.107688+00,2026-06-19 20:55:38.136676+00,,,,t
77406ec3-37ae-4670-9f6a-246ed8120e51,07cc7290-5d3f-421b-a514-b21d6a683494,f06886f0-75a5-4ba6-be4c-452f9d833dd3,6496fb6b-7c93-4bc8-bb5e-a666ffdae72e,2025-09-19,11,35.30,140.00,139.00,56.50,,18.01,0.404,25.00,23,135.00,3.00,7.75,4.52,890.00,"{""imc"": ""Excelente"", ""rce"": ""Excelente"", ""abdo"": ""Razoável"", ""flex"": ""Fraco"", ""jump"": ""Razoável"", ""run6"": ""Fraco"", ""mball"": ""Razoável"", ""sprint"": ""Fraco"", ""square"": ""Muito Fraco""}",Performance acima da média da turma. Indicado encaminhamento para grupo de alto rendimento.,,2026-06-19 09:12:14.107688+00,2026-06-19 20:55:38.136676+00,,,,t
e2cca0ed-abc0-4bef-9703-09fd00a0f5fb,07cc7290-5d3f-421b-a514-b21d6a683494,f06886f0-75a5-4ba6-be4c-452f9d833dd3,6496fb6b-7c93-4bc8-bb5e-a666ffdae72e,2026-01-19,11,36.50,140.80,139.80,56.10,,18.41,0.398,26.50,26,141.00,3.30,7.60,4.44,950.00,"{""imc"": ""Excelente"", ""rce"": ""Razoável"", ""abdo"": ""Razoável"", ""flex"": ""Razoável"", ""jump"": ""Bom"", ""run6"": ""Fraco"", ""mball"": ""Razoável"", ""sprint"": ""Razoável"", ""square"": ""Muito Fraco""}",Pequenas oscilações em provas de velocidade — focar trabalho técnico de saída e aceleração.,,2026-06-19 09:12:14.107688+00,2026-06-19 20:55:38.136676+00,,,,t
da3dce6b-dd64-4219-a6cc-aefad71632ce,07cc7290-5d3f-421b-a514-b21d6a683494,f06886f0-75a5-4ba6-be4c-452f9d833dd3,6496fb6b-7c93-4bc8-bb5e-a666ffdae72e,2026-05-19,11,37.70,141.60,140.60,55.70,,18.80,0.393,28.00,29,147.00,3.60,7.45,4.36,1010.00,"{""imc"": ""Excelente"", ""rce"": ""Razoável"", ""abdo"": ""Bom"", ""flex"": ""Razoável"", ""jump"": ""Bom"", ""run6"": ""Razoável"", ""mball"": ""Bom"", ""sprint"": ""Razoável"", ""square"": ""Fraco""}",Indicadores de saúde estáveis. Continuar reforço de treinos funcionais e mobilidade.,,2026-06-19 09:12:14.107688+00,2026-06-19 20:55:38.136676+00,,,,t
30a6f05e-4650-4818-a2f1-2b264de05645,07cc7290-5d3f-421b-a514-b21d6a683494,5c55bab2-1a76-49d9-a9a2-3df5c651ba21,6496fb6b-7c93-4bc8-bb5e-a666ffdae72e,2025-09-19,10,34.60,138.00,138.00,56.00,,18.17,0.406,22.00,24,136.00,3.10,7.60,4.40,900.00,"{""imc"": ""Excelente"", ""rce"": ""Excelente"", ""abdo"": ""Razoável"", ""flex"": ""Razoável"", ""jump"": ""Razoável"", ""run6"": ""Fraco"", ""mball"": ""Razoável"", ""sprint"": ""Fraco"", ""square"": ""Muito Fraco""}",Pequenas oscilações em provas de velocidade — focar trabalho técnico de saída e aceleração.,,2026-06-19 09:12:14.107688+00,2026-06-19 20:55:38.136676+00,,,,t
190662c8-d864-49dd-9799-fabde4dd150c,07cc7290-5d3f-421b-a514-b21d6a683494,5c55bab2-1a76-49d9-a9a2-3df5c651ba21,6496fb6b-7c93-4bc8-bb5e-a666ffdae72e,2026-01-19,10,35.80,138.80,138.80,55.60,,18.58,0.401,23.50,27,142.00,3.40,7.45,4.32,960.00,"{""imc"": ""Excelente"", ""rce"": ""Excelente"", ""abdo"": ""Razoável"", ""flex"": ""Bom"", ""jump"": ""Razoável"", ""run6"": ""Razoável"", ""mball"": ""Razoável"", ""sprint"": ""Fraco"", ""square"": ""Muito Fraco""}",Indicadores de saúde estáveis. Continuar reforço de treinos funcionais e mobilidade.,,2026-06-19 09:12:14.107688+00,2026-06-19 20:55:38.136676+00,,,,t
dbce58f5-350f-463a-bade-8feadfbc5267,07cc7290-5d3f-421b-a514-b21d6a683494,5c55bab2-1a76-49d9-a9a2-3df5c651ba21,6496fb6b-7c93-4bc8-bb5e-a666ffdae72e,2026-05-19,10,37.00,139.60,139.60,55.20,,18.99,0.395,25.00,30,148.00,3.70,7.30,4.24,1020.00,"{""imc"": ""Excelente"", ""rce"": ""Razoável"", ""abdo"": ""Bom"", ""flex"": ""Bom"", ""jump"": ""Razoável"", ""run6"": ""Razoável"", ""mball"": ""Razoável"", ""sprint"": ""Razoável"", ""square"": ""Muito Fraco""}",Boa adesão ao programa. Sugere-se ampliar volume de corrida contínua para melhorar VO2.,,2026-06-19 09:12:14.107688+00,2026-06-19 20:55:38.136676+00,,,,t
36c43b86-e4cc-4e72-ae07-e736bb8caa75,07cc7290-5d3f-421b-a514-b21d6a683494,387f296c-f6c7-455d-9f45-cfb327240b31,6496fb6b-7c93-4bc8-bb5e-a666ffdae72e,2025-09-19,11,41.90,147.00,148.00,60.00,,19.39,0.408,23.00,25,137.00,3.20,7.65,4.44,910.00,"{""imc"": ""Excelente"", ""rce"": ""Excelente"", ""abdo"": ""Razoável"", ""flex"": ""Fraco"", ""jump"": ""Razoável"", ""run6"": ""Fraco"", ""mball"": ""Razoável"", ""sprint"": ""Razoável"", ""square"": ""Muito Fraco""}",Indicadores de saúde estáveis. Continuar reforço de treinos funcionais e mobilidade.,,2026-06-19 09:12:14.107688+00,2026-06-19 20:55:38.136676+00,,,,t
fd948dae-fbac-48b6-8127-e807048e81ad,07cc7290-5d3f-421b-a514-b21d6a683494,387f296c-f6c7-455d-9f45-cfb327240b31,6496fb6b-7c93-4bc8-bb5e-a666ffdae72e,2026-01-19,12,43.10,147.80,148.80,59.60,,19.73,0.403,24.50,28,143.00,3.50,7.50,4.36,970.00,"{""imc"": ""Excelente"", ""rce"": ""Excelente"", ""abdo"": ""Razoável"", ""flex"": ""Fraco"", ""jump"": ""Razoável"", ""run6"": ""Fraco"", ""mball"": ""Razoável"", ""sprint"": ""Razoável"", ""square"": ""Muito Fraco""}",Boa adesão ao programa. Sugere-se ampliar volume de corrida contínua para melhorar VO2.,,2026-06-19 09:12:14.107688+00,2026-06-19 20:55:38.136676+00,,,,t
fc0847de-ed83-4115-8db4-643639adc9e7,07cc7290-5d3f-421b-a514-b21d6a683494,387f296c-f6c7-455d-9f45-cfb327240b31,6496fb6b-7c93-4bc8-bb5e-a666ffdae72e,2026-05-19,12,44.30,148.60,149.60,59.20,,20.06,0.398,26.00,31,149.00,3.80,7.35,4.28,1030.00,"{""imc"": ""Excelente"", ""rce"": ""Razoável"", ""abdo"": ""Bom"", ""flex"": ""Fraco"", ""jump"": ""Bom"", ""run6"": ""Razoável"", ""mball"": ""Bom"", ""sprint"": ""Razoável"", ""square"": ""Fraco""}",Atenção ao IMC: orientar família sobre hábitos alimentares e manter monitoramento trimestral.,,2026-06-19 09:12:14.107688+00,2026-06-19 20:55:38.136676+00,,,,t
d31efa8b-4777-4551-97e3-229cacef28e2,07cc7290-5d3f-421b-a514-b21d6a683494,ee5daec0-fd34-48a8-b6c2-4ea4a1570f59,6496fb6b-7c93-4bc8-bb5e-a666ffdae72e,2025-09-19,10,42.20,146.00,148.00,59.50,,19.80,0.408,24.00,26,138.00,3.30,7.70,4.48,920.00,"{""imc"": ""Excelente"", ""rce"": ""Excelente"", ""abdo"": ""Razoável"", ""flex"": ""Bom"", ""jump"": ""Razoável"", ""run6"": ""Fraco"", ""mball"": ""Razoável"", ""sprint"": ""Fraco"", ""square"": ""Muito Fraco""}",Boa adesão ao programa. Sugere-se ampliar volume de corrida contínua para melhorar VO2.,,2026-06-19 09:12:14.107688+00,2026-06-19 20:55:38.136676+00,,,,t
5df1c264-9e73-4dc1-8721-76b08dadde83,07cc7290-5d3f-421b-a514-b21d6a683494,ee5daec0-fd34-48a8-b6c2-4ea4a1570f59,6496fb6b-7c93-4bc8-bb5e-a666ffdae72e,2026-01-19,11,43.40,146.80,148.80,59.10,,20.14,0.403,25.50,29,144.00,3.60,7.55,4.40,980.00,"{""imc"": ""Excelente"", ""rce"": ""Excelente"", ""abdo"": ""Razoável"", ""flex"": ""Bom"", ""jump"": ""Razoável"", ""run6"": ""Fraco"", ""mball"": ""Razoável"", ""sprint"": ""Fraco"", ""square"": ""Muito Fraco""}",Atenção ao IMC: orientar família sobre hábitos alimentares e manter monitoramento trimestral.,,2026-06-19 09:12:14.107688+00,2026-06-19 20:55:38.136676+00,,,,t
2104b9d4-d759-4e74-b49b-a84a03573126,07cc7290-5d3f-421b-a514-b21d6a683494,ee5daec0-fd34-48a8-b6c2-4ea4a1570f59,6496fb6b-7c93-4bc8-bb5e-a666ffdae72e,2026-05-19,11,44.60,147.60,149.60,58.70,,20.47,0.398,27.00,32,150.00,3.90,7.40,4.32,1040.00,"{""imc"": ""Excelente"", ""rce"": ""Razoável"", ""abdo"": ""Bom"", ""flex"": ""Bom"", ""jump"": ""Razoável"", ""run6"": ""Razoável"", ""mball"": ""Razoável"", ""sprint"": ""Fraco"", ""square"": ""Muito Fraco""}",Evolução excelente em potência de membros superiores (medicine ball). Manter treino com cargas progressivas.,,2026-06-19 09:12:14.107688+00,2026-06-19 20:55:38.136676+00,,,,t
239f7d56-68dd-4fb5-bcec-67877ba2ed8c,07cc7290-5d3f-421b-a514-b21d6a683494,883a4cdd-6a73-4531-88ee-58ed70d1e509,6496fb6b-7c93-4bc8-bb5e-a666ffdae72e,2025-09-19,12,47.00,154.00,152.00,63.50,,19.82,0.412,23.00,18,127.00,2.50,8.15,4.72,850.00,"{""imc"": ""Excelente"", ""rce"": ""Excelente"", ""abdo"": ""Muito Fraco"", ""flex"": ""Fraco"", ""jump"": ""Fraco"", ""run6"": ""Muito Fraco"", ""mball"": ""Fraco"", ""sprint"": ""Fraco"", ""square"": ""Muito Fraco""}",Atenção ao IMC: orientar família sobre hábitos alimentares e manter monitoramento trimestral.,,2026-06-19 09:12:14.107688+00,2026-06-19 20:55:38.136676+00,,,,t
e81b183f-f167-4577-9aab-5ab71b550a0d,07cc7290-5d3f-421b-a514-b21d6a683494,883a4cdd-6a73-4531-88ee-58ed70d1e509,6496fb6b-7c93-4bc8-bb5e-a666ffdae72e,2026-01-19,13,48.20,154.80,152.80,63.10,,20.11,0.408,24.50,21,133.00,2.80,8.00,4.64,910.00,"{""imc"": ""Excelente"", ""rce"": ""Excelente"", ""abdo"": ""Fraco"", ""flex"": ""Fraco"", ""jump"": ""Fraco"", ""run6"": ""Fraco"", ""mball"": ""Fraco"", ""sprint"": ""Fraco"", ""square"": ""Muito Fraco""}",Evolução excelente em potência de membros superiores (medicine ball). Manter treino com cargas progressivas.,,2026-06-19 09:12:14.107688+00,2026-06-19 20:55:38.136676+00,,,,t
8bb37d27-6033-4227-b351-362033561fde,07cc7290-5d3f-421b-a514-b21d6a683494,883a4cdd-6a73-4531-88ee-58ed70d1e509,6496fb6b-7c93-4bc8-bb5e-a666ffdae72e,2026-05-19,13,49.40,155.60,153.60,62.70,,20.40,0.403,26.00,24,139.00,3.10,7.85,4.56,970.00,"{""imc"": ""Excelente"", ""rce"": ""Excelente"", ""abdo"": ""Fraco"", ""flex"": ""Fraco"", ""jump"": ""Razoável"", ""run6"": ""Fraco"", ""mball"": ""Fraco"", ""sprint"": ""Fraco"", ""square"": ""Muito Fraco""}",Resultados em flexibilidade abaixo da meta — incluir rotina de alongamento ativo nas aulas.,,2026-06-19 09:12:14.107688+00,2026-06-19 20:55:38.136676+00,,,,t
e318f7ce-4cff-4b26-9809-26d0a34a6c68,07cc7290-5d3f-421b-a514-b21d6a683494,1dc4fe95-f2d4-43af-9e9d-3bce3f02965a,6496fb6b-7c93-4bc8-bb5e-a666ffdae72e,2025-09-19,13,53.30,160.00,159.00,64.50,,20.82,0.403,20.00,19,120.00,2.60,8.00,4.60,860.00,"{""imc"": ""Excelente"", ""rce"": ""Excelente"", ""abdo"": ""Muito Fraco"", ""flex"": ""Fraco"", ""jump"": ""Muito Fraco"", ""run6"": ""Muito Fraco"", ""mball"": ""Muito Fraco"", ""sprint"": ""Muito Fraco"", ""square"": ""Muito Fraco""}",Evolução excelente em potência de membros superiores (medicine ball). Manter treino com cargas progressivas.,,2026-06-19 09:12:14.107688+00,2026-06-19 20:55:38.136676+00,,,,t
dbeddfbb-8f3a-4705-aaaf-f6de60ec9d3b,82728988-d739-4851-8718-cb574126d861,92e5bfee-b212-4d38-bce7-e012a0bf44de,,2026-06-22,13,45.00,,,,,,,,,,,,,,{},,,2026-06-22 12:42:05.447805+00,2026-06-22 12:42:05.447805+00,,,,f
eef456a0-62ae-4022-8fe6-b34b5d6f6be4,07cc7290-5d3f-421b-a514-b21d6a683494,1dc4fe95-f2d4-43af-9e9d-3bce3f02965a,6496fb6b-7c93-4bc8-bb5e-a666ffdae72e,2026-01-19,14,54.50,160.80,159.80,64.10,,21.08,0.399,21.50,22,126.00,2.90,7.85,4.52,920.00,"{""imc"": ""Excelente"", ""rce"": ""Razoável"", ""abdo"": ""Muito Fraco"", ""flex"": ""Razoável"", ""jump"": ""Muito Fraco"", ""run6"": ""Muito Fraco"", ""mball"": ""Muito Fraco"", ""sprint"": ""Muito Fraco"", ""square"": ""Muito Fraco""}",Resultados em flexibilidade abaixo da meta — incluir rotina de alongamento ativo nas aulas.,,2026-06-19 09:12:14.107688+00,2026-06-19 20:55:38.136676+00,,,,t
28b5303a-8af4-49c6-93ef-c3fdb9918ff4,07cc7290-5d3f-421b-a514-b21d6a683494,1dc4fe95-f2d4-43af-9e9d-3bce3f02965a,6496fb6b-7c93-4bc8-bb5e-a666ffdae72e,2026-05-19,14,55.70,161.60,160.60,63.70,,21.33,0.394,23.00,25,132.00,3.20,7.70,4.44,980.00,"{""imc"": ""Excelente"", ""rce"": ""Razoável"", ""abdo"": ""Fraco"", ""flex"": ""Razoável"", ""jump"": ""Muito Fraco"", ""run6"": ""Muito Fraco"", ""mball"": ""Muito Fraco"", ""sprint"": ""Muito Fraco"", ""square"": ""Muito Fraco""}",Perfil de baixo risco. Recomenda-se participação em modalidades coletivas para socialização.,,2026-06-19 09:12:14.107688+00,2026-06-19 20:55:38.136676+00,,,,t
db9893ae-5ec2-41fb-880f-738d8e294205,07cc7290-5d3f-421b-a514-b21d6a683494,3796012e-0b97-41a0-8215-ebc6e1b0dc54,6496fb6b-7c93-4bc8-bb5e-a666ffdae72e,2025-09-19,15,57.60,166.00,166.00,68.50,,20.90,0.413,21.00,20,121.00,2.70,8.05,4.64,870.00,"{""imc"": ""Excelente"", ""rce"": ""Excelente"", ""abdo"": ""Muito Fraco"", ""flex"": ""Muito Fraco"", ""jump"": ""Muito Fraco"", ""run6"": ""Fraco"", ""mball"": ""Muito Fraco"", ""sprint"": ""Muito Fraco"", ""square"": ""Muito Fraco""}",Resultados em flexibilidade abaixo da meta — incluir rotina de alongamento ativo nas aulas.,,2026-06-19 09:12:14.107688+00,2026-06-19 20:55:38.136676+00,,,,t
10501430-82d5-4774-b9db-a571b7d00702,07cc7290-5d3f-421b-a514-b21d6a683494,3796012e-0b97-41a0-8215-ebc6e1b0dc54,6496fb6b-7c93-4bc8-bb5e-a666ffdae72e,2026-01-19,15,58.80,166.80,166.80,68.10,,21.13,0.408,22.50,23,127.00,3.00,7.90,4.56,930.00,"{""imc"": ""Excelente"", ""rce"": ""Excelente"", ""abdo"": ""Fraco"", ""flex"": ""Muito Fraco"", ""jump"": ""Fraco"", ""run6"": ""Fraco"", ""mball"": ""Fraco"", ""sprint"": ""Fraco"", ""square"": ""Muito Fraco""}",Perfil de baixo risco. Recomenda-se participação em modalidades coletivas para socialização.,,2026-06-19 09:12:14.107688+00,2026-06-19 20:55:38.136676+00,,,,t
ddab6c0c-5e02-44b4-9e58-108014ae6a40,07cc7290-5d3f-421b-a514-b21d6a683494,3796012e-0b97-41a0-8215-ebc6e1b0dc54,6496fb6b-7c93-4bc8-bb5e-a666ffdae72e,2026-05-19,16,60.00,167.60,167.60,67.70,,21.36,0.404,24.00,26,133.00,3.30,7.75,4.48,990.00,"{""imc"": ""Excelente"", ""rce"": ""Excelente"", ""abdo"": ""Fraco"", ""flex"": ""Muito Fraco"", ""jump"": ""Fraco"", ""run6"": ""Fraco"", ""mball"": ""Fraco"", ""sprint"": ""Fraco"", ""square"": ""Muito Fraco""}",Aluno demonstra evolução consistente em força e resistência cardiorrespiratória. Recomenda-se manter periodização atual.,,2026-06-19 09:12:14.107688+00,2026-06-19 20:55:38.136676+00,,,,t
bcc62195-99e8-4e13-8258-e7af7739ccdb,07cc7290-5d3f-421b-a514-b21d6a683494,bce757fb-60b5-4890-bf86-51b6f34af9d3,6496fb6b-7c93-4bc8-bb5e-a666ffdae72e,2025-09-19,15,65.90,167.00,168.00,62.50,,23.63,0.374,22.00,21,122.00,2.80,8.10,4.68,880.00,"{""imc"": ""Razoável"", ""rce"": ""Razoável"", ""abdo"": ""Muito Fraco"", ""flex"": ""Fraco"", ""jump"": ""Muito Fraco"", ""run6"": ""Muito Fraco"", ""mball"": ""Muito Fraco"", ""sprint"": ""Muito Fraco"", ""square"": ""Muito Fraco""}",Perfil de baixo risco. Recomenda-se participação em modalidades coletivas para socialização.,,2026-06-19 09:12:14.107688+00,2026-06-19 20:55:38.136676+00,,,,t
6c915029-5a71-4ce7-bc6f-0079fab91df5,07cc7290-5d3f-421b-a514-b21d6a683494,bce757fb-60b5-4890-bf86-51b6f34af9d3,6496fb6b-7c93-4bc8-bb5e-a666ffdae72e,2026-01-19,15,67.10,167.80,168.80,62.10,,23.83,0.370,23.50,24,128.00,3.10,7.95,4.60,940.00,"{""imc"": ""Razoável"", ""rce"": ""Razoável"", ""abdo"": ""Muito Fraco"", ""flex"": ""Razoável"", ""jump"": ""Muito Fraco"", ""run6"": ""Muito Fraco"", ""mball"": ""Muito Fraco"", ""sprint"": ""Muito Fraco"", ""square"": ""Muito Fraco""}",Aluno demonstra evolução consistente em força e resistência cardiorrespiratória. Recomenda-se manter periodização atual.,,2026-06-19 09:12:14.107688+00,2026-06-19 20:55:38.136676+00,,,,t
9ec3ba9a-eb81-47f8-b3ec-bb28e1a87962,07cc7290-5d3f-421b-a514-b21d6a683494,bce757fb-60b5-4890-bf86-51b6f34af9d3,6496fb6b-7c93-4bc8-bb5e-a666ffdae72e,2026-05-19,16,68.30,168.60,169.60,61.70,,24.03,0.366,25.00,27,134.00,3.40,7.80,4.52,1000.00,"{""imc"": ""Razoável"", ""rce"": ""Razoável"", ""abdo"": ""Muito Fraco"", ""flex"": ""Razoável"", ""jump"": ""Muito Fraco"", ""run6"": ""Muito Fraco"", ""mball"": ""Muito Fraco"", ""sprint"": ""Muito Fraco"", ""square"": ""Muito Fraco""}",Composição corporal dentro do esperado para idade. Boa progressão na flexibilidade e potência de membros inferiores.,,2026-06-19 09:12:14.107688+00,2026-06-19 20:55:38.136676+00,,,,t
0c47bf3e-1a1c-42aa-8ea8-4233de02fa3a,07cc7290-5d3f-421b-a514-b21d6a683494,e0325331-a76a-4985-a8ad-ed5c26744c80,6496fb6b-7c93-4bc8-bb5e-a666ffdae72e,2025-09-19,17,59.20,171.00,173.00,66.50,,20.25,0.389,23.00,22,123.00,2.90,8.15,4.72,800.00,"{""imc"": ""Excelente"", ""rce"": ""Razoável"", ""abdo"": ""Fraco"", ""flex"": ""Muito Fraco"", ""jump"": ""Muito Fraco"", ""run6"": ""Muito Fraco"", ""mball"": ""Muito Fraco"", ""sprint"": ""Muito Fraco"", ""square"": ""Muito Fraco""}",Aluno demonstra evolução consistente em força e resistência cardiorrespiratória. Recomenda-se manter periodização atual.,,2026-06-19 09:12:14.107688+00,2026-06-19 20:55:38.136676+00,,,,t
c9ffa6bd-c43a-4af3-83a3-7bda84dbbaec,07cc7290-5d3f-421b-a514-b21d6a683494,e0325331-a76a-4985-a8ad-ed5c26744c80,6496fb6b-7c93-4bc8-bb5e-a666ffdae72e,2026-01-19,17,60.40,171.80,173.80,66.10,,20.46,0.385,24.50,25,129.00,3.20,8.00,4.64,860.00,"{""imc"": ""Excelente"", ""rce"": ""Razoável"", ""abdo"": ""Fraco"", ""flex"": ""Muito Fraco"", ""jump"": ""Muito Fraco"", ""run6"": ""Fraco"", ""mball"": ""Fraco"", ""sprint"": ""Muito Fraco"", ""square"": ""Muito Fraco""}",Composição corporal dentro do esperado para idade. Boa progressão na flexibilidade e potência de membros inferiores.,,2026-06-19 09:12:14.107688+00,2026-06-19 20:55:38.136676+00,,,,t
8dec34e6-05b7-4c1d-b77e-579ffb1c29a8,07cc7290-5d3f-421b-a514-b21d6a683494,e0325331-a76a-4985-a8ad-ed5c26744c80,6496fb6b-7c93-4bc8-bb5e-a666ffdae72e,2026-05-19,18,61.60,172.60,174.60,65.70,,20.68,0.381,26.00,28,135.00,3.50,7.85,4.56,920.00,"{""imc"": ""Excelente"", ""rce"": ""Razoável"", ""abdo"": ""Razoável"", ""flex"": ""Muito Fraco"", ""jump"": ""Fraco"", ""run6"": ""Fraco"", ""mball"": ""Fraco"", ""sprint"": ""Fraco"", ""square"": ""Muito Fraco""}",Performance acima da média da turma. Indicado encaminhamento para grupo de alto rendimento.,,2026-06-19 09:12:14.107688+00,2026-06-19 20:55:38.136676+00,,,,t
c90f652f-6b54-4fb6-8bbe-2f99761e62e2,07cc7290-5d3f-421b-a514-b21d6a683494,b7c9f126-a913-4535-8952-17e3fa2cdd25,6496fb6b-7c93-4bc8-bb5e-a666ffdae72e,2025-09-19,10,33.00,139.00,137.00,57.00,,17.08,0.410,28.00,34,172.00,4.10,6.40,3.80,1130.00,"{""imc"": ""Excelente"", ""rce"": ""Excelente"", ""abdo"": ""Bom"", ""flex"": ""Muito Bom"", ""jump"": ""Muito Bom"", ""run6"": ""Bom"", ""mball"": ""Bom"", ""sprint"": ""Bom"", ""square"": ""Razoável""}",Composição corporal dentro do esperado para idade. Boa progressão na flexibilidade e potência de membros inferiores.,,2026-06-19 09:12:14.107688+00,2026-06-19 20:55:38.136676+00,,,,t
5730d6de-b622-44a5-a675-24513eaf73c5,07cc7290-5d3f-421b-a514-b21d6a683494,b7c9f126-a913-4535-8952-17e3fa2cdd25,6496fb6b-7c93-4bc8-bb5e-a666ffdae72e,2026-01-19,10,34.20,139.80,137.80,56.60,,17.50,0.405,29.50,37,178.00,4.40,6.25,3.72,1190.00,"{""imc"": ""Excelente"", ""rce"": ""Excelente"", ""abdo"": ""Muito Bom"", ""flex"": ""Muito Bom"", ""jump"": ""Muito Bom"", ""run6"": ""Bom"", ""mball"": ""Muito Bom"", ""sprint"": ""Bom"", ""square"": ""Razoável""}",Performance acima da média da turma. Indicado encaminhamento para grupo de alto rendimento.,,2026-06-19 09:12:14.107688+00,2026-06-19 20:55:38.136676+00,,,,t
a0d2eef7-19a3-4993-8263-ce6f5b5c783a,07cc7290-5d3f-421b-a514-b21d6a683494,b7c9f126-a913-4535-8952-17e3fa2cdd25,6496fb6b-7c93-4bc8-bb5e-a666ffdae72e,2026-05-19,10,35.40,140.60,138.60,56.20,,17.91,0.400,31.00,40,184.00,4.70,6.10,3.64,1250.00,"{""imc"": ""Excelente"", ""rce"": ""Excelente"", ""abdo"": ""Muito Bom"", ""flex"": ""Muito Bom"", ""jump"": ""Excelente"", ""run6"": ""Bom"", ""mball"": ""Muito Bom"", ""sprint"": ""Muito Bom"", ""square"": ""Bom""}",Pequenas oscilações em provas de velocidade — focar trabalho técnico de saída e aceleração.,,2026-06-19 09:12:14.107688+00,2026-06-19 20:55:38.136676+00,,,,t
6801a2bc-4808-4339-b5ae-0b7e7a6d2bf6,07cc7290-5d3f-421b-a514-b21d6a683494,9cfda25e-79bc-4267-b9be-d435cc038c4f,6496fb6b-7c93-4bc8-bb5e-a666ffdae72e,2025-09-19,11,36.30,143.00,142.00,59.50,,17.75,0.416,29.00,35,173.00,4.20,6.45,3.84,1140.00,"{""imc"": ""Excelente"", ""rce"": ""Excelente"", ""abdo"": ""Muito Bom"", ""flex"": ""Razoável"", ""jump"": ""Excelente"", ""run6"": ""Bom"", ""mball"": ""Bom"", ""sprint"": ""Muito Bom"", ""square"": ""Razoável""}",Performance acima da média da turma. Indicado encaminhamento para grupo de alto rendimento.,,2026-06-19 09:12:14.107688+00,2026-06-19 20:55:38.136676+00,,,,t
4cde0ba0-b1d9-49c9-84b8-93a18d86f6b1,07cc7290-5d3f-421b-a514-b21d6a683494,9cfda25e-79bc-4267-b9be-d435cc038c4f,6496fb6b-7c93-4bc8-bb5e-a666ffdae72e,2026-01-19,11,37.50,143.80,142.80,59.10,,18.13,0.411,30.50,38,179.00,4.50,6.30,3.76,1200.00,"{""imc"": ""Excelente"", ""rce"": ""Excelente"", ""abdo"": ""Muito Bom"", ""flex"": ""Bom"", ""jump"": ""Excelente"", ""run6"": ""Bom"", ""mball"": ""Muito Bom"", ""sprint"": ""Muito Bom"", ""square"": ""Bom""}",Pequenas oscilações em provas de velocidade — focar trabalho técnico de saída e aceleração.,,2026-06-19 09:12:14.107688+00,2026-06-19 20:55:38.136676+00,,,,t
03dc2168-a730-407f-b7e6-e0a3d0a928a1,07cc7290-5d3f-421b-a514-b21d6a683494,9cfda25e-79bc-4267-b9be-d435cc038c4f,6496fb6b-7c93-4bc8-bb5e-a666ffdae72e,2026-05-19,11,38.70,144.60,143.60,58.70,,18.51,0.406,32.00,41,185.00,4.80,6.15,3.68,1260.00,"{""imc"": ""Excelente"", ""rce"": ""Excelente"", ""abdo"": ""Excelente"", ""flex"": ""Bom"", ""jump"": ""Excelente"", ""run6"": ""Muito Bom"", ""mball"": ""Muito Bom"", ""sprint"": ""Muito Bom"", ""square"": ""Bom""}",Indicadores de saúde estáveis. Continuar reforço de treinos funcionais e mobilidade.,,2026-06-19 09:12:14.107688+00,2026-06-19 20:55:38.136676+00,,,,t
73656243-3844-474e-bbae-cf8d15d32c84,07cc7290-5d3f-421b-a514-b21d6a683494,8f2cbd00-10b8-48b9-a59b-d1645765c66d,6496fb6b-7c93-4bc8-bb5e-a666ffdae72e,2025-09-19,11,40.60,147.00,147.00,60.50,,18.79,0.412,30.00,36,174.00,4.30,6.50,3.88,1150.00,"{""imc"": ""Excelente"", ""rce"": ""Excelente"", ""abdo"": ""Bom"", ""flex"": ""Muito Bom"", ""jump"": ""Muito Bom"", ""run6"": ""Razoável"", ""mball"": ""Bom"", ""sprint"": ""Bom"", ""square"": ""Fraco""}",Pequenas oscilações em provas de velocidade — focar trabalho técnico de saída e aceleração.,,2026-06-19 09:12:14.107688+00,2026-06-19 20:55:38.136676+00,,,,t
e4e2eb10-d9b7-4610-9a68-7cea90f5bee3,07cc7290-5d3f-421b-a514-b21d6a683494,8f2cbd00-10b8-48b9-a59b-d1645765c66d,6496fb6b-7c93-4bc8-bb5e-a666ffdae72e,2026-01-19,11,41.80,147.80,147.80,60.10,,19.13,0.407,31.50,39,180.00,4.60,6.35,3.80,1210.00,"{""imc"": ""Excelente"", ""rce"": ""Excelente"", ""abdo"": ""Muito Bom"", ""flex"": ""Muito Bom"", ""jump"": ""Muito Bom"", ""run6"": ""Bom"", ""mball"": ""Bom"", ""sprint"": ""Bom"", ""square"": ""Razoável""}",Indicadores de saúde estáveis. Continuar reforço de treinos funcionais e mobilidade.,,2026-06-19 09:12:14.107688+00,2026-06-19 20:55:38.136676+00,,,,t
3c82be43-c7c1-493e-bfd1-14c30bd57132,07cc7290-5d3f-421b-a514-b21d6a683494,8f2cbd00-10b8-48b9-a59b-d1645765c66d,6496fb6b-7c93-4bc8-bb5e-a666ffdae72e,2026-05-19,11,43.00,148.60,148.60,59.70,,19.47,0.402,33.00,42,186.00,4.90,6.20,3.72,1270.00,"{""imc"": ""Excelente"", ""rce"": ""Excelente"", ""abdo"": ""Muito Bom"", ""flex"": ""Excelente"", ""jump"": ""Muito Bom"", ""run6"": ""Bom"", ""mball"": ""Muito Bom"", ""sprint"": ""Bom"", ""square"": ""Razoável""}",Boa adesão ao programa. Sugere-se ampliar volume de corrida contínua para melhorar VO2.,,2026-06-19 09:12:14.107688+00,2026-06-19 20:55:38.136676+00,,,,t
c83ae994-314d-4aac-83dd-b1cac841aec3,07cc7290-5d3f-421b-a514-b21d6a683494,f55a6c29-e801-4224-ba39-2611b171420f,6496fb6b-7c93-4bc8-bb5e-a666ffdae72e,2025-09-19,12,42.90,150.00,151.00,63.00,,19.07,0.420,31.00,37,175.00,4.40,6.55,3.92,1160.00,"{""imc"": ""Excelente"", ""rce"": ""Excelente"", ""abdo"": ""Muito Bom"", ""flex"": ""Razoável"", ""jump"": ""Muito Bom"", ""run6"": ""Bom"", ""mball"": ""Bom"", ""sprint"": ""Bom"", ""square"": ""Razoável""}",Indicadores de saúde estáveis. Continuar reforço de treinos funcionais e mobilidade.,,2026-06-19 09:12:14.107688+00,2026-06-19 20:55:38.136676+00,,,,t
5f7e3885-ebab-490f-a5ac-683b0def2de7,07cc7290-5d3f-421b-a514-b21d6a683494,f55a6c29-e801-4224-ba39-2611b171420f,6496fb6b-7c93-4bc8-bb5e-a666ffdae72e,2026-01-19,12,44.10,150.80,151.80,62.60,,19.39,0.415,32.50,40,181.00,4.70,6.40,3.84,1220.00,"{""imc"": ""Excelente"", ""rce"": ""Excelente"", ""abdo"": ""Muito Bom"", ""flex"": ""Bom"", ""jump"": ""Excelente"", ""run6"": ""Bom"", ""mball"": ""Muito Bom"", ""sprint"": ""Bom"", ""square"": ""Razoável""}",Boa adesão ao programa. Sugere-se ampliar volume de corrida contínua para melhorar VO2.,,2026-06-19 09:12:14.107688+00,2026-06-19 20:55:38.136676+00,,,,t
6b6ee089-a272-45c2-8043-7be123897e58,07cc7290-5d3f-421b-a514-b21d6a683494,f55a6c29-e801-4224-ba39-2611b171420f,6496fb6b-7c93-4bc8-bb5e-a666ffdae72e,2026-05-19,12,45.30,151.60,152.60,62.20,,19.71,0.410,34.00,43,187.00,5.00,6.25,3.76,1280.00,"{""imc"": ""Excelente"", ""rce"": ""Excelente"", ""abdo"": ""Excelente"", ""flex"": ""Bom"", ""jump"": ""Excelente"", ""run6"": ""Bom"", ""mball"": ""Muito Bom"", ""sprint"": ""Muito Bom"", ""square"": ""Bom""}",Atenção ao IMC: orientar família sobre hábitos alimentares e manter monitoramento trimestral.,,2026-06-19 09:12:14.107688+00,2026-06-19 20:55:38.136676+00,,,,t
2d1888bb-0d12-44ef-81c6-3eadd9a36fbe,07cc7290-5d3f-421b-a514-b21d6a683494,e39e20d1-7138-43a2-9644-35a2f8c77973,6496fb6b-7c93-4bc8-bb5e-a666ffdae72e,2025-09-19,11,48.20,155.00,157.00,64.00,,20.06,0.413,28.00,38,168.00,4.50,6.40,3.80,1170.00,"{""imc"": ""Excelente"", ""rce"": ""Excelente"", ""abdo"": ""Muito Bom"", ""flex"": ""Bom"", ""jump"": ""Bom"", ""run6"": ""Bom"", ""mball"": ""Bom"", ""sprint"": ""Bom"", ""square"": ""Razoável""}",Boa adesão ao programa. Sugere-se ampliar volume de corrida contínua para melhorar VO2.,,2026-06-19 09:12:14.107688+00,2026-06-19 20:55:38.136676+00,,,,t
244c6ecd-c959-4cfd-8d58-5719a7252a46,07cc7290-5d3f-421b-a514-b21d6a683494,e39e20d1-7138-43a2-9644-35a2f8c77973,6496fb6b-7c93-4bc8-bb5e-a666ffdae72e,2026-01-19,12,49.40,155.80,157.80,63.60,,20.35,0.408,29.50,41,174.00,4.80,6.25,3.72,1230.00,"{""imc"": ""Excelente"", ""rce"": ""Excelente"", ""abdo"": ""Muito Bom"", ""flex"": ""Muito Bom"", ""jump"": ""Bom"", ""run6"": ""Bom"", ""mball"": ""Bom"", ""sprint"": ""Bom"", ""square"": ""Razoável""}",Atenção ao IMC: orientar família sobre hábitos alimentares e manter monitoramento trimestral.,,2026-06-19 09:12:14.107688+00,2026-06-19 20:55:38.136676+00,,,,t
d2de27b7-5b9d-4415-a001-33f9744391d9,07cc7290-5d3f-421b-a514-b21d6a683494,e39e20d1-7138-43a2-9644-35a2f8c77973,6496fb6b-7c93-4bc8-bb5e-a666ffdae72e,2026-05-19,12,50.60,156.60,158.60,63.20,,20.63,0.404,31.00,44,180.00,5.10,6.10,3.64,1290.00,"{""imc"": ""Excelente"", ""rce"": ""Excelente"", ""abdo"": ""Muito Bom"", ""flex"": ""Muito Bom"", ""jump"": ""Bom"", ""run6"": ""Bom"", ""mball"": ""Muito Bom"", ""sprint"": ""Bom"", ""square"": ""Razoável""}",Evolução excelente em potência de membros superiores (medicine ball). Manter treino com cargas progressivas.,,2026-06-19 09:12:14.107688+00,2026-06-19 20:55:38.136676+00,,,,t
8ef4b3c3-abf4-47b4-90c3-f1c69bb28b47,07cc7290-5d3f-421b-a514-b21d6a683494,da1cbf00-c248-4a63-b468-cb734df46aa0,6496fb6b-7c93-4bc8-bb5e-a666ffdae72e,2025-09-19,13,52.00,155.00,153.00,61.00,,21.64,0.394,29.00,34,169.00,4.10,6.45,3.84,1180.00,"{""imc"": ""Excelente"", ""rce"": ""Razoável"", ""abdo"": ""Bom"", ""flex"": ""Razoável"", ""jump"": ""Muito Bom"", ""run6"": ""Bom"", ""mball"": ""Bom"", ""sprint"": ""Bom"", ""square"": ""Razoável""}",Atenção ao IMC: orientar família sobre hábitos alimentares e manter monitoramento trimestral.,,2026-06-19 09:12:14.107688+00,2026-06-19 20:55:38.136676+00,,,,t
402a27f6-1c31-4e23-b614-df0d310fa113,07cc7290-5d3f-421b-a514-b21d6a683494,da1cbf00-c248-4a63-b468-cb734df46aa0,6496fb6b-7c93-4bc8-bb5e-a666ffdae72e,2026-01-19,14,53.20,155.80,153.80,60.60,,21.92,0.389,30.50,37,175.00,4.40,6.30,3.76,1240.00,"{""imc"": ""Excelente"", ""rce"": ""Razoável"", ""abdo"": ""Bom"", ""flex"": ""Razoável"", ""jump"": ""Muito Bom"", ""run6"": ""Bom"", ""mball"": ""Bom"", ""sprint"": ""Bom"", ""square"": ""Razoável""}",Evolução excelente em potência de membros superiores (medicine ball). Manter treino com cargas progressivas.,,2026-06-19 09:12:14.107688+00,2026-06-19 20:55:38.136676+00,,,,t
aeac512e-36f4-46e7-9489-bcde387a4527,07cc7290-5d3f-421b-a514-b21d6a683494,da1cbf00-c248-4a63-b468-cb734df46aa0,6496fb6b-7c93-4bc8-bb5e-a666ffdae72e,2026-05-19,14,54.40,156.60,154.60,60.20,,22.18,0.384,32.00,40,181.00,4.70,6.15,3.68,1300.00,"{""imc"": ""Excelente"", ""rce"": ""Razoável"", ""abdo"": ""Muito Bom"", ""flex"": ""Razoável"", ""jump"": ""Muito Bom"", ""run6"": ""Bom"", ""mball"": ""Bom"", ""sprint"": ""Muito Bom"", ""square"": ""Razoável""}",Resultados em flexibilidade abaixo da meta — incluir rotina de alongamento ativo nas aulas.,,2026-06-19 09:12:14.107688+00,2026-06-19 20:55:38.136676+00,,,,t
3e684f31-d50e-4941-951a-60ae49740d0f,07cc7290-5d3f-421b-a514-b21d6a683494,133d3929-9692-442c-ad1a-e9079ca6e212,6496fb6b-7c93-4bc8-bb5e-a666ffdae72e,2025-09-19,13,59.30,162.00,161.00,62.00,,22.60,0.383,30.00,35,170.00,4.20,6.50,3.88,1190.00,"{""imc"": ""Razoável"", ""rce"": ""Razoável"", ""abdo"": ""Bom"", ""flex"": ""Muito Bom"", ""jump"": ""Razoável"", ""run6"": ""Razoável"", ""mball"": ""Razoável"", ""sprint"": ""Razoável"", ""square"": ""Fraco""}",Evolução excelente em potência de membros superiores (medicine ball). Manter treino com cargas progressivas.,,2026-06-19 09:12:14.107688+00,2026-06-19 20:55:38.136676+00,,,,t
3fba6911-cf48-4ac3-a8d3-6675ac7acf78,07cc7290-5d3f-421b-a514-b21d6a683494,133d3929-9692-442c-ad1a-e9079ca6e212,6496fb6b-7c93-4bc8-bb5e-a666ffdae72e,2026-01-19,14,60.50,162.80,161.80,61.60,,22.83,0.378,31.50,38,176.00,4.50,6.35,3.80,1250.00,"{""imc"": ""Razoável"", ""rce"": ""Razoável"", ""abdo"": ""Bom"", ""flex"": ""Muito Bom"", ""jump"": ""Razoável"", ""run6"": ""Razoável"", ""mball"": ""Razoável"", ""sprint"": ""Razoável"", ""square"": ""Fraco""}",Resultados em flexibilidade abaixo da meta — incluir rotina de alongamento ativo nas aulas.,,2026-06-19 09:12:14.107688+00,2026-06-19 20:55:38.136676+00,,,,t
6bcfd515-4994-460b-9988-0430e9e8d82a,07cc7290-5d3f-421b-a514-b21d6a683494,133d3929-9692-442c-ad1a-e9079ca6e212,6496fb6b-7c93-4bc8-bb5e-a666ffdae72e,2026-05-19,14,61.70,163.60,162.60,61.20,,23.05,0.374,33.00,41,182.00,4.80,6.20,3.72,1310.00,"{""imc"": ""Razoável"", ""rce"": ""Razoável"", ""abdo"": ""Bom"", ""flex"": ""Muito Bom"", ""jump"": ""Bom"", ""run6"": ""Bom"", ""mball"": ""Razoável"", ""sprint"": ""Razoável"", ""square"": ""Fraco""}",Perfil de baixo risco. Recomenda-se participação em modalidades coletivas para socialização.,,2026-06-19 09:12:14.107688+00,2026-06-19 20:55:38.136676+00,,,,t
2eda6bbf-f56e-49f1-b027-966c54d0dce3,07cc7290-5d3f-421b-a514-b21d6a683494,d803b080-44ec-4100-9442-c79f02e2e8c4,6496fb6b-7c93-4bc8-bb5e-a666ffdae72e,2025-09-19,15,62.60,167.00,167.00,66.00,,22.45,0.395,31.00,36,171.00,4.30,6.55,3.92,1200.00,"{""imc"": ""Excelente"", ""rce"": ""Razoável"", ""abdo"": ""Bom"", ""flex"": ""Razoável"", ""jump"": ""Muito Bom"", ""run6"": ""Bom"", ""mball"": ""Razoável"", ""sprint"": ""Bom"", ""square"": ""Fraco""}",Resultados em flexibilidade abaixo da meta — incluir rotina de alongamento ativo nas aulas.,,2026-06-19 09:12:14.107688+00,2026-06-19 20:55:38.136676+00,,,,t
8d5d3d2f-04de-4286-8f86-4f92c86a7eba,07cc7290-5d3f-421b-a514-b21d6a683494,d803b080-44ec-4100-9442-c79f02e2e8c4,6496fb6b-7c93-4bc8-bb5e-a666ffdae72e,2026-01-19,16,63.80,167.80,167.80,65.60,,22.66,0.391,32.50,39,177.00,4.60,6.40,3.84,1260.00,"{""imc"": ""Razoável"", ""rce"": ""Razoável"", ""abdo"": ""Muito Bom"", ""flex"": ""Razoável"", ""jump"": ""Muito Bom"", ""run6"": ""Bom"", ""mball"": ""Bom"", ""sprint"": ""Bom"", ""square"": ""Fraco""}",Perfil de baixo risco. Recomenda-se participação em modalidades coletivas para socialização.,,2026-06-19 09:12:14.107688+00,2026-06-19 20:55:38.136676+00,,,,t
bbf0dbc3-2a74-4ec3-b43f-dca8a8f9fc14,07cc7290-5d3f-421b-a514-b21d6a683494,d803b080-44ec-4100-9442-c79f02e2e8c4,6496fb6b-7c93-4bc8-bb5e-a666ffdae72e,2026-05-19,16,65.00,168.60,168.60,65.20,,22.87,0.387,34.00,42,183.00,4.90,6.25,3.76,1320.00,"{""imc"": ""Razoável"", ""rce"": ""Razoável"", ""abdo"": ""Muito Bom"", ""flex"": ""Razoável"", ""jump"": ""Muito Bom"", ""run6"": ""Muito Bom"", ""mball"": ""Bom"", ""sprint"": ""Bom"", ""square"": ""Razoável""}",Aluno demonstra evolução consistente em força e resistência cardiorrespiratória. Recomenda-se manter periodização atual.,,2026-06-19 09:12:14.107688+00,2026-06-19 20:55:38.136676+00,,,,t
8a86e7f0-ec00-4211-93d7-9b1ea25f072d,07cc7290-5d3f-421b-a514-b21d6a683494,ffcde222-52c0-4295-a5f7-683edc6b7946,6496fb6b-7c93-4bc8-bb5e-a666ffdae72e,2025-09-19,16,62.90,176.00,177.00,67.00,,20.31,0.381,28.00,37,172.00,4.40,6.40,3.80,1120.00,"{""imc"": ""Excelente"", ""rce"": ""Razoável"", ""abdo"": ""Razoável"", ""flex"": ""Razoável"", ""jump"": ""Fraco"", ""run6"": ""Fraco"", ""mball"": ""Fraco"", ""sprint"": ""Fraco"", ""square"": ""Muito Fraco""}",Perfil de baixo risco. Recomenda-se participação em modalidades coletivas para socialização.,,2026-06-19 09:12:14.107688+00,2026-06-19 20:55:38.136676+00,,,,t
e4c8693f-bf82-44c7-b90c-5b0ce2e986d4,07cc7290-5d3f-421b-a514-b21d6a683494,ffcde222-52c0-4295-a5f7-683edc6b7946,6496fb6b-7c93-4bc8-bb5e-a666ffdae72e,2026-01-19,17,64.10,176.80,177.80,66.60,,20.51,0.377,29.50,40,178.00,4.70,6.25,3.72,1180.00,"{""imc"": ""Excelente"", ""rce"": ""Razoável"", ""abdo"": ""Razoável"", ""flex"": ""Razoável"", ""jump"": ""Fraco"", ""run6"": ""Fraco"", ""mball"": ""Fraco"", ""sprint"": ""Fraco"", ""square"": ""Muito Fraco""}",Aluno demonstra evolução consistente em força e resistência cardiorrespiratória. Recomenda-se manter periodização atual.,,2026-06-19 09:12:14.107688+00,2026-06-19 20:55:38.136676+00,,,,t
b5a401c7-6ac9-433d-9df3-035122d12913,07cc7290-5d3f-421b-a514-b21d6a683494,ffcde222-52c0-4295-a5f7-683edc6b7946,6496fb6b-7c93-4bc8-bb5e-a666ffdae72e,2026-05-19,17,65.30,177.60,178.60,66.20,,20.70,0.373,31.00,43,184.00,5.00,6.10,3.64,1240.00,"{""imc"": ""Excelente"", ""rce"": ""Razoável"", ""abdo"": ""Bom"", ""flex"": ""Bom"", ""jump"": ""Fraco"", ""run6"": ""Fraco"", ""mball"": ""Fraco"", ""sprint"": ""Razoável"", ""square"": ""Muito Fraco""}",Composição corporal dentro do esperado para idade. Boa progressão na flexibilidade e potência de membros inferiores.,,2026-06-19 09:12:14.107688+00,2026-06-19 20:55:38.136676+00,,,,t
053e4c99-b699-446f-bf44-3acea17b4a57,07cc7290-5d3f-421b-a514-b21d6a683494,9044596c-7a92-499f-a3c8-692cf0dd813c,6496fb6b-7c93-4bc8-bb5e-a666ffdae72e,2025-09-19,11,36.20,144.00,146.00,60.50,,17.46,0.420,29.00,38,173.00,4.50,6.45,3.84,1130.00,"{""imc"": ""Excelente"", ""rce"": ""Excelente"", ""abdo"": ""Muito Bom"", ""flex"": ""Razoável"", ""jump"": ""Excelente"", ""run6"": ""Bom"", ""mball"": ""Muito Bom"", ""sprint"": ""Muito Bom"", ""square"": ""Razoável""}",Aluno demonstra evolução consistente em força e resistência cardiorrespiratória. Recomenda-se manter periodização atual.,,2026-06-19 09:12:14.107688+00,2026-06-19 20:55:38.136676+00,,,,t
f3934a7f-0140-4017-9d1c-845a0bb374ff,07cc7290-5d3f-421b-a514-b21d6a683494,9044596c-7a92-499f-a3c8-692cf0dd813c,6496fb6b-7c93-4bc8-bb5e-a666ffdae72e,2026-01-19,11,37.40,144.80,146.80,60.10,,17.84,0.415,30.50,41,179.00,4.80,6.30,3.76,1190.00,"{""imc"": ""Excelente"", ""rce"": ""Excelente"", ""abdo"": ""Excelente"", ""flex"": ""Bom"", ""jump"": ""Excelente"", ""run6"": ""Bom"", ""mball"": ""Muito Bom"", ""sprint"": ""Muito Bom"", ""square"": ""Bom""}",Composição corporal dentro do esperado para idade. Boa progressão na flexibilidade e potência de membros inferiores.,,2026-06-19 09:12:14.107688+00,2026-06-19 20:55:38.136676+00,,,,t
4cac7cc3-8d70-412e-bb61-9df11f7d5a93,07cc7290-5d3f-421b-a514-b21d6a683494,9044596c-7a92-499f-a3c8-692cf0dd813c,6496fb6b-7c93-4bc8-bb5e-a666ffdae72e,2026-05-19,12,38.60,145.60,147.60,59.70,,18.21,0.410,32.00,44,185.00,5.10,6.15,3.68,1250.00,"{""imc"": ""Excelente"", ""rce"": ""Excelente"", ""abdo"": ""Excelente"", ""flex"": ""Bom"", ""jump"": ""Excelente"", ""run6"": ""Bom"", ""mball"": ""Muito Bom"", ""sprint"": ""Muito Bom"", ""square"": ""Bom""}",Performance acima da média da turma. Indicado encaminhamento para grupo de alto rendimento.,,2026-06-19 09:12:14.107688+00,2026-06-19 20:55:38.136676+00,,,,t
80c2ebba-4fe3-4c15-b3fe-34f36d4db289,07cc7290-5d3f-421b-a514-b21d6a683494,79703351-7d9e-443e-ab7b-889e4ae83fd5,6496fb6b-7c93-4bc8-bb5e-a666ffdae72e,2025-09-19,10,34.00,142.00,140.00,60.00,,16.86,0.423,30.00,34,174.00,4.10,6.50,3.88,1140.00,"{""imc"": ""Excelente"", ""rce"": ""Excelente"", ""abdo"": ""Bom"", ""flex"": ""Muito Bom"", ""jump"": ""Muito Bom"", ""run6"": ""Bom"", ""mball"": ""Bom"", ""sprint"": ""Bom"", ""square"": ""Razoável""}",Composição corporal dentro do esperado para idade. Boa progressão na flexibilidade e potência de membros inferiores.,,2026-06-19 09:12:14.107688+00,2026-06-19 20:55:38.136676+00,,,,t
4f251e5a-69cd-4bb5-883e-3dcb002c2617,07cc7290-5d3f-421b-a514-b21d6a683494,79703351-7d9e-443e-ab7b-889e4ae83fd5,6496fb6b-7c93-4bc8-bb5e-a666ffdae72e,2026-01-19,10,35.20,142.80,140.80,59.60,,17.26,0.417,31.50,37,180.00,4.40,6.35,3.80,1200.00,"{""imc"": ""Excelente"", ""rce"": ""Excelente"", ""abdo"": ""Muito Bom"", ""flex"": ""Excelente"", ""jump"": ""Muito Bom"", ""run6"": ""Bom"", ""mball"": ""Muito Bom"", ""sprint"": ""Bom"", ""square"": ""Razoável""}",Performance acima da média da turma. Indicado encaminhamento para grupo de alto rendimento.,,2026-06-19 09:12:14.107688+00,2026-06-19 20:55:38.136676+00,,,,t
008daf57-b86a-4128-9b26-1c9062768105,07cc7290-5d3f-421b-a514-b21d6a683494,79703351-7d9e-443e-ab7b-889e4ae83fd5,6496fb6b-7c93-4bc8-bb5e-a666ffdae72e,2026-05-19,11,36.40,143.60,141.60,59.20,,17.65,0.412,33.00,40,186.00,4.70,6.20,3.72,1260.00,"{""imc"": ""Excelente"", ""rce"": ""Excelente"", ""abdo"": ""Muito Bom"", ""flex"": ""Excelente"", ""jump"": ""Muito Bom"", ""run6"": ""Bom"", ""mball"": ""Bom"", ""sprint"": ""Bom"", ""square"": ""Razoável""}",Pequenas oscilações em provas de velocidade — focar trabalho técnico de saída e aceleração.,,2026-06-19 09:12:14.107688+00,2026-06-19 20:55:38.136676+00,,,,t
edef5122-344a-4b06-9589-8d613717a281,07cc7290-5d3f-421b-a514-b21d6a683494,58d25b2c-d532-41e8-8117-8935a072bbcf,6496fb6b-7c93-4bc8-bb5e-a666ffdae72e,2025-09-19,12,41.30,151.00,150.00,64.00,,18.11,0.424,31.00,35,175.00,4.20,6.55,3.92,1150.00,"{""imc"": ""Excelente"", ""rce"": ""Excelente"", ""abdo"": ""Bom"", ""flex"": ""Razoável"", ""jump"": ""Muito Bom"", ""run6"": ""Razoável"", ""mball"": ""Bom"", ""sprint"": ""Bom"", ""square"": ""Razoável""}",Performance acima da média da turma. Indicado encaminhamento para grupo de alto rendimento.,,2026-06-19 09:12:14.107688+00,2026-06-19 20:55:38.136676+00,,,,t
bbdb7034-a9e3-45e5-9bee-ef664392c60a,07cc7290-5d3f-421b-a514-b21d6a683494,58d25b2c-d532-41e8-8117-8935a072bbcf,6496fb6b-7c93-4bc8-bb5e-a666ffdae72e,2026-01-19,12,42.50,151.80,150.80,63.60,,18.44,0.419,32.50,38,181.00,4.50,6.40,3.84,1210.00,"{""imc"": ""Excelente"", ""rce"": ""Excelente"", ""abdo"": ""Muito Bom"", ""flex"": ""Bom"", ""jump"": ""Excelente"", ""run6"": ""Bom"", ""mball"": ""Bom"", ""sprint"": ""Bom"", ""square"": ""Razoável""}",Pequenas oscilações em provas de velocidade — focar trabalho técnico de saída e aceleração.,,2026-06-19 09:12:14.107688+00,2026-06-19 20:55:38.136676+00,,,,t
4f2b8bb6-3bfa-4bcc-aedb-9f62166fe9cc,07cc7290-5d3f-421b-a514-b21d6a683494,58d25b2c-d532-41e8-8117-8935a072bbcf,6496fb6b-7c93-4bc8-bb5e-a666ffdae72e,2026-05-19,13,43.70,152.60,151.60,63.20,,18.77,0.414,34.00,41,187.00,4.80,6.25,3.76,1270.00,"{""imc"": ""Excelente"", ""rce"": ""Excelente"", ""abdo"": ""Muito Bom"", ""flex"": ""Bom"", ""jump"": ""Excelente"", ""run6"": ""Bom"", ""mball"": ""Muito Bom"", ""sprint"": ""Bom"", ""square"": ""Razoável""}",Indicadores de saúde estáveis. Continuar reforço de treinos funcionais e mobilidade.,,2026-06-19 09:12:14.107688+00,2026-06-19 20:55:38.136676+00,,,,t
e31992bb-e9b7-4e2d-a415-147f636449eb,07cc7290-5d3f-421b-a514-b21d6a683494,93241dfc-7db9-4d12-b601-e000ccb7dc2c,6496fb6b-7c93-4bc8-bb5e-a666ffdae72e,2025-09-19,11,41.60,143.00,143.00,56.50,,20.34,0.395,28.00,36,168.00,4.30,6.40,3.80,1160.00,"{""imc"": ""Excelente"", ""rce"": ""Razoável"", ""abdo"": ""Bom"", ""flex"": ""Bom"", ""jump"": ""Bom"", ""run6"": ""Bom"", ""mball"": ""Bom"", ""sprint"": ""Bom"", ""square"": ""Razoável""}",Pequenas oscilações em provas de velocidade — focar trabalho técnico de saída e aceleração.,,2026-06-19 09:12:14.107688+00,2026-06-19 20:55:38.136676+00,,,,t
3f21ef2a-2bc1-40a0-8961-eaa63b29beb7,07cc7290-5d3f-421b-a514-b21d6a683494,93241dfc-7db9-4d12-b601-e000ccb7dc2c,6496fb6b-7c93-4bc8-bb5e-a666ffdae72e,2026-01-19,11,42.80,143.80,143.80,56.10,,20.70,0.390,29.50,39,174.00,4.60,6.25,3.72,1220.00,"{""imc"": ""Excelente"", ""rce"": ""Razoável"", ""abdo"": ""Muito Bom"", ""flex"": ""Muito Bom"", ""jump"": ""Muito Bom"", ""run6"": ""Bom"", ""mball"": ""Bom"", ""sprint"": ""Bom"", ""square"": ""Razoável""}",Indicadores de saúde estáveis. Continuar reforço de treinos funcionais e mobilidade.,,2026-06-19 09:12:14.107688+00,2026-06-19 20:55:38.136676+00,,,,t
2dfeff54-e8ce-449c-bf72-f5b40267f15b,07cc7290-5d3f-421b-a514-b21d6a683494,93241dfc-7db9-4d12-b601-e000ccb7dc2c,6496fb6b-7c93-4bc8-bb5e-a666ffdae72e,2026-05-19,12,44.00,144.60,144.60,55.70,,21.04,0.385,31.00,42,180.00,4.90,6.10,3.64,1280.00,"{""imc"": ""Excelente"", ""rce"": ""Razoável"", ""abdo"": ""Muito Bom"", ""flex"": ""Muito Bom"", ""jump"": ""Bom"", ""run6"": ""Bom"", ""mball"": ""Bom"", ""sprint"": ""Bom"", ""square"": ""Razoável""}",Boa adesão ao programa. Sugere-se ampliar volume de corrida contínua para melhorar VO2.,,2026-06-19 09:12:14.107688+00,2026-06-19 20:55:38.136676+00,,,,t
0ca91773-f375-42ba-bf40-7cd3787048f3,07cc7290-5d3f-421b-a514-b21d6a683494,015c0cf2-812a-4b73-a14b-2cc5c20e1ce5,6496fb6b-7c93-4bc8-bb5e-a666ffdae72e,2025-09-19,13,47.90,151.00,152.00,60.50,,21.01,0.401,29.00,37,169.00,4.40,6.45,3.84,1170.00,"{""imc"": ""Excelente"", ""rce"": ""Excelente"", ""abdo"": ""Muito Bom"", ""flex"": ""Razoável"", ""jump"": ""Muito Bom"", ""run6"": ""Bom"", ""mball"": ""Bom"", ""sprint"": ""Bom"", ""square"": ""Razoável""}",Indicadores de saúde estáveis. Continuar reforço de treinos funcionais e mobilidade.,,2026-06-19 09:12:14.107688+00,2026-06-19 20:55:38.136676+00,,,,t
ddfedf2f-0a0f-498f-98b9-3395cbcaac47,07cc7290-5d3f-421b-a514-b21d6a683494,015c0cf2-812a-4b73-a14b-2cc5c20e1ce5,6496fb6b-7c93-4bc8-bb5e-a666ffdae72e,2026-01-19,13,49.10,151.80,152.80,60.10,,21.31,0.396,30.50,40,175.00,4.70,6.30,3.76,1230.00,"{""imc"": ""Excelente"", ""rce"": ""Razoável"", ""abdo"": ""Muito Bom"", ""flex"": ""Razoável"", ""jump"": ""Muito Bom"", ""run6"": ""Bom"", ""mball"": ""Bom"", ""sprint"": ""Bom"", ""square"": ""Razoável""}",Boa adesão ao programa. Sugere-se ampliar volume de corrida contínua para melhorar VO2.,,2026-06-19 09:12:14.107688+00,2026-06-19 20:55:38.136676+00,,,,t
afe2d51b-bf72-4974-9b38-d06d3a538c90,07cc7290-5d3f-421b-a514-b21d6a683494,015c0cf2-812a-4b73-a14b-2cc5c20e1ce5,6496fb6b-7c93-4bc8-bb5e-a666ffdae72e,2026-05-19,13,50.30,152.60,153.60,59.70,,21.60,0.391,32.00,43,181.00,5.00,6.15,3.68,1290.00,"{""imc"": ""Excelente"", ""rce"": ""Razoável"", ""abdo"": ""Excelente"", ""flex"": ""Razoável"", ""jump"": ""Excelente"", ""run6"": ""Bom"", ""mball"": ""Muito Bom"", ""sprint"": ""Muito Bom"", ""square"": ""Bom""}",Atenção ao IMC: orientar família sobre hábitos alimentares e manter monitoramento trimestral.,,2026-06-19 09:12:14.107688+00,2026-06-19 20:55:38.136676+00,,,,t
2b517107-a2df-4bf5-99ca-81065741d999,07cc7290-5d3f-421b-a514-b21d6a683494,e67199e8-2f17-4dba-8681-ffdb8b47b1b0,6496fb6b-7c93-4bc8-bb5e-a666ffdae72e,2025-09-19,13,54.20,157.00,159.00,61.50,,21.99,0.392,30.00,38,170.00,4.50,6.50,3.88,1180.00,"{""imc"": ""Excelente"", ""rce"": ""Razoável"", ""abdo"": ""Bom"", ""flex"": ""Muito Bom"", ""jump"": ""Razoável"", ""run6"": ""Razoável"", ""mball"": ""Razoável"", ""sprint"": ""Razoável"", ""square"": ""Fraco""}",Boa adesão ao programa. Sugere-se ampliar volume de corrida contínua para melhorar VO2.,,2026-06-19 09:12:14.107688+00,2026-06-19 20:55:38.136676+00,,,,t
eb010e18-deb1-4f92-a7f3-4fddaa7a878b,07cc7290-5d3f-421b-a514-b21d6a683494,e67199e8-2f17-4dba-8681-ffdb8b47b1b0,6496fb6b-7c93-4bc8-bb5e-a666ffdae72e,2026-01-19,13,55.40,157.80,159.80,61.10,,22.25,0.387,31.50,41,176.00,4.80,6.35,3.80,1240.00,"{""imc"": ""Excelente"", ""rce"": ""Razoável"", ""abdo"": ""Muito Bom"", ""flex"": ""Muito Bom"", ""jump"": ""Bom"", ""run6"": ""Razoável"", ""mball"": ""Bom"", ""sprint"": ""Razoável"", ""square"": ""Fraco""}",Atenção ao IMC: orientar família sobre hábitos alimentares e manter monitoramento trimestral.,,2026-06-19 09:12:14.107688+00,2026-06-19 20:55:38.136676+00,,,,t
afda446e-9323-4e0e-85fa-221122966793,07cc7290-5d3f-421b-a514-b21d6a683494,e67199e8-2f17-4dba-8681-ffdb8b47b1b0,6496fb6b-7c93-4bc8-bb5e-a666ffdae72e,2026-05-19,13,56.60,158.60,160.60,60.70,,22.50,0.383,33.00,44,182.00,5.10,6.20,3.72,1300.00,"{""imc"": ""Razoável"", ""rce"": ""Razoável"", ""abdo"": ""Muito Bom"", ""flex"": ""Muito Bom"", ""jump"": ""Bom"", ""run6"": ""Bom"", ""mball"": ""Bom"", ""sprint"": ""Razoável"", ""square"": ""Fraco""}",Evolução excelente em potência de membros superiores (medicine ball). Manter treino com cargas progressivas.,,2026-06-19 09:12:14.107688+00,2026-06-19 20:55:38.136676+00,,,,t
1ac8906f-8375-4c5e-9db7-6c3d9a532346,07cc7290-5d3f-421b-a514-b21d6a683494,46035e79-b322-4513-8564-be20e185b23a,6496fb6b-7c93-4bc8-bb5e-a666ffdae72e,2025-09-19,15,57.00,163.00,161.00,65.50,,21.45,0.402,31.00,34,171.00,4.10,6.55,3.92,1190.00,"{""imc"": ""Excelente"", ""rce"": ""Excelente"", ""abdo"": ""Bom"", ""flex"": ""Razoável"", ""jump"": ""Muito Bom"", ""run6"": ""Bom"", ""mball"": ""Razoável"", ""sprint"": ""Bom"", ""square"": ""Fraco""}",Atenção ao IMC: orientar família sobre hábitos alimentares e manter monitoramento trimestral.,,2026-06-19 09:12:14.107688+00,2026-06-19 20:55:38.136676+00,,,,t
12019ec8-73af-40ef-81de-185c3fe7cd11,07cc7290-5d3f-421b-a514-b21d6a683494,46035e79-b322-4513-8564-be20e185b23a,6496fb6b-7c93-4bc8-bb5e-a666ffdae72e,2026-01-19,15,58.20,163.80,161.80,65.10,,21.69,0.397,32.50,37,177.00,4.40,6.40,3.84,1250.00,"{""imc"": ""Excelente"", ""rce"": ""Razoável"", ""abdo"": ""Bom"", ""flex"": ""Razoável"", ""jump"": ""Muito Bom"", ""run6"": ""Bom"", ""mball"": ""Bom"", ""sprint"": ""Bom"", ""square"": ""Razoável""}",Evolução excelente em potência de membros superiores (medicine ball). Manter treino com cargas progressivas.,,2026-06-19 09:12:14.107688+00,2026-06-19 20:55:38.136676+00,,,,t
00340e5b-111f-43c3-90b3-73076379cc70,07cc7290-5d3f-421b-a514-b21d6a683494,46035e79-b322-4513-8564-be20e185b23a,6496fb6b-7c93-4bc8-bb5e-a666ffdae72e,2026-05-19,15,59.40,164.60,162.60,64.70,,21.92,0.393,34.00,40,183.00,4.70,6.25,3.76,1310.00,"{""imc"": ""Excelente"", ""rce"": ""Razoável"", ""abdo"": ""Muito Bom"", ""flex"": ""Razoável"", ""jump"": ""Muito Bom"", ""run6"": ""Muito Bom"", ""mball"": ""Bom"", ""sprint"": ""Bom"", ""square"": ""Razoável""}",Resultados em flexibilidade abaixo da meta — incluir rotina de alongamento ativo nas aulas.,,2026-06-19 09:12:14.107688+00,2026-06-19 20:55:38.136676+00,,,,t
4ce4eeb8-a829-4c45-8c1f-ccc5a8e5b44f,07cc7290-5d3f-421b-a514-b21d6a683494,52a2a4f0-5a41-41b4-8137-6c0732c8f911,6496fb6b-7c93-4bc8-bb5e-a666ffdae72e,2025-09-19,15,65.30,171.00,170.00,66.50,,22.33,0.389,28.00,35,172.00,4.20,6.40,3.80,1200.00,"{""imc"": ""Excelente"", ""rce"": ""Razoável"", ""abdo"": ""Razoável"", ""flex"": ""Bom"", ""jump"": ""Fraco"", ""run6"": ""Fraco"", ""mball"": ""Fraco"", ""sprint"": ""Fraco"", ""square"": ""Muito Fraco""}",Evolução excelente em potência de membros superiores (medicine ball). Manter treino com cargas progressivas.,,2026-06-19 09:12:14.107688+00,2026-06-19 20:55:38.136676+00,,,,t
630867c9-b509-485b-a4f3-e60ad045761c,07cc7290-5d3f-421b-a514-b21d6a683494,52a2a4f0-5a41-41b4-8137-6c0732c8f911,6496fb6b-7c93-4bc8-bb5e-a666ffdae72e,2026-01-19,15,66.50,171.80,170.80,66.10,,22.53,0.385,29.50,38,178.00,4.50,6.25,3.72,1260.00,"{""imc"": ""Razoável"", ""rce"": ""Razoável"", ""abdo"": ""Razoável"", ""flex"": ""Bom"", ""jump"": ""Razoável"", ""run6"": ""Razoável"", ""mball"": ""Fraco"", ""sprint"": ""Razoável"", ""square"": ""Muito Fraco""}",Resultados em flexibilidade abaixo da meta — incluir rotina de alongamento ativo nas aulas.,,2026-06-19 09:12:14.107688+00,2026-06-19 20:55:38.136676+00,,,,t
39999a3e-f0d4-4058-aca6-eb939f6202cd,07cc7290-5d3f-421b-a514-b21d6a683494,52a2a4f0-5a41-41b4-8137-6c0732c8f911,6496fb6b-7c93-4bc8-bb5e-a666ffdae72e,2026-05-19,15,67.70,172.60,171.60,65.70,,22.73,0.381,31.00,41,184.00,4.80,6.10,3.64,1320.00,"{""imc"": ""Razoável"", ""rce"": ""Razoável"", ""abdo"": ""Bom"", ""flex"": ""Bom"", ""jump"": ""Razoável"", ""run6"": ""Razoável"", ""mball"": ""Razoável"", ""sprint"": ""Razoável"", ""square"": ""Fraco""}",Perfil de baixo risco. Recomenda-se participação em modalidades coletivas para socialização.,,2026-06-19 09:12:14.107688+00,2026-06-19 20:55:38.136676+00,,,,t
dedaafaa-6e2f-4521-a8ea-5f6148e457a2,07cc7290-5d3f-421b-a514-b21d6a683494,906f5d6c-6c8b-42da-925b-0661de419241,6496fb6b-7c93-4bc8-bb5e-a666ffdae72e,2025-09-19,16,58.60,175.00,175.00,70.50,,19.13,0.403,29.00,36,173.00,4.30,6.45,3.84,1120.00,"{""imc"": ""Excelente"", ""rce"": ""Excelente"", ""abdo"": ""Bom"", ""flex"": ""Fraco"", ""jump"": ""Bom"", ""run6"": ""Razoável"", ""mball"": ""Razoável"", ""sprint"": ""Bom"", ""square"": ""Fraco""}",Resultados em flexibilidade abaixo da meta — incluir rotina de alongamento ativo nas aulas.,,2026-06-19 09:12:14.107688+00,2026-06-19 20:55:38.136676+00,,,,t
242af7f0-5cb9-41bd-8562-9fb2d0a2b42b,07cc7290-5d3f-421b-a514-b21d6a683494,906f5d6c-6c8b-42da-925b-0661de419241,6496fb6b-7c93-4bc8-bb5e-a666ffdae72e,2026-01-19,17,59.80,175.80,175.80,70.10,,19.35,0.399,30.50,39,179.00,4.60,6.30,3.76,1180.00,"{""imc"": ""Excelente"", ""rce"": ""Razoável"", ""abdo"": ""Bom"", ""flex"": ""Fraco"", ""jump"": ""Muito Bom"", ""run6"": ""Bom"", ""mball"": ""Bom"", ""sprint"": ""Bom"", ""square"": ""Razoável""}",Perfil de baixo risco. Recomenda-se participação em modalidades coletivas para socialização.,,2026-06-19 09:12:14.107688+00,2026-06-19 20:55:38.136676+00,,,,t
a9b658da-be03-43f6-bb84-26f3a79ede5e,07cc7290-5d3f-421b-a514-b21d6a683494,906f5d6c-6c8b-42da-925b-0661de419241,6496fb6b-7c93-4bc8-bb5e-a666ffdae72e,2026-05-19,17,61.00,176.60,176.60,69.70,,19.56,0.395,32.00,42,185.00,4.90,6.15,3.68,1240.00,"{""imc"": ""Excelente"", ""rce"": ""Razoável"", ""abdo"": ""Muito Bom"", ""flex"": ""Razoável"", ""jump"": ""Muito Bom"", ""run6"": ""Bom"", ""mball"": ""Bom"", ""sprint"": ""Muito Bom"", ""square"": ""Razoável""}",Aluno demonstra evolução consistente em força e resistência cardiorrespiratória. Recomenda-se manter periodização atual.,,2026-06-19 09:12:14.107688+00,2026-06-19 20:55:38.136676+00,,,,t
5cab8d57-e79e-4a6d-b8ba-33dce1b59058,07cc7290-5d3f-421b-a514-b21d6a683494,626f59c2-e58b-4efd-b9b8-ef27277c0617,6496fb6b-7c93-4bc8-bb5e-a666ffdae72e,2025-09-19,9,33.90,143.00,144.00,61.00,,16.58,0.427,30.00,37,174.00,4.40,6.50,3.88,1130.00,"{""imc"": ""Excelente"", ""rce"": ""Excelente"", ""abdo"": ""Muito Bom"", ""flex"": ""Muito Bom"", ""jump"": ""Excelente"", ""run6"": ""Bom"", ""mball"": ""Muito Bom"", ""sprint"": ""Bom"", ""square"": ""Razoável""}",Perfil de baixo risco. Recomenda-se participação em modalidades coletivas para socialização.,,2026-06-19 09:12:14.107688+00,2026-06-19 20:55:38.136676+00,,,,t
78b1b2a5-eef1-41a6-93c8-6adeac08abbe,07cc7290-5d3f-421b-a514-b21d6a683494,626f59c2-e58b-4efd-b9b8-ef27277c0617,6496fb6b-7c93-4bc8-bb5e-a666ffdae72e,2026-01-19,10,35.10,143.80,144.80,60.60,,16.97,0.421,31.50,40,180.00,4.70,6.35,3.80,1190.00,"{""imc"": ""Excelente"", ""rce"": ""Excelente"", ""abdo"": ""Muito Bom"", ""flex"": ""Excelente"", ""jump"": ""Muito Bom"", ""run6"": ""Bom"", ""mball"": ""Muito Bom"", ""sprint"": ""Bom"", ""square"": ""Razoável""}",Aluno demonstra evolução consistente em força e resistência cardiorrespiratória. Recomenda-se manter periodização atual.,,2026-06-19 09:12:14.107688+00,2026-06-19 20:55:38.136676+00,,,,t
7813303d-4e9b-480a-b55c-fe65a24dfd35,07cc7290-5d3f-421b-a514-b21d6a683494,626f59c2-e58b-4efd-b9b8-ef27277c0617,6496fb6b-7c93-4bc8-bb5e-a666ffdae72e,2026-05-19,10,36.30,144.60,145.60,60.20,,17.36,0.416,33.00,43,186.00,5.00,6.20,3.72,1250.00,"{""imc"": ""Excelente"", ""rce"": ""Excelente"", ""abdo"": ""Excelente"", ""flex"": ""Excelente"", ""jump"": ""Excelente"", ""run6"": ""Bom"", ""mball"": ""Muito Bom"", ""sprint"": ""Bom"", ""square"": ""Razoável""}",Composição corporal dentro do esperado para idade. Boa progressão na flexibilidade e potência de membros inferiores.,,2026-06-19 09:12:14.107688+00,2026-06-19 20:55:38.136676+00,,,,t
051e8350-5204-4345-aefb-d418ce11d8a2,07cc7290-5d3f-421b-a514-b21d6a683494,b742e3cc-188d-4833-90d8-bf5e29339991,6496fb6b-7c93-4bc8-bb5e-a666ffdae72e,2025-09-19,10,37.20,140.00,142.00,56.50,,18.98,0.404,31.00,38,175.00,4.50,6.55,3.92,1140.00,"{""imc"": ""Excelente"", ""rce"": ""Excelente"", ""abdo"": ""Muito Bom"", ""flex"": ""Bom"", ""jump"": ""Excelente"", ""run6"": ""Bom"", ""mball"": ""Muito Bom"", ""sprint"": ""Muito Bom"", ""square"": ""Bom""}",Aluno demonstra evolução consistente em força e resistência cardiorrespiratória. Recomenda-se manter periodização atual.,,2026-06-19 09:12:14.107688+00,2026-06-19 20:55:38.136676+00,,,,t
d76609ce-2831-4764-814f-13a7f0628c06,07cc7290-5d3f-421b-a514-b21d6a683494,b742e3cc-188d-4833-90d8-bf5e29339991,6496fb6b-7c93-4bc8-bb5e-a666ffdae72e,2026-01-19,11,38.40,140.80,142.80,56.10,,19.37,0.398,32.50,41,181.00,4.80,6.40,3.84,1200.00,"{""imc"": ""Excelente"", ""rce"": ""Razoável"", ""abdo"": ""Excelente"", ""flex"": ""Bom"", ""jump"": ""Excelente"", ""run6"": ""Bom"", ""mball"": ""Muito Bom"", ""sprint"": ""Muito Bom"", ""square"": ""Razoável""}",Composição corporal dentro do esperado para idade. Boa progressão na flexibilidade e potência de membros inferiores.,,2026-06-19 09:12:14.107688+00,2026-06-19 20:55:38.136676+00,,,,t
2965acbe-b81e-44aa-bf95-094c458476f2,07cc7290-5d3f-421b-a514-b21d6a683494,b742e3cc-188d-4833-90d8-bf5e29339991,6496fb6b-7c93-4bc8-bb5e-a666ffdae72e,2026-05-19,11,39.60,141.60,143.60,55.70,,19.75,0.393,34.00,44,187.00,5.10,6.25,3.76,1260.00,"{""imc"": ""Excelente"", ""rce"": ""Razoável"", ""abdo"": ""Excelente"", ""flex"": ""Bom"", ""jump"": ""Excelente"", ""run6"": ""Muito Bom"", ""mball"": ""Excelente"", ""sprint"": ""Muito Bom"", ""square"": ""Bom""}",Performance acima da média da turma. Indicado encaminhamento para grupo de alto rendimento.,,2026-06-19 09:12:14.107688+00,2026-06-19 20:55:38.136676+00,,,,t
04be548d-1ffa-4685-a59b-3a21016cd974,07cc7290-5d3f-421b-a514-b21d6a683494,b8f26dce-e597-463a-b9f2-fa51bb99a16a,6496fb6b-7c93-4bc8-bb5e-a666ffdae72e,2025-09-19,11,40.00,144.00,142.00,57.50,,19.29,0.399,26.00,30,156.00,3.70,6.80,4.00,1070.00,"{""imc"": ""Excelente"", ""rce"": ""Razoável"", ""abdo"": ""Razoável"", ""flex"": ""Bom"", ""jump"": ""Bom"", ""run6"": ""Razoável"", ""mball"": ""Razoável"", ""sprint"": ""Razoável"", ""square"": ""Fraco""}",Composição corporal dentro do esperado para idade. Boa progressão na flexibilidade e potência de membros inferiores.,,2026-06-19 09:12:14.107688+00,2026-06-19 20:55:38.136676+00,,,,t
ffaf93da-5fbc-43f0-a868-2c7579119a6b,07cc7290-5d3f-421b-a514-b21d6a683494,b8f26dce-e597-463a-b9f2-fa51bb99a16a,6496fb6b-7c93-4bc8-bb5e-a666ffdae72e,2026-01-19,12,41.20,144.80,142.80,57.10,,19.65,0.394,27.50,33,162.00,4.00,6.65,3.92,1130.00,"{""imc"": ""Excelente"", ""rce"": ""Razoável"", ""abdo"": ""Bom"", ""flex"": ""Bom"", ""jump"": ""Bom"", ""run6"": ""Razoável"", ""mball"": ""Razoável"", ""sprint"": ""Razoável"", ""square"": ""Fraco""}",Performance acima da média da turma. Indicado encaminhamento para grupo de alto rendimento.,,2026-06-19 09:12:14.107688+00,2026-06-19 20:55:38.136676+00,,,,t
c7bfd90b-c00f-4e97-a471-bab530c3da78,07cc7290-5d3f-421b-a514-b21d6a683494,b8f26dce-e597-463a-b9f2-fa51bb99a16a,6496fb6b-7c93-4bc8-bb5e-a666ffdae72e,2026-05-19,12,42.40,145.60,143.60,56.70,,20.00,0.389,29.00,36,168.00,4.30,6.50,3.84,1190.00,"{""imc"": ""Excelente"", ""rce"": ""Razoável"", ""abdo"": ""Bom"", ""flex"": ""Muito Bom"", ""jump"": ""Bom"", ""run6"": ""Razoável"", ""mball"": ""Razoável"", ""sprint"": ""Razoável"", ""square"": ""Fraco""}",Pequenas oscilações em provas de velocidade — focar trabalho técnico de saída e aceleração.,,2026-06-19 09:12:14.107688+00,2026-06-19 20:55:38.136676+00,,,,t
be2a979e-70d1-4d69-9351-60171295b5fd,07cc7290-5d3f-421b-a514-b21d6a683494,ad603bdf-b9af-4f86-b83f-ee133b597565,6496fb6b-7c93-4bc8-bb5e-a666ffdae72e,2025-09-19,12,42.30,147.00,146.00,60.00,,19.58,0.408,27.00,31,157.00,3.80,6.85,4.04,1080.00,"{""imc"": ""Excelente"", ""rce"": ""Excelente"", ""abdo"": ""Bom"", ""flex"": ""Razoável"", ""jump"": ""Bom"", ""run6"": ""Razoável"", ""mball"": ""Bom"", ""sprint"": ""Bom"", ""square"": ""Fraco""}",Performance acima da média da turma. Indicado encaminhamento para grupo de alto rendimento.,,2026-06-19 09:12:14.107688+00,2026-06-19 20:55:38.136676+00,,,,t
f92101a1-6bc3-4bb3-ab42-71e6750ea841,07cc7290-5d3f-421b-a514-b21d6a683494,ad603bdf-b9af-4f86-b83f-ee133b597565,6496fb6b-7c93-4bc8-bb5e-a666ffdae72e,2026-01-19,12,43.50,147.80,146.80,59.60,,19.91,0.403,28.50,34,163.00,4.10,6.70,3.96,1140.00,"{""imc"": ""Excelente"", ""rce"": ""Excelente"", ""abdo"": ""Bom"", ""flex"": ""Razoável"", ""jump"": ""Muito Bom"", ""run6"": ""Razoável"", ""mball"": ""Bom"", ""sprint"": ""Bom"", ""square"": ""Razoável""}",Pequenas oscilações em provas de velocidade — focar trabalho técnico de saída e aceleração.,,2026-06-19 09:12:14.107688+00,2026-06-19 20:55:38.136676+00,,,,t
2cb516a1-1c21-4adb-8777-3573f1d5f080,07cc7290-5d3f-421b-a514-b21d6a683494,ad603bdf-b9af-4f86-b83f-ee133b597565,6496fb6b-7c93-4bc8-bb5e-a666ffdae72e,2026-05-19,13,44.70,148.60,147.60,59.20,,20.24,0.398,30.00,37,169.00,4.40,6.55,3.88,1200.00,"{""imc"": ""Excelente"", ""rce"": ""Razoável"", ""abdo"": ""Muito Bom"", ""flex"": ""Razoável"", ""jump"": ""Muito Bom"", ""run6"": ""Bom"", ""mball"": ""Bom"", ""sprint"": ""Bom"", ""square"": ""Razoável""}",Indicadores de saúde estáveis. Continuar reforço de treinos funcionais e mobilidade.,,2026-06-19 09:12:14.107688+00,2026-06-19 20:55:38.136676+00,,,,t
45fa33df-6c36-4a75-8779-0cff0d4871ba,07cc7290-5d3f-421b-a514-b21d6a683494,4d9fa599-16b9-4623-840e-c4025152f438,6496fb6b-7c93-4bc8-bb5e-a666ffdae72e,2025-09-19,12,47.60,152.00,152.00,61.00,,20.60,0.401,28.00,32,158.00,3.90,6.90,4.08,1090.00,"{""imc"": ""Excelente"", ""rce"": ""Excelente"", ""abdo"": ""Razoável"", ""flex"": ""Bom"", ""jump"": ""Razoável"", ""run6"": ""Razoável"", ""mball"": ""Razoável"", ""sprint"": ""Razoável"", ""square"": ""Muito Fraco""}",Pequenas oscilações em provas de velocidade — focar trabalho técnico de saída e aceleração.,,2026-06-19 09:12:14.107688+00,2026-06-19 20:55:38.136676+00,,,,t
1d009bf2-83b9-48ff-b80e-ee07cc1e20da,07cc7290-5d3f-421b-a514-b21d6a683494,4d9fa599-16b9-4623-840e-c4025152f438,6496fb6b-7c93-4bc8-bb5e-a666ffdae72e,2026-01-19,12,48.80,152.80,152.80,60.60,,20.90,0.397,29.50,35,164.00,4.20,6.75,4.00,1150.00,"{""imc"": ""Excelente"", ""rce"": ""Razoável"", ""abdo"": ""Bom"", ""flex"": ""Muito Bom"", ""jump"": ""Bom"", ""run6"": ""Razoável"", ""mball"": ""Razoável"", ""sprint"": ""Razoável"", ""square"": ""Fraco""}",Indicadores de saúde estáveis. Continuar reforço de treinos funcionais e mobilidade.,,2026-06-19 09:12:14.107688+00,2026-06-19 20:55:38.136676+00,,,,t
5248d802-be0f-44fb-bfa5-7bdad5aec118,07cc7290-5d3f-421b-a514-b21d6a683494,4d9fa599-16b9-4623-840e-c4025152f438,6496fb6b-7c93-4bc8-bb5e-a666ffdae72e,2026-05-19,13,50.00,153.60,153.60,60.20,,21.19,0.392,31.00,38,170.00,4.50,6.60,3.92,1210.00,"{""imc"": ""Excelente"", ""rce"": ""Razoável"", ""abdo"": ""Bom"", ""flex"": ""Muito Bom"", ""jump"": ""Razoável"", ""run6"": ""Razoável"", ""mball"": ""Razoável"", ""sprint"": ""Razoável"", ""square"": ""Muito Fraco""}",Boa adesão ao programa. Sugere-se ampliar volume de corrida contínua para melhorar VO2.,,2026-06-19 09:12:14.107688+00,2026-06-19 20:55:38.136676+00,,,,t
8ee20534-38d7-45ce-9108-018f1c60647c,07cc7290-5d3f-421b-a514-b21d6a683494,3258b5fe-a778-48a6-b467-d59592a41af9,6496fb6b-7c93-4bc8-bb5e-a666ffdae72e,2025-09-19,14,52.90,159.00,160.00,65.00,,20.92,0.409,29.00,33,159.00,4.00,6.95,4.12,1100.00,"{""imc"": ""Excelente"", ""rce"": ""Excelente"", ""abdo"": ""Bom"", ""flex"": ""Razoável"", ""jump"": ""Bom"", ""run6"": ""Razoável"", ""mball"": ""Razoável"", ""sprint"": ""Razoável"", ""square"": ""Fraco""}",Indicadores de saúde estáveis. Continuar reforço de treinos funcionais e mobilidade.,,2026-06-19 09:12:14.107688+00,2026-06-19 20:55:38.136676+00,,,,t
91a2c4a1-d034-4168-a358-79fc578cdecf,07cc7290-5d3f-421b-a514-b21d6a683494,3258b5fe-a778-48a6-b467-d59592a41af9,6496fb6b-7c93-4bc8-bb5e-a666ffdae72e,2026-01-19,14,54.10,159.80,160.80,64.60,,21.19,0.404,30.50,36,165.00,4.30,6.80,4.04,1160.00,"{""imc"": ""Excelente"", ""rce"": ""Excelente"", ""abdo"": ""Bom"", ""flex"": ""Razoável"", ""jump"": ""Bom"", ""run6"": ""Bom"", ""mball"": ""Bom"", ""sprint"": ""Razoável"", ""square"": ""Fraco""}",Boa adesão ao programa. Sugere-se ampliar volume de corrida contínua para melhorar VO2.,,2026-06-19 09:12:14.107688+00,2026-06-19 20:55:38.136676+00,,,,t
fda1acca-0e90-40ed-8c83-152fa5ae5827,07cc7290-5d3f-421b-a514-b21d6a683494,3258b5fe-a778-48a6-b467-d59592a41af9,6496fb6b-7c93-4bc8-bb5e-a666ffdae72e,2026-05-19,15,55.30,160.60,161.60,64.20,,21.44,0.400,32.00,39,171.00,4.60,6.65,3.96,1220.00,"{""imc"": ""Excelente"", ""rce"": ""Excelente"", ""abdo"": ""Muito Bom"", ""flex"": ""Razoável"", ""jump"": ""Muito Bom"", ""run6"": ""Bom"", ""mball"": ""Bom"", ""sprint"": ""Bom"", ""square"": ""Fraco""}",Atenção ao IMC: orientar família sobre hábitos alimentares e manter monitoramento trimestral.,,2026-06-19 09:12:14.107688+00,2026-06-19 20:55:38.136676+00,,,,t
c4a7e391-0dc8-44ad-a667-cae29f348166,07cc7290-5d3f-421b-a514-b21d6a683494,cfa6663d-c5ae-4646-8bd3-ed9305153691,6496fb6b-7c93-4bc8-bb5e-a666ffdae72e,2025-09-19,14,60.20,166.00,168.00,66.00,,21.85,0.398,26.00,34,160.00,4.10,6.80,4.00,1110.00,"{""imc"": ""Excelente"", ""rce"": ""Razoável"", ""abdo"": ""Razoável"", ""flex"": ""Bom"", ""jump"": ""Fraco"", ""run6"": ""Fraco"", ""mball"": ""Fraco"", ""sprint"": ""Fraco"", ""square"": ""Muito Fraco""}",Boa adesão ao programa. Sugere-se ampliar volume de corrida contínua para melhorar VO2.,,2026-06-19 09:12:14.107688+00,2026-06-19 20:55:38.136676+00,,,,t
84aa9637-67a7-4b86-986c-e6cf3f51a4f2,07cc7290-5d3f-421b-a514-b21d6a683494,cfa6663d-c5ae-4646-8bd3-ed9305153691,6496fb6b-7c93-4bc8-bb5e-a666ffdae72e,2026-01-19,14,61.40,166.80,168.80,65.60,,22.07,0.393,27.50,37,166.00,4.40,6.65,3.92,1170.00,"{""imc"": ""Excelente"", ""rce"": ""Razoável"", ""abdo"": ""Bom"", ""flex"": ""Bom"", ""jump"": ""Razoável"", ""run6"": ""Razoável"", ""mball"": ""Razoável"", ""sprint"": ""Fraco"", ""square"": ""Muito Fraco""}",Atenção ao IMC: orientar família sobre hábitos alimentares e manter monitoramento trimestral.,,2026-06-19 09:12:14.107688+00,2026-06-19 20:55:38.136676+00,,,,t
0e373c72-a20d-4fe8-a141-ca5e2c9ffd6b,07cc7290-5d3f-421b-a514-b21d6a683494,cfa6663d-c5ae-4646-8bd3-ed9305153691,6496fb6b-7c93-4bc8-bb5e-a666ffdae72e,2026-05-19,15,62.60,167.60,169.60,65.20,,22.29,0.389,29.00,40,172.00,4.70,6.50,3.84,1230.00,"{""imc"": ""Excelente"", ""rce"": ""Razoável"", ""abdo"": ""Bom"", ""flex"": ""Bom"", ""jump"": ""Fraco"", ""run6"": ""Razoável"", ""mball"": ""Fraco"", ""sprint"": ""Fraco"", ""square"": ""Muito Fraco""}",Evolução excelente em potência de membros superiores (medicine ball). Manter treino com cargas progressivas.,,2026-06-19 09:12:14.107688+00,2026-06-19 20:55:38.136676+00,,,,t
44e4feaf-4e96-46e7-bb2d-2ddaef0fb2b2,07cc7290-5d3f-421b-a514-b21d6a683494,f2b0c732-bf82-4ad3-864d-a072b047a478,6496fb6b-7c93-4bc8-bb5e-a666ffdae72e,2025-09-19,16,62.00,171.00,169.00,70.00,,21.20,0.409,27.00,30,161.00,3.70,6.85,4.04,1120.00,"{""imc"": ""Excelente"", ""rce"": ""Excelente"", ""abdo"": ""Razoável"", ""flex"": ""Fraco"", ""jump"": ""Bom"", ""run6"": ""Razoável"", ""mball"": ""Razoável"", ""sprint"": ""Razoável"", ""square"": ""Fraco""}",Atenção ao IMC: orientar família sobre hábitos alimentares e manter monitoramento trimestral.,,2026-06-19 09:12:14.107688+00,2026-06-19 20:55:38.136676+00,,,,t
37dc97d8-63cb-4f09-b7d1-38d8a866bed3,07cc7290-5d3f-421b-a514-b21d6a683494,f2b0c732-bf82-4ad3-864d-a072b047a478,6496fb6b-7c93-4bc8-bb5e-a666ffdae72e,2026-01-19,16,63.20,171.80,169.80,69.60,,21.41,0.405,28.50,33,167.00,4.00,6.70,3.96,1180.00,"{""imc"": ""Excelente"", ""rce"": ""Excelente"", ""abdo"": ""Bom"", ""flex"": ""Fraco"", ""jump"": ""Bom"", ""run6"": ""Bom"", ""mball"": ""Razoável"", ""sprint"": ""Bom"", ""square"": ""Fraco""}",Evolução excelente em potência de membros superiores (medicine ball). Manter treino com cargas progressivas.,,2026-06-19 09:12:14.107688+00,2026-06-19 20:55:38.136676+00,,,,t
1fed354d-a55e-4874-94ba-c87a887d082d,07cc7290-5d3f-421b-a514-b21d6a683494,f2b0c732-bf82-4ad3-864d-a072b047a478,6496fb6b-7c93-4bc8-bb5e-a666ffdae72e,2026-05-19,16,64.40,172.60,170.60,69.20,,21.62,0.401,30.00,36,173.00,4.30,6.55,3.88,1240.00,"{""imc"": ""Excelente"", ""rce"": ""Excelente"", ""abdo"": ""Bom"", ""flex"": ""Fraco"", ""jump"": ""Bom"", ""run6"": ""Bom"", ""mball"": ""Razoável"", ""sprint"": ""Bom"", ""square"": ""Fraco""}",Resultados em flexibilidade abaixo da meta — incluir rotina de alongamento ativo nas aulas.,,2026-06-19 09:12:14.107688+00,2026-06-19 20:55:38.136676+00,,,,t
f3ead7b1-6315-421f-8241-a4abc3a5d0e7,07cc7290-5d3f-421b-a514-b21d6a683494,708a85b7-c0ca-42b1-8ef3-0e8795791033,6496fb6b-7c93-4bc8-bb5e-a666ffdae72e,2025-09-19,16,62.30,173.00,172.00,64.00,,20.82,0.370,28.00,31,162.00,3.80,6.90,4.08,1040.00,"{""imc"": ""Excelente"", ""rce"": ""Razoável"", ""abdo"": ""Fraco"", ""flex"": ""Razoável"", ""jump"": ""Muito Fraco"", ""run6"": ""Muito Fraco"", ""mball"": ""Muito Fraco"", ""sprint"": ""Muito Fraco"", ""square"": ""Muito Fraco""}",Evolução excelente em potência de membros superiores (medicine ball). Manter treino com cargas progressivas.,,2026-06-19 09:12:14.107688+00,2026-06-19 20:55:38.136676+00,,,,t
077f1746-ebad-4ab9-84d2-d75d01b4f7ce,07cc7290-5d3f-421b-a514-b21d6a683494,708a85b7-c0ca-42b1-8ef3-0e8795791033,6496fb6b-7c93-4bc8-bb5e-a666ffdae72e,2026-01-19,16,63.50,173.80,172.80,63.60,,21.02,0.366,29.50,34,168.00,4.10,6.75,4.00,1100.00,"{""imc"": ""Excelente"", ""rce"": ""Razoável"", ""abdo"": ""Fraco"", ""flex"": ""Bom"", ""jump"": ""Muito Fraco"", ""run6"": ""Muito Fraco"", ""mball"": ""Fraco"", ""sprint"": ""Muito Fraco"", ""square"": ""Muito Fraco""}",Resultados em flexibilidade abaixo da meta — incluir rotina de alongamento ativo nas aulas.,,2026-06-19 09:12:14.107688+00,2026-06-19 20:55:38.136676+00,,,,t
75150961-2d32-41c4-8850-8185331bd223,07cc7290-5d3f-421b-a514-b21d6a683494,708a85b7-c0ca-42b1-8ef3-0e8795791033,6496fb6b-7c93-4bc8-bb5e-a666ffdae72e,2026-05-19,16,64.70,174.60,173.60,63.20,,21.22,0.362,31.00,37,174.00,4.40,6.60,3.92,1160.00,"{""imc"": ""Excelente"", ""rce"": ""Razoável"", ""abdo"": ""Razoável"", ""flex"": ""Bom"", ""jump"": ""Fraco"", ""run6"": ""Fraco"", ""mball"": ""Fraco"", ""sprint"": ""Fraco"", ""square"": ""Muito Fraco""}",Perfil de baixo risco. Recomenda-se participação em modalidades coletivas para socialização.,,2026-06-19 09:12:14.107688+00,2026-06-19 20:55:38.136676+00,,,,t
31695cb6-6fe6-4401-8627-a969680fdfae,07cc7290-5d3f-421b-a514-b21d6a683494,d3046c32-baaf-4883-9590-533f8b390881,6496fb6b-7c93-4bc8-bb5e-a666ffdae72e,2025-09-19,11,35.60,141.00,141.00,57.50,,17.91,0.408,29.00,32,163.00,3.90,6.95,4.12,1050.00,"{""imc"": ""Excelente"", ""rce"": ""Excelente"", ""abdo"": ""Bom"", ""flex"": ""Razoável"", ""jump"": ""Muito Bom"", ""run6"": ""Razoável"", ""mball"": ""Bom"", ""sprint"": ""Bom"", ""square"": ""Razoável""}",Resultados em flexibilidade abaixo da meta — incluir rotina de alongamento ativo nas aulas.,,2026-06-19 09:12:14.107688+00,2026-06-19 20:55:38.136676+00,,,,t
c225b62c-0f48-45e4-a621-5aaa28f7c1c3,07cc7290-5d3f-421b-a514-b21d6a683494,d3046c32-baaf-4883-9590-533f8b390881,6496fb6b-7c93-4bc8-bb5e-a666ffdae72e,2026-01-19,11,36.80,141.80,141.80,57.10,,18.30,0.403,30.50,35,169.00,4.20,6.80,4.04,1110.00,"{""imc"": ""Excelente"", ""rce"": ""Excelente"", ""abdo"": ""Muito Bom"", ""flex"": ""Bom"", ""jump"": ""Muito Bom"", ""run6"": ""Bom"", ""mball"": ""Bom"", ""sprint"": ""Bom"", ""square"": ""Razoável""}",Perfil de baixo risco. Recomenda-se participação em modalidades coletivas para socialização.,,2026-06-19 09:12:14.107688+00,2026-06-19 20:55:38.136676+00,,,,t
b2b54aae-9e89-4213-ab75-7524d593c039,07cc7290-5d3f-421b-a514-b21d6a683494,d3046c32-baaf-4883-9590-533f8b390881,6496fb6b-7c93-4bc8-bb5e-a666ffdae72e,2026-05-19,11,38.00,142.60,142.60,56.70,,18.69,0.398,32.00,38,175.00,4.50,6.65,3.96,1170.00,"{""imc"": ""Excelente"", ""rce"": ""Razoável"", ""abdo"": ""Muito Bom"", ""flex"": ""Bom"", ""jump"": ""Excelente"", ""run6"": ""Bom"", ""mball"": ""Muito Bom"", ""sprint"": ""Bom"", ""square"": ""Razoável""}",Aluno demonstra evolução consistente em força e resistência cardiorrespiratória. Recomenda-se manter periodização atual.,,2026-06-19 09:12:14.107688+00,2026-06-19 20:55:38.136676+00,,,,t
e84c7939-2837-4eaf-8ad6-fe5693992728,07cc7290-5d3f-421b-a514-b21d6a683494,7508f2a1-5347-4805-ae93-39ac8ac700e4,6496fb6b-7c93-4bc8-bb5e-a666ffdae72e,2025-09-19,9,34.90,139.00,140.00,57.00,,18.06,0.410,26.00,33,156.00,4.00,6.80,4.00,1060.00,"{""imc"": ""Excelente"", ""rce"": ""Excelente"", ""abdo"": ""Muito Bom"", ""flex"": ""Bom"", ""jump"": ""Muito Bom"", ""run6"": ""Bom"", ""mball"": ""Bom"", ""sprint"": ""Bom"", ""square"": ""Razoável""}",Perfil de baixo risco. Recomenda-se participação em modalidades coletivas para socialização.,,2026-06-19 09:12:14.107688+00,2026-06-19 20:55:38.136676+00,,,,t
f4c89cbd-2504-4b92-8c46-711eba409a95,07cc7290-5d3f-421b-a514-b21d6a683494,7508f2a1-5347-4805-ae93-39ac8ac700e4,6496fb6b-7c93-4bc8-bb5e-a666ffdae72e,2026-01-19,10,36.10,139.80,140.80,56.60,,18.47,0.405,27.50,36,162.00,4.30,6.65,3.92,1120.00,"{""imc"": ""Excelente"", ""rce"": ""Excelente"", ""abdo"": ""Muito Bom"", ""flex"": ""Muito Bom"", ""jump"": ""Bom"", ""run6"": ""Bom"", ""mball"": ""Bom"", ""sprint"": ""Bom"", ""square"": ""Razoável""}",Aluno demonstra evolução consistente em força e resistência cardiorrespiratória. Recomenda-se manter periodização atual.,,2026-06-19 09:12:14.107688+00,2026-06-19 20:55:38.136676+00,,,,t
c4986313-2c6c-4a23-85f4-326ed6a11908,07cc7290-5d3f-421b-a514-b21d6a683494,7508f2a1-5347-4805-ae93-39ac8ac700e4,6496fb6b-7c93-4bc8-bb5e-a666ffdae72e,2026-05-19,10,37.30,140.60,141.60,56.20,,18.87,0.400,29.00,39,168.00,4.60,6.50,3.84,1180.00,"{""imc"": ""Excelente"", ""rce"": ""Excelente"", ""abdo"": ""Muito Bom"", ""flex"": ""Muito Bom"", ""jump"": ""Muito Bom"", ""run6"": ""Bom"", ""mball"": ""Muito Bom"", ""sprint"": ""Bom"", ""square"": ""Razoável""}",Composição corporal dentro do esperado para idade. Boa progressão na flexibilidade e potência de membros inferiores.,,2026-06-19 09:12:14.107688+00,2026-06-19 20:55:38.136676+00,,,,t
bbd3ad3e-4be5-47c4-aca1-9b0756cb7b6a,07cc7290-5d3f-421b-a514-b21d6a683494,ad40b001-86e9-4a8f-83b8-d82eaddd6407,6496fb6b-7c93-4bc8-bb5e-a666ffdae72e,2025-09-19,11,42.20,148.00,150.00,61.00,,19.27,0.412,27.00,34,157.00,4.10,6.85,4.04,1070.00,"{""imc"": ""Excelente"", ""rce"": ""Excelente"", ""abdo"": ""Bom"", ""flex"": ""Razoável"", ""jump"": ""Muito Bom"", ""run6"": ""Razoável"", ""mball"": ""Bom"", ""sprint"": ""Bom"", ""square"": ""Razoável""}",Aluno demonstra evolução consistente em força e resistência cardiorrespiratória. Recomenda-se manter periodização atual.,,2026-06-19 09:12:14.107688+00,2026-06-19 20:55:38.136676+00,,,,t
3d27d293-a218-4fb4-9d92-d1eebc1ee22c,07cc7290-5d3f-421b-a514-b21d6a683494,ad40b001-86e9-4a8f-83b8-d82eaddd6407,6496fb6b-7c93-4bc8-bb5e-a666ffdae72e,2026-01-19,12,43.40,148.80,150.80,60.60,,19.60,0.407,28.50,37,163.00,4.40,6.70,3.96,1130.00,"{""imc"": ""Excelente"", ""rce"": ""Excelente"", ""abdo"": ""Muito Bom"", ""flex"": ""Razoável"", ""jump"": ""Muito Bom"", ""run6"": ""Razoável"", ""mball"": ""Bom"", ""sprint"": ""Bom"", ""square"": ""Razoável""}",Composição corporal dentro do esperado para idade. Boa progressão na flexibilidade e potência de membros inferiores.,,2026-06-19 09:12:14.107688+00,2026-06-19 20:55:38.136676+00,,,,t
1eab86ea-fea0-41e2-a965-b89c1bf1c3f2,07cc7290-5d3f-421b-a514-b21d6a683494,ad40b001-86e9-4a8f-83b8-d82eaddd6407,6496fb6b-7c93-4bc8-bb5e-a666ffdae72e,2026-05-19,12,44.60,149.60,151.60,60.20,,19.93,0.402,30.00,40,169.00,4.70,6.55,3.88,1190.00,"{""imc"": ""Excelente"", ""rce"": ""Excelente"", ""abdo"": ""Muito Bom"", ""flex"": ""Razoável"", ""jump"": ""Muito Bom"", ""run6"": ""Bom"", ""mball"": ""Muito Bom"", ""sprint"": ""Bom"", ""square"": ""Razoável""}",Performance acima da média da turma. Indicado encaminhamento para grupo de alto rendimento.,,2026-06-19 09:12:14.107688+00,2026-06-19 20:55:38.136676+00,,,,t
246a5c8e-dfbc-43fa-8cca-099ee62120ed,07cc7290-5d3f-421b-a514-b21d6a683494,779f50e0-b76e-4ed7-a1fa-501497223139,6496fb6b-7c93-4bc8-bb5e-a666ffdae72e,2025-09-19,10,41.00,147.00,145.00,60.50,,18.97,0.412,28.00,30,158.00,3.70,6.90,4.08,1080.00,"{""imc"": ""Excelente"", ""rce"": ""Excelente"", ""abdo"": ""Bom"", ""flex"": ""Muito Bom"", ""jump"": ""Bom"", ""run6"": ""Razoável"", ""mball"": ""Razoável"", ""sprint"": ""Razoável"", ""square"": ""Fraco""}",Composição corporal dentro do esperado para idade. Boa progressão na flexibilidade e potência de membros inferiores.,,2026-06-19 09:12:14.107688+00,2026-06-19 20:55:38.136676+00,,,,t
d380cd77-1a8e-48ac-b479-f60401f57c6f,07cc7290-5d3f-421b-a514-b21d6a683494,779f50e0-b76e-4ed7-a1fa-501497223139,6496fb6b-7c93-4bc8-bb5e-a666ffdae72e,2026-01-19,11,42.20,147.80,145.80,60.10,,19.32,0.407,29.50,33,164.00,4.00,6.75,4.00,1140.00,"{""imc"": ""Excelente"", ""rce"": ""Excelente"", ""abdo"": ""Bom"", ""flex"": ""Muito Bom"", ""jump"": ""Bom"", ""run6"": ""Razoável"", ""mball"": ""Razoável"", ""sprint"": ""Razoável"", ""square"": ""Fraco""}",Performance acima da média da turma. Indicado encaminhamento para grupo de alto rendimento.,,2026-06-19 09:12:14.107688+00,2026-06-19 20:55:38.136676+00,,,,t
f2defd12-5322-42e8-a93e-c2ee394cf859,07cc7290-5d3f-421b-a514-b21d6a683494,779f50e0-b76e-4ed7-a1fa-501497223139,6496fb6b-7c93-4bc8-bb5e-a666ffdae72e,2026-05-19,11,43.40,148.60,146.60,59.70,,19.65,0.402,31.00,36,170.00,4.30,6.60,3.92,1200.00,"{""imc"": ""Excelente"", ""rce"": ""Excelente"", ""abdo"": ""Bom"", ""flex"": ""Muito Bom"", ""jump"": ""Bom"", ""run6"": ""Bom"", ""mball"": ""Bom"", ""sprint"": ""Razoável"", ""square"": ""Fraco""}",Pequenas oscilações em provas de velocidade — focar trabalho técnico de saída e aceleração.,,2026-06-19 09:12:14.107688+00,2026-06-19 20:55:38.136676+00,,,,t
52e0eb39-d598-4dff-a77e-faa335df3f81,07cc7290-5d3f-421b-a514-b21d6a683494,f2eccd7a-8e51-4a43-bad1-f65049bcb308,6496fb6b-7c93-4bc8-bb5e-a666ffdae72e,2025-09-19,12,47.30,155.00,154.00,64.50,,19.69,0.416,29.00,31,159.00,3.80,6.95,4.12,1090.00,"{""imc"": ""Excelente"", ""rce"": ""Excelente"", ""abdo"": ""Bom"", ""flex"": ""Razoável"", ""jump"": ""Bom"", ""run6"": ""Razoável"", ""mball"": ""Bom"", ""sprint"": ""Razoável"", ""square"": ""Fraco""}",Performance acima da média da turma. Indicado encaminhamento para grupo de alto rendimento.,,2026-06-19 09:12:14.107688+00,2026-06-19 20:55:38.136676+00,,,,t
5ad01866-9be7-4bd6-8f9b-0e5ac946230f,07cc7290-5d3f-421b-a514-b21d6a683494,f2eccd7a-8e51-4a43-bad1-f65049bcb308,6496fb6b-7c93-4bc8-bb5e-a666ffdae72e,2026-01-19,13,48.50,155.80,154.80,64.10,,19.98,0.411,30.50,34,165.00,4.10,6.80,4.04,1150.00,"{""imc"": ""Excelente"", ""rce"": ""Excelente"", ""abdo"": ""Bom"", ""flex"": ""Razoável"", ""jump"": ""Bom"", ""run6"": ""Razoável"", ""mball"": ""Bom"", ""sprint"": ""Razoável"", ""square"": ""Fraco""}",Pequenas oscilações em provas de velocidade — focar trabalho técnico de saída e aceleração.,,2026-06-19 09:12:14.107688+00,2026-06-19 20:55:38.136676+00,,,,t
480d9cd6-fbf3-4923-aaad-1ad411c4837f,07cc7290-5d3f-421b-a514-b21d6a683494,f2eccd7a-8e51-4a43-bad1-f65049bcb308,6496fb6b-7c93-4bc8-bb5e-a666ffdae72e,2026-05-19,13,49.70,156.60,155.60,63.70,,20.27,0.407,32.00,37,171.00,4.40,6.65,3.96,1210.00,"{""imc"": ""Excelente"", ""rce"": ""Excelente"", ""abdo"": ""Muito Bom"", ""flex"": ""Razoável"", ""jump"": ""Muito Bom"", ""run6"": ""Bom"", ""mball"": ""Bom"", ""sprint"": ""Bom"", ""square"": ""Razoável""}",Indicadores de saúde estáveis. Continuar reforço de treinos funcionais e mobilidade.,,2026-06-19 09:12:14.107688+00,2026-06-19 20:55:38.136676+00,,,,t
9bf8a19c-2e0c-49f3-b5b4-258087a83cbd,07cc7290-5d3f-421b-a514-b21d6a683494,6fd75cca-a83a-40fc-91f7-c457424b4de4,6496fb6b-7c93-4bc8-bb5e-a666ffdae72e,2025-09-19,13,53.60,161.00,161.00,65.50,,20.68,0.407,26.00,32,160.00,3.90,6.80,4.00,1100.00,"{""imc"": ""Excelente"", ""rce"": ""Excelente"", ""abdo"": ""Razoável"", ""flex"": ""Bom"", ""jump"": ""Razoável"", ""run6"": ""Fraco"", ""mball"": ""Fraco"", ""sprint"": ""Fraco"", ""square"": ""Muito Fraco""}",Pequenas oscilações em provas de velocidade — focar trabalho técnico de saída e aceleração.,,2026-06-19 09:12:14.107688+00,2026-06-19 20:55:38.136676+00,,,,t
b1480771-9db1-453e-ae1a-eb845ef4ed4b,07cc7290-5d3f-421b-a514-b21d6a683494,6fd75cca-a83a-40fc-91f7-c457424b4de4,6496fb6b-7c93-4bc8-bb5e-a666ffdae72e,2026-01-19,13,54.80,161.80,161.80,65.10,,20.93,0.402,27.50,35,166.00,4.20,6.65,3.92,1160.00,"{""imc"": ""Excelente"", ""rce"": ""Excelente"", ""abdo"": ""Bom"", ""flex"": ""Bom"", ""jump"": ""Razoável"", ""run6"": ""Razoável"", ""mball"": ""Razoável"", ""sprint"": ""Razoável"", ""square"": ""Muito Fraco""}",Indicadores de saúde estáveis. Continuar reforço de treinos funcionais e mobilidade.,,2026-06-19 09:12:14.107688+00,2026-06-19 20:55:38.136676+00,,,,t
7317382c-880e-453b-9103-69e476a13970,07cc7290-5d3f-421b-a514-b21d6a683494,6fd75cca-a83a-40fc-91f7-c457424b4de4,6496fb6b-7c93-4bc8-bb5e-a666ffdae72e,2026-05-19,14,56.00,162.60,162.60,64.70,,21.18,0.398,29.00,38,172.00,4.50,6.50,3.84,1220.00,"{""imc"": ""Excelente"", ""rce"": ""Razoável"", ""abdo"": ""Bom"", ""flex"": ""Bom"", ""jump"": ""Razoável"", ""run6"": ""Razoável"", ""mball"": ""Razoável"", ""sprint"": ""Razoável"", ""square"": ""Muito Fraco""}",Boa adesão ao programa. Sugere-se ampliar volume de corrida contínua para melhorar VO2.,,2026-06-19 09:12:14.107688+00,2026-06-19 20:55:38.136676+00,,,,t
b32611f1-553d-4d51-a602-03bf68762568,07cc7290-5d3f-421b-a514-b21d6a683494,010166af-79c8-45bb-94f9-84d341307a63,6496fb6b-7c93-4bc8-bb5e-a666ffdae72e,2025-09-19,15,57.90,160.00,161.00,62.50,,22.62,0.391,27.00,33,161.00,4.00,6.85,4.04,1110.00,"{""imc"": ""Razoável"", ""rce"": ""Razoável"", ""abdo"": ""Bom"", ""flex"": ""Fraco"", ""jump"": ""Bom"", ""run6"": ""Razoável"", ""mball"": ""Razoável"", ""sprint"": ""Razoável"", ""square"": ""Fraco""}",Indicadores de saúde estáveis. Continuar reforço de treinos funcionais e mobilidade.,,2026-06-19 09:12:14.107688+00,2026-06-19 20:55:38.136676+00,,,,t
05b25b9b-45bb-404a-92ce-c5f070d8d92e,07cc7290-5d3f-421b-a514-b21d6a683494,010166af-79c8-45bb-94f9-84d341307a63,6496fb6b-7c93-4bc8-bb5e-a666ffdae72e,2026-01-19,15,59.10,160.80,161.80,62.10,,22.86,0.386,28.50,36,167.00,4.30,6.70,3.96,1170.00,"{""imc"": ""Razoável"", ""rce"": ""Razoável"", ""abdo"": ""Bom"", ""flex"": ""Fraco"", ""jump"": ""Bom"", ""run6"": ""Bom"", ""mball"": ""Razoável"", ""sprint"": ""Bom"", ""square"": ""Fraco""}",Boa adesão ao programa. Sugere-se ampliar volume de corrida contínua para melhorar VO2.,,2026-06-19 09:12:14.107688+00,2026-06-19 20:55:38.136676+00,,,,t
266d0d60-48ec-461f-85ec-6ba4e60376e3,07cc7290-5d3f-421b-a514-b21d6a683494,010166af-79c8-45bb-94f9-84d341307a63,6496fb6b-7c93-4bc8-bb5e-a666ffdae72e,2026-05-19,16,60.30,161.60,162.60,61.70,,23.09,0.382,30.00,39,173.00,4.60,6.55,3.88,1230.00,"{""imc"": ""Razoável"", ""rce"": ""Razoável"", ""abdo"": ""Muito Bom"", ""flex"": ""Fraco"", ""jump"": ""Bom"", ""run6"": ""Bom"", ""mball"": ""Bom"", ""sprint"": ""Bom"", ""square"": ""Fraco""}",Atenção ao IMC: orientar família sobre hábitos alimentares e manter monitoramento trimestral.,,2026-06-19 09:12:14.107688+00,2026-06-19 20:55:38.136676+00,,,,t
0307d8e4-14c0-42d2-9a85-f28d910725d8,07cc7290-5d3f-421b-a514-b21d6a683494,06dd7a24-ceab-4e41-99c7-1dcc0cee107b,6496fb6b-7c93-4bc8-bb5e-a666ffdae72e,2025-09-19,15,66.20,168.00,170.00,63.50,,23.46,0.378,28.00,34,162.00,4.10,6.90,4.08,1120.00,"{""imc"": ""Razoável"", ""rce"": ""Razoável"", ""abdo"": ""Razoável"", ""flex"": ""Bom"", ""jump"": ""Fraco"", ""run6"": ""Fraco"", ""mball"": ""Fraco"", ""sprint"": ""Fraco"", ""square"": ""Muito Fraco""}",Boa adesão ao programa. Sugere-se ampliar volume de corrida contínua para melhorar VO2.,,2026-06-19 09:12:14.107688+00,2026-06-19 20:55:38.136676+00,,,,t
92e18bf9-83e2-47a8-8a6c-819bc0f18cad,07cc7290-5d3f-421b-a514-b21d6a683494,06dd7a24-ceab-4e41-99c7-1dcc0cee107b,6496fb6b-7c93-4bc8-bb5e-a666ffdae72e,2026-01-19,15,67.40,168.80,170.80,63.10,,23.65,0.374,29.50,37,168.00,4.40,6.75,4.00,1180.00,"{""imc"": ""Razoável"", ""rce"": ""Razoável"", ""abdo"": ""Razoável"", ""flex"": ""Bom"", ""jump"": ""Fraco"", ""run6"": ""Fraco"", ""mball"": ""Fraco"", ""sprint"": ""Fraco"", ""square"": ""Muito Fraco""}",Atenção ao IMC: orientar família sobre hábitos alimentares e manter monitoramento trimestral.,,2026-06-19 09:12:14.107688+00,2026-06-19 20:55:38.136676+00,,,,t
3e9354d2-b68d-4d34-a742-fe11dc6d1d1a,07cc7290-5d3f-421b-a514-b21d6a683494,06dd7a24-ceab-4e41-99c7-1dcc0cee107b,6496fb6b-7c93-4bc8-bb5e-a666ffdae72e,2026-05-19,16,68.60,169.60,171.60,62.70,,23.85,0.370,31.00,40,174.00,4.70,6.60,3.92,1240.00,"{""imc"": ""Razoável"", ""rce"": ""Razoável"", ""abdo"": ""Razoável"", ""flex"": ""Bom"", ""jump"": ""Fraco"", ""run6"": ""Fraco"", ""mball"": ""Fraco"", ""sprint"": ""Fraco"", ""square"": ""Muito Fraco""}",Evolução excelente em potência de membros superiores (medicine ball). Manter treino com cargas progressivas.,,2026-06-19 09:12:14.107688+00,2026-06-19 20:55:38.136676+00,,,,t
e0e611c6-2b10-49a7-bd13-0b08ee469a3c,07cc7290-5d3f-421b-a514-b21d6a683494,57feb5ae-f85f-4db6-974e-88a1551d14ed,6496fb6b-7c93-4bc8-bb5e-a666ffdae72e,2025-09-19,17,58.00,172.00,170.00,67.50,,19.61,0.392,29.00,30,163.00,3.70,6.95,4.12,1040.00,"{""imc"": ""Excelente"", ""rce"": ""Razoável"", ""abdo"": ""Razoável"", ""flex"": ""Fraco"", ""jump"": ""Bom"", ""run6"": ""Razoável"", ""mball"": ""Fraco"", ""sprint"": ""Razoável"", ""square"": ""Muito Fraco""}",Atenção ao IMC: orientar família sobre hábitos alimentares e manter monitoramento trimestral.,,2026-06-19 09:12:14.107688+00,2026-06-19 20:55:38.136676+00,,,,t
d4d21404-3211-4773-9fd7-381434f847d6,07cc7290-5d3f-421b-a514-b21d6a683494,57feb5ae-f85f-4db6-974e-88a1551d14ed,6496fb6b-7c93-4bc8-bb5e-a666ffdae72e,2026-01-19,17,59.20,172.80,170.80,67.10,,19.83,0.388,30.50,33,169.00,4.00,6.80,4.04,1100.00,"{""imc"": ""Excelente"", ""rce"": ""Razoável"", ""abdo"": ""Razoável"", ""flex"": ""Fraco"", ""jump"": ""Bom"", ""run6"": ""Razoável"", ""mball"": ""Razoável"", ""sprint"": ""Razoável"", ""square"": ""Fraco""}",Evolução excelente em potência de membros superiores (medicine ball). Manter treino com cargas progressivas.,,2026-06-19 09:12:14.107688+00,2026-06-19 20:55:38.136676+00,,,,t
507909ce-2652-4aef-9152-5e53fa8379d7,07cc7290-5d3f-421b-a514-b21d6a683494,57feb5ae-f85f-4db6-974e-88a1551d14ed,6496fb6b-7c93-4bc8-bb5e-a666ffdae72e,2026-05-19,18,60.40,173.60,171.60,66.70,,20.04,0.384,32.00,36,175.00,4.30,6.65,3.96,1160.00,"{""imc"": ""Excelente"", ""rce"": ""Razoável"", ""abdo"": ""Bom"", ""flex"": ""Razoável"", ""jump"": ""Bom"", ""run6"": ""Bom"", ""mball"": ""Razoável"", ""sprint"": ""Bom"", ""square"": ""Fraco""}",Resultados em flexibilidade abaixo da meta — incluir rotina de alongamento ativo nas aulas.,,2026-06-19 09:12:14.107688+00,2026-06-19 20:55:38.136676+00,,,,t
65d25f95-5f8f-4e84-b79b-be5fe9f2dcb7,07cc7290-5d3f-421b-a514-b21d6a683494,0b1c3a81-b4dc-4358-80c8-839761cb06ad,6496fb6b-7c93-4bc8-bb5e-a666ffdae72e,2025-09-19,10,33.30,140.00,139.00,58.00,,16.99,0.414,26.00,31,156.00,3.80,6.80,4.00,1050.00,"{""imc"": ""Excelente"", ""rce"": ""Excelente"", ""abdo"": ""Bom"", ""flex"": ""Bom"", ""jump"": ""Bom"", ""run6"": ""Razoável"", ""mball"": ""Bom"", ""sprint"": ""Razoável"", ""square"": ""Fraco""}",Evolução excelente em potência de membros superiores (medicine ball). Manter treino com cargas progressivas.,,2026-06-19 09:12:14.107688+00,2026-06-19 20:55:38.136676+00,,,,t
4ac26aa4-4e05-4011-8fd2-c001ce5aed52,07cc7290-5d3f-421b-a514-b21d6a683494,0b1c3a81-b4dc-4358-80c8-839761cb06ad,6496fb6b-7c93-4bc8-bb5e-a666ffdae72e,2026-01-19,10,34.50,140.80,139.80,57.60,,17.40,0.409,27.50,34,162.00,4.10,6.65,3.92,1110.00,"{""imc"": ""Excelente"", ""rce"": ""Excelente"", ""abdo"": ""Bom"", ""flex"": ""Muito Bom"", ""jump"": ""Bom"", ""run6"": ""Bom"", ""mball"": ""Bom"", ""sprint"": ""Bom"", ""square"": ""Razoável""}",Resultados em flexibilidade abaixo da meta — incluir rotina de alongamento ativo nas aulas.,,2026-06-19 09:12:14.107688+00,2026-06-19 20:55:38.136676+00,,,,t
0a7ee852-7daa-427e-9a6a-6509022c9dec,07cc7290-5d3f-421b-a514-b21d6a683494,0b1c3a81-b4dc-4358-80c8-839761cb06ad,6496fb6b-7c93-4bc8-bb5e-a666ffdae72e,2026-05-19,11,35.70,141.60,140.60,57.20,,17.80,0.404,29.00,37,168.00,4.40,6.50,3.84,1170.00,"{""imc"": ""Excelente"", ""rce"": ""Excelente"", ""abdo"": ""Muito Bom"", ""flex"": ""Muito Bom"", ""jump"": ""Bom"", ""run6"": ""Bom"", ""mball"": ""Bom"", ""sprint"": ""Bom"", ""square"": ""Fraco""}",Perfil de baixo risco. Recomenda-se participação em modalidades coletivas para socialização.,,2026-06-19 09:12:14.107688+00,2026-06-19 20:55:38.136676+00,,,,t
47b6ceb2-81c7-4852-8c09-51eaad28c6a1,07cc7290-5d3f-421b-a514-b21d6a683494,1e7fdaba-6eb7-427f-b646-dd813040cc54,6496fb6b-7c93-4bc8-bb5e-a666ffdae72e,2025-09-19,11,36.60,144.00,144.00,60.50,,17.65,0.420,27.00,32,157.00,3.90,6.85,4.04,1060.00,"{""imc"": ""Excelente"", ""rce"": ""Excelente"", ""abdo"": ""Bom"", ""flex"": ""Razoável"", ""jump"": ""Muito Bom"", ""run6"": ""Razoável"", ""mball"": ""Bom"", ""sprint"": ""Bom"", ""square"": ""Razoável""}",Resultados em flexibilidade abaixo da meta — incluir rotina de alongamento ativo nas aulas.,,2026-06-19 09:12:14.107688+00,2026-06-19 20:55:38.136676+00,,,,t
2774f317-5e76-47c5-ba34-7a2f6feca3e4,07cc7290-5d3f-421b-a514-b21d6a683494,1e7fdaba-6eb7-427f-b646-dd813040cc54,6496fb6b-7c93-4bc8-bb5e-a666ffdae72e,2026-01-19,11,37.80,144.80,144.80,60.10,,18.03,0.415,28.50,35,163.00,4.20,6.70,3.96,1120.00,"{""imc"": ""Excelente"", ""rce"": ""Excelente"", ""abdo"": ""Muito Bom"", ""flex"": ""Razoável"", ""jump"": ""Muito Bom"", ""run6"": ""Bom"", ""mball"": ""Bom"", ""sprint"": ""Bom"", ""square"": ""Razoável""}",Perfil de baixo risco. Recomenda-se participação em modalidades coletivas para socialização.,,2026-06-19 09:12:14.107688+00,2026-06-19 20:55:38.136676+00,,,,t
b679c93f-8022-43ca-9655-6e1f802e0532,07cc7290-5d3f-421b-a514-b21d6a683494,1e7fdaba-6eb7-427f-b646-dd813040cc54,6496fb6b-7c93-4bc8-bb5e-a666ffdae72e,2026-05-19,11,39.00,145.60,145.60,59.70,,18.40,0.410,30.00,38,169.00,4.50,6.55,3.88,1180.00,"{""imc"": ""Excelente"", ""rce"": ""Excelente"", ""abdo"": ""Muito Bom"", ""flex"": ""Razoável"", ""jump"": ""Muito Bom"", ""run6"": ""Bom"", ""mball"": ""Muito Bom"", ""sprint"": ""Muito Bom"", ""square"": ""Razoável""}",Aluno demonstra evolução consistente em força e resistência cardiorrespiratória. Recomenda-se manter periodização atual.,,2026-06-19 09:12:14.107688+00,2026-06-19 20:55:38.136676+00,,,,t
742bcbb5-d82d-4332-a3ec-8c295aee300a,07cc7290-5d3f-421b-a514-b21d6a683494,60704ac7-09e0-4c3a-901c-00e21563516b,6496fb6b-7c93-4bc8-bb5e-a666ffdae72e,2025-09-19,11,40.90,148.00,149.00,61.50,,18.67,0.416,28.00,33,158.00,4.00,6.90,4.08,1070.00,"{""imc"": ""Excelente"", ""rce"": ""Excelente"", ""abdo"": ""Bom"", ""flex"": ""Bom"", ""jump"": ""Bom"", ""run6"": ""Razoável"", ""mball"": ""Razoável"", ""sprint"": ""Razoável"", ""square"": ""Fraco""}",Perfil de baixo risco. Recomenda-se participação em modalidades coletivas para socialização.,,2026-06-19 09:12:14.107688+00,2026-06-19 20:55:38.136676+00,,,,t
11fc4197-4a0b-4fbc-8856-bc2aef2ab252,07cc7290-5d3f-421b-a514-b21d6a683494,60704ac7-09e0-4c3a-901c-00e21563516b,6496fb6b-7c93-4bc8-bb5e-a666ffdae72e,2026-01-19,11,42.10,148.80,149.80,61.10,,19.01,0.411,29.50,36,164.00,4.30,6.75,4.00,1130.00,"{""imc"": ""Excelente"", ""rce"": ""Excelente"", ""abdo"": ""Bom"", ""flex"": ""Muito Bom"", ""jump"": ""Bom"", ""run6"": ""Razoável"", ""mball"": ""Bom"", ""sprint"": ""Razoável"", ""square"": ""Fraco""}",Aluno demonstra evolução consistente em força e resistência cardiorrespiratória. Recomenda-se manter periodização atual.,,2026-06-19 09:12:14.107688+00,2026-06-19 20:55:38.136676+00,,,,t
83a48495-54a5-4925-b9e7-bceede4696d8,07cc7290-5d3f-421b-a514-b21d6a683494,60704ac7-09e0-4c3a-901c-00e21563516b,6496fb6b-7c93-4bc8-bb5e-a666ffdae72e,2026-05-19,11,43.30,149.60,150.60,60.70,,19.35,0.406,31.00,39,170.00,4.60,6.60,3.92,1190.00,"{""imc"": ""Excelente"", ""rce"": ""Excelente"", ""abdo"": ""Muito Bom"", ""flex"": ""Muito Bom"", ""jump"": ""Bom"", ""run6"": ""Bom"", ""mball"": ""Bom"", ""sprint"": ""Razoável"", ""square"": ""Fraco""}",Composição corporal dentro do esperado para idade. Boa progressão na flexibilidade e potência de membros inferiores.,,2026-06-19 09:12:14.107688+00,2026-06-19 20:55:38.136676+00,,,,t
057ba91e-5544-4175-8995-c058b316b445,07cc7290-5d3f-421b-a514-b21d6a683494,de8d873d-eb21-4b6f-8e88-c17017b2c1ab,6496fb6b-7c93-4bc8-bb5e-a666ffdae72e,2025-09-19,12,43.20,151.00,153.00,64.00,,18.95,0.424,29.00,34,159.00,4.10,6.95,4.12,1080.00,"{""imc"": ""Excelente"", ""rce"": ""Excelente"", ""abdo"": ""Bom"", ""flex"": ""Razoável"", ""jump"": ""Bom"", ""run6"": ""Razoável"", ""mball"": ""Bom"", ""sprint"": ""Razoável"", ""square"": ""Fraco""}",Aluno demonstra evolução consistente em força e resistência cardiorrespiratória. Recomenda-se manter periodização atual.,,2026-06-19 09:12:14.107688+00,2026-06-19 20:55:38.136676+00,,,,t
2662f98e-351c-4129-992a-8f4fcac9f561,07cc7290-5d3f-421b-a514-b21d6a683494,de8d873d-eb21-4b6f-8e88-c17017b2c1ab,6496fb6b-7c93-4bc8-bb5e-a666ffdae72e,2026-01-19,12,44.40,151.80,153.80,63.60,,19.27,0.419,30.50,37,165.00,4.40,6.80,4.04,1140.00,"{""imc"": ""Excelente"", ""rce"": ""Excelente"", ""abdo"": ""Muito Bom"", ""flex"": ""Razoável"", ""jump"": ""Muito Bom"", ""run6"": ""Razoável"", ""mball"": ""Bom"", ""sprint"": ""Bom"", ""square"": ""Fraco""}",Composição corporal dentro do esperado para idade. Boa progressão na flexibilidade e potência de membros inferiores.,,2026-06-19 09:12:14.107688+00,2026-06-19 20:55:38.136676+00,,,,t
bc3e74ba-9135-4065-81d7-6d46026e3907,07cc7290-5d3f-421b-a514-b21d6a683494,de8d873d-eb21-4b6f-8e88-c17017b2c1ab,6496fb6b-7c93-4bc8-bb5e-a666ffdae72e,2026-05-19,12,45.60,152.60,154.60,63.20,,19.58,0.414,32.00,40,171.00,4.70,6.65,3.96,1200.00,"{""imc"": ""Excelente"", ""rce"": ""Excelente"", ""abdo"": ""Muito Bom"", ""flex"": ""Bom"", ""jump"": ""Muito Bom"", ""run6"": ""Bom"", ""mball"": ""Muito Bom"", ""sprint"": ""Bom"", ""square"": ""Razoável""}",Performance acima da média da turma. Indicado encaminhamento para grupo de alto rendimento.,,2026-06-19 09:12:14.107688+00,2026-06-19 20:55:38.136676+00,,,,t
4eb3e978-de9a-4738-9227-895fe699a10e,07cc7290-5d3f-421b-a514-b21d6a683494,4f1da679-554b-4d7c-a0ee-d72cfb4d5015,6496fb6b-7c93-4bc8-bb5e-a666ffdae72e,2025-09-19,12,47.00,149.00,147.00,58.00,,21.17,0.389,26.00,30,160.00,3.70,6.80,4.00,1090.00,"{""imc"": ""Excelente"", ""rce"": ""Razoável"", ""abdo"": ""Razoável"", ""flex"": ""Bom"", ""jump"": ""Razoável"", ""run6"": ""Razoável"", ""mball"": ""Razoável"", ""sprint"": ""Razoável"", ""square"": ""Muito Fraco""}",Composição corporal dentro do esperado para idade. Boa progressão na flexibilidade e potência de membros inferiores.,,2026-06-19 09:12:14.107688+00,2026-06-19 20:55:38.136676+00,,,,t
381d292a-8618-4b52-b19a-357f693f8a3b,07cc7290-5d3f-421b-a514-b21d6a683494,4f1da679-554b-4d7c-a0ee-d72cfb4d5015,6496fb6b-7c93-4bc8-bb5e-a666ffdae72e,2026-01-19,12,48.20,149.80,147.80,57.60,,21.48,0.385,27.50,33,166.00,4.00,6.65,3.92,1150.00,"{""imc"": ""Excelente"", ""rce"": ""Razoável"", ""abdo"": ""Bom"", ""flex"": ""Bom"", ""jump"": ""Bom"", ""run6"": ""Razoável"", ""mball"": ""Razoável"", ""sprint"": ""Razoável"", ""square"": ""Fraco""}",Performance acima da média da turma. Indicado encaminhamento para grupo de alto rendimento.,,2026-06-19 09:12:14.107688+00,2026-06-19 20:55:38.136676+00,,,,t
71432f19-8800-438b-867e-dae07ac41f4c,07cc7290-5d3f-421b-a514-b21d6a683494,4f1da679-554b-4d7c-a0ee-d72cfb4d5015,6496fb6b-7c93-4bc8-bb5e-a666ffdae72e,2026-05-19,12,49.40,150.60,148.60,57.20,,21.78,0.380,29.00,36,172.00,4.30,6.50,3.84,1210.00,"{""imc"": ""Excelente"", ""rce"": ""Razoável"", ""abdo"": ""Bom"", ""flex"": ""Muito Bom"", ""jump"": ""Bom"", ""run6"": ""Bom"", ""mball"": ""Razoável"", ""sprint"": ""Razoável"", ""square"": ""Fraco""}",Pequenas oscilações em provas de velocidade — focar trabalho técnico de saída e aceleração.,,2026-06-19 09:12:14.107688+00,2026-06-19 20:55:38.136676+00,,,,t
13ced772-c29c-479f-8a3d-8db60f32ae43,07cc7290-5d3f-421b-a514-b21d6a683494,91e0aa6c-50a7-4a58-8bb3-1109ec7bee70,6496fb6b-7c93-4bc8-bb5e-a666ffdae72e,2025-09-19,13,52.30,156.00,155.00,62.00,,21.49,0.397,27.00,31,161.00,3.80,6.85,4.04,1100.00,"{""imc"": ""Excelente"", ""rce"": ""Razoável"", ""abdo"": ""Bom"", ""flex"": ""Fraco"", ""jump"": ""Bom"", ""run6"": ""Razoável"", ""mball"": ""Razoável"", ""sprint"": ""Razoável"", ""square"": ""Fraco""}",Performance acima da média da turma. Indicado encaminhamento para grupo de alto rendimento.,,2026-06-19 09:12:14.107688+00,2026-06-19 20:55:38.136676+00,,,,t
3e1221d6-98aa-4a0f-baa2-3196a49686a0,07cc7290-5d3f-421b-a514-b21d6a683494,91e0aa6c-50a7-4a58-8bb3-1109ec7bee70,6496fb6b-7c93-4bc8-bb5e-a666ffdae72e,2026-01-19,14,53.50,156.80,155.80,61.60,,21.76,0.393,28.50,34,167.00,4.10,6.70,3.96,1160.00,"{""imc"": ""Excelente"", ""rce"": ""Razoável"", ""abdo"": ""Bom"", ""flex"": ""Razoável"", ""jump"": ""Bom"", ""run6"": ""Bom"", ""mball"": ""Razoável"", ""sprint"": ""Bom"", ""square"": ""Fraco""}",Pequenas oscilações em provas de velocidade — focar trabalho técnico de saída e aceleração.,,2026-06-19 09:12:14.107688+00,2026-06-19 20:55:38.136676+00,,,,t
13a70d51-ffe6-42e0-b089-140b6bbabccf,07cc7290-5d3f-421b-a514-b21d6a683494,91e0aa6c-50a7-4a58-8bb3-1109ec7bee70,6496fb6b-7c93-4bc8-bb5e-a666ffdae72e,2026-05-19,14,54.70,157.60,156.60,61.20,,22.02,0.388,30.00,37,173.00,4.40,6.55,3.88,1220.00,"{""imc"": ""Excelente"", ""rce"": ""Razoável"", ""abdo"": ""Bom"", ""flex"": ""Razoável"", ""jump"": ""Muito Bom"", ""run6"": ""Bom"", ""mball"": ""Bom"", ""sprint"": ""Bom"", ""square"": ""Razoável""}",Indicadores de saúde estáveis. Continuar reforço de treinos funcionais e mobilidade.,,2026-06-19 09:12:14.107688+00,2026-06-19 20:55:38.136676+00,,,,t
bf0d87a5-25b5-4fc8-aa91-5f96502c2600,07cc7290-5d3f-421b-a514-b21d6a683494,09b8a742-7fac-4f6a-ae41-665035a1eb11,6496fb6b-7c93-4bc8-bb5e-a666ffdae72e,2025-09-19,13,59.60,163.00,163.00,63.00,,22.43,0.387,28.00,32,162.00,3.90,6.90,4.08,1110.00,"{""imc"": ""Excelente"", ""rce"": ""Razoável"", ""abdo"": ""Razoável"", ""flex"": ""Bom"", ""jump"": ""Razoável"", ""run6"": ""Razoável"", ""mball"": ""Fraco"", ""sprint"": ""Fraco"", ""square"": ""Muito Fraco""}",Pequenas oscilações em provas de velocidade — focar trabalho técnico de saída e aceleração.,,2026-06-19 09:12:14.107688+00,2026-06-19 20:55:38.136676+00,,,,t
5b43b3f8-3957-4143-a90f-12c2399dbccd,07cc7290-5d3f-421b-a514-b21d6a683494,09b8a742-7fac-4f6a-ae41-665035a1eb11,6496fb6b-7c93-4bc8-bb5e-a666ffdae72e,2026-01-19,14,60.80,163.80,163.80,62.60,,22.66,0.382,29.50,35,168.00,4.20,6.75,4.00,1170.00,"{""imc"": ""Razoável"", ""rce"": ""Razoável"", ""abdo"": ""Razoável"", ""flex"": ""Bom"", ""jump"": ""Razoável"", ""run6"": ""Razoável"", ""mball"": ""Fraco"", ""sprint"": ""Fraco"", ""square"": ""Muito Fraco""}",Indicadores de saúde estáveis. Continuar reforço de treinos funcionais e mobilidade.,,2026-06-19 09:12:14.107688+00,2026-06-19 20:55:38.136676+00,,,,t
23f49bf4-2e91-4388-b721-2193e4143c23,07cc7290-5d3f-421b-a514-b21d6a683494,09b8a742-7fac-4f6a-ae41-665035a1eb11,6496fb6b-7c93-4bc8-bb5e-a666ffdae72e,2026-05-19,14,62.00,164.60,164.60,62.20,,22.88,0.378,31.00,38,174.00,4.50,6.60,3.92,1230.00,"{""imc"": ""Razoável"", ""rce"": ""Razoável"", ""abdo"": ""Bom"", ""flex"": ""Muito Bom"", ""jump"": ""Razoável"", ""run6"": ""Razoável"", ""mball"": ""Razoável"", ""sprint"": ""Fraco"", ""square"": ""Muito Fraco""}",Boa adesão ao programa. Sugere-se ampliar volume de corrida contínua para melhorar VO2.,,2026-06-19 09:12:14.107688+00,2026-06-19 20:55:38.136676+00,,,,t
c9a1fcdc-f018-46ce-b689-3c93c8b9d98e,07cc7290-5d3f-421b-a514-b21d6a683494,01936d5e-7b56-4496-a9cf-2e5ac1324deb,6496fb6b-7c93-4bc8-bb5e-a666ffdae72e,2025-09-19,15,62.90,168.00,169.00,67.00,,22.29,0.399,29.00,33,163.00,4.00,6.95,4.12,1120.00,"{""imc"": ""Excelente"", ""rce"": ""Razoável"", ""abdo"": ""Bom"", ""flex"": ""Fraco"", ""jump"": ""Bom"", ""run6"": ""Razoável"", ""mball"": ""Razoável"", ""sprint"": ""Razoável"", ""square"": ""Fraco""}",Indicadores de saúde estáveis. Continuar reforço de treinos funcionais e mobilidade.,,2026-06-19 09:12:14.107688+00,2026-06-19 20:55:38.136676+00,,,,t
73fa203b-021c-4ce0-bf85-79298a0bc009,07cc7290-5d3f-421b-a514-b21d6a683494,01936d5e-7b56-4496-a9cf-2e5ac1324deb,6496fb6b-7c93-4bc8-bb5e-a666ffdae72e,2026-01-19,16,64.10,168.80,169.80,66.60,,22.50,0.395,30.50,36,169.00,4.30,6.80,4.04,1180.00,"{""imc"": ""Razoável"", ""rce"": ""Razoável"", ""abdo"": ""Bom"", ""flex"": ""Razoável"", ""jump"": ""Bom"", ""run6"": ""Bom"", ""mball"": ""Razoável"", ""sprint"": ""Razoável"", ""square"": ""Fraco""}",Boa adesão ao programa. Sugere-se ampliar volume de corrida contínua para melhorar VO2.,,2026-06-19 09:12:14.107688+00,2026-06-19 20:55:38.136676+00,,,,t
dae2dffa-22d7-4585-8792-2895c0297bd9,07cc7290-5d3f-421b-a514-b21d6a683494,01936d5e-7b56-4496-a9cf-2e5ac1324deb,6496fb6b-7c93-4bc8-bb5e-a666ffdae72e,2026-05-19,16,65.30,169.60,170.60,66.20,,22.70,0.390,32.00,39,175.00,4.60,6.65,3.96,1240.00,"{""imc"": ""Razoável"", ""rce"": ""Razoável"", ""abdo"": ""Muito Bom"", ""flex"": ""Razoável"", ""jump"": ""Bom"", ""run6"": ""Bom"", ""mball"": ""Bom"", ""sprint"": ""Bom"", ""square"": ""Fraco""}",Atenção ao IMC: orientar família sobre hábitos alimentares e manter monitoramento trimestral.,,2026-06-19 09:12:14.107688+00,2026-06-19 20:55:38.136676+00,,,,t
5ede0ab1-9138-4cb0-bc43-8aab672aec09,07cc7290-5d3f-421b-a514-b21d6a683494,7fde3f18-9bdb-481b-a978-607b2c6b425c,6496fb6b-7c93-4bc8-bb5e-a666ffdae72e,2025-09-19,16,63.20,177.00,179.00,68.00,,20.17,0.384,26.00,34,156.00,4.10,6.80,4.00,1040.00,"{""imc"": ""Excelente"", ""rce"": ""Razoável"", ""abdo"": ""Fraco"", ""flex"": ""Razoável"", ""jump"": ""Muito Fraco"", ""run6"": ""Muito Fraco"", ""mball"": ""Fraco"", ""sprint"": ""Muito Fraco"", ""square"": ""Muito Fraco""}",Boa adesão ao programa. Sugere-se ampliar volume de corrida contínua para melhorar VO2.,,2026-06-19 09:12:14.107688+00,2026-06-19 20:55:38.136676+00,,,,t
4027939e-f57b-4523-9f5c-6d7f8a0a3614,07cc7290-5d3f-421b-a514-b21d6a683494,7fde3f18-9bdb-481b-a978-607b2c6b425c,6496fb6b-7c93-4bc8-bb5e-a666ffdae72e,2026-01-19,17,64.40,177.80,179.80,67.60,,20.37,0.380,27.50,37,162.00,4.40,6.65,3.92,1100.00,"{""imc"": ""Excelente"", ""rce"": ""Razoável"", ""abdo"": ""Razoável"", ""flex"": ""Razoável"", ""jump"": ""Muito Fraco"", ""run6"": ""Muito Fraco"", ""mball"": ""Fraco"", ""sprint"": ""Fraco"", ""square"": ""Muito Fraco""}",Atenção ao IMC: orientar família sobre hábitos alimentares e manter monitoramento trimestral.,,2026-06-19 09:12:14.107688+00,2026-06-19 20:55:38.136676+00,,,,t
160d70b7-3c72-4b53-a079-bd3dea35df02,07cc7290-5d3f-421b-a514-b21d6a683494,7fde3f18-9bdb-481b-a978-607b2c6b425c,6496fb6b-7c93-4bc8-bb5e-a666ffdae72e,2026-05-19,17,65.60,178.60,180.60,67.20,,20.57,0.376,29.00,40,168.00,4.70,6.50,3.84,1160.00,"{""imc"": ""Excelente"", ""rce"": ""Razoável"", ""abdo"": ""Razoável"", ""flex"": ""Razoável"", ""jump"": ""Muito Fraco"", ""run6"": ""Fraco"", ""mball"": ""Fraco"", ""sprint"": ""Fraco"", ""square"": ""Muito Fraco""}",Evolução excelente em potência de membros superiores (medicine ball). Manter treino com cargas progressivas.,,2026-06-19 09:12:14.107688+00,2026-06-19 20:55:38.136676+00,,,,t
64b6f89d-3fc0-4368-a4b5-95d909ed521d,07cc7290-5d3f-421b-a514-b21d6a683494,d9b9f8b9-2d5e-4465-af23-84d153d95dd2,6496fb6b-7c93-4bc8-bb5e-a666ffdae72e,2025-09-19,11,35.00,145.00,143.00,61.50,,16.65,0.424,27.00,30,157.00,3.70,6.85,4.04,1050.00,"{""imc"": ""Excelente"", ""rce"": ""Excelente"", ""abdo"": ""Bom"", ""flex"": ""Razoável"", ""jump"": ""Muito Bom"", ""run6"": ""Razoável"", ""mball"": ""Bom"", ""sprint"": ""Bom"", ""square"": ""Razoável""}",Atenção ao IMC: orientar família sobre hábitos alimentares e manter monitoramento trimestral.,,2026-06-19 09:12:14.107688+00,2026-06-19 20:55:38.136676+00,,,,t
37d237d6-5e03-40cf-b838-5dbd7919a074,07cc7290-5d3f-421b-a514-b21d6a683494,d9b9f8b9-2d5e-4465-af23-84d153d95dd2,6496fb6b-7c93-4bc8-bb5e-a666ffdae72e,2026-01-19,11,36.20,145.80,143.80,61.10,,17.03,0.419,28.50,33,163.00,4.00,6.70,3.96,1110.00,"{""imc"": ""Excelente"", ""rce"": ""Excelente"", ""abdo"": ""Bom"", ""flex"": ""Razoável"", ""jump"": ""Muito Bom"", ""run6"": ""Bom"", ""mball"": ""Bom"", ""sprint"": ""Bom"", ""square"": ""Razoável""}",Evolução excelente em potência de membros superiores (medicine ball). Manter treino com cargas progressivas.,,2026-06-19 09:12:14.107688+00,2026-06-19 20:55:38.136676+00,,,,t
5bb266dc-6b4e-4533-9f3e-f98bd63d6e03,07cc7290-5d3f-421b-a514-b21d6a683494,d9b9f8b9-2d5e-4465-af23-84d153d95dd2,6496fb6b-7c93-4bc8-bb5e-a666ffdae72e,2026-05-19,12,37.40,146.60,144.60,60.70,,17.40,0.414,30.00,36,169.00,4.30,6.55,3.88,1170.00,"{""imc"": ""Excelente"", ""rce"": ""Excelente"", ""abdo"": ""Bom"", ""flex"": ""Razoável"", ""jump"": ""Muito Bom"", ""run6"": ""Bom"", ""mball"": ""Bom"", ""sprint"": ""Bom"", ""square"": ""Razoável""}",Resultados em flexibilidade abaixo da meta — incluir rotina de alongamento ativo nas aulas.,,2026-06-19 09:12:14.107688+00,2026-06-19 20:55:38.136676+00,,,,t
dcbafc94-a05b-44e6-9c72-77655ab8a938,07cc7290-5d3f-421b-a514-b21d6a683494,60084f70-9bec-4a28-b887-09844c4eb0d2,6496fb6b-7c93-4bc8-bb5e-a666ffdae72e,2025-09-19,10,34.30,143.00,142.00,61.00,,16.77,0.427,28.00,31,158.00,3.80,6.90,4.08,1060.00,"{""imc"": ""Excelente"", ""rce"": ""Excelente"", ""abdo"": ""Bom"", ""flex"": ""Muito Bom"", ""jump"": ""Bom"", ""run6"": ""Razoável"", ""mball"": ""Bom"", ""sprint"": ""Razoável"", ""square"": ""Fraco""}",Evolução excelente em potência de membros superiores (medicine ball). Manter treino com cargas progressivas.,,2026-06-19 09:12:14.107688+00,2026-06-19 20:55:38.136676+00,,,,t
bcc5ef88-f2ac-414c-8e23-986dc55102d6,07cc7290-5d3f-421b-a514-b21d6a683494,60084f70-9bec-4a28-b887-09844c4eb0d2,6496fb6b-7c93-4bc8-bb5e-a666ffdae72e,2026-01-19,10,35.50,143.80,142.80,60.60,,17.17,0.421,29.50,34,164.00,4.10,6.75,4.00,1120.00,"{""imc"": ""Excelente"", ""rce"": ""Excelente"", ""abdo"": ""Bom"", ""flex"": ""Muito Bom"", ""jump"": ""Bom"", ""run6"": ""Bom"", ""mball"": ""Bom"", ""sprint"": ""Razoável"", ""square"": ""Fraco""}",Resultados em flexibilidade abaixo da meta — incluir rotina de alongamento ativo nas aulas.,,2026-06-19 09:12:14.107688+00,2026-06-19 20:55:38.136676+00,,,,t
10ab8d94-f73d-4bc4-8246-0d44b574000b,07cc7290-5d3f-421b-a514-b21d6a683494,60084f70-9bec-4a28-b887-09844c4eb0d2,6496fb6b-7c93-4bc8-bb5e-a666ffdae72e,2026-05-19,11,36.70,144.60,143.60,60.20,,17.55,0.416,31.00,37,170.00,4.40,6.60,3.92,1180.00,"{""imc"": ""Excelente"", ""rce"": ""Excelente"", ""abdo"": ""Muito Bom"", ""flex"": ""Muito Bom"", ""jump"": ""Bom"", ""run6"": ""Bom"", ""mball"": ""Bom"", ""sprint"": ""Razoável"", ""square"": ""Fraco""}",Perfil de baixo risco. Recomenda-se participação em modalidades coletivas para socialização.,,2026-06-19 09:12:14.107688+00,2026-06-19 20:55:38.136676+00,,,,t
1aa08d33-15f4-4ba1-beb5-94f8023c2e9c,07cc7290-5d3f-421b-a514-b21d6a683494,a2a77c68-f2d9-4d90-b458-ca11adfe64f1,6496fb6b-7c93-4bc8-bb5e-a666ffdae72e,2025-09-19,12,41.60,145.00,145.00,58.00,,19.79,0.400,29.00,32,159.00,3.90,6.95,4.12,1070.00,"{""imc"": ""Excelente"", ""rce"": ""Excelente"", ""abdo"": ""Bom"", ""flex"": ""Razoável"", ""jump"": ""Bom"", ""run6"": ""Razoável"", ""mball"": ""Bom"", ""sprint"": ""Razoável"", ""square"": ""Fraco""}",Resultados em flexibilidade abaixo da meta — incluir rotina de alongamento ativo nas aulas.,,2026-06-19 09:12:14.107688+00,2026-06-19 20:55:38.136676+00,,,,t
cfe9655c-295b-4837-b8fd-4b1166267412,07cc7290-5d3f-421b-a514-b21d6a683494,a2a77c68-f2d9-4d90-b458-ca11adfe64f1,6496fb6b-7c93-4bc8-bb5e-a666ffdae72e,2026-01-19,12,42.80,145.80,145.80,57.60,,20.13,0.395,30.50,35,165.00,4.20,6.80,4.04,1130.00,"{""imc"": ""Excelente"", ""rce"": ""Razoável"", ""abdo"": ""Bom"", ""flex"": ""Razoável"", ""jump"": ""Muito Bom"", ""run6"": ""Razoável"", ""mball"": ""Bom"", ""sprint"": ""Bom"", ""square"": ""Fraco""}",Perfil de baixo risco. Recomenda-se participação em modalidades coletivas para socialização.,,2026-06-19 09:12:14.107688+00,2026-06-19 20:55:38.136676+00,,,,t
a6306eff-0107-4722-b504-18fec153211b,07cc7290-5d3f-421b-a514-b21d6a683494,a2a77c68-f2d9-4d90-b458-ca11adfe64f1,6496fb6b-7c93-4bc8-bb5e-a666ffdae72e,2026-05-19,13,44.00,146.60,146.60,57.20,,20.47,0.390,32.00,38,171.00,4.50,6.65,3.96,1190.00,"{""imc"": ""Excelente"", ""rce"": ""Razoável"", ""abdo"": ""Muito Bom"", ""flex"": ""Razoável"", ""jump"": ""Muito Bom"", ""run6"": ""Bom"", ""mball"": ""Bom"", ""sprint"": ""Bom"", ""square"": ""Razoável""}",Aluno demonstra evolução consistente em força e resistência cardiorrespiratória. Recomenda-se manter periodização atual.,,2026-06-19 09:12:14.107688+00,2026-06-19 20:55:38.136676+00,,,,t
d5a2fa56-7374-4aff-9bc3-9a0203ebfe5d,07cc7290-5d3f-421b-a514-b21d6a683494,87026f97-9900-40e1-b4f1-4047cb9b9df1,6496fb6b-7c93-4bc8-bb5e-a666ffdae72e,2025-09-19,11,41.90,144.00,145.00,57.50,,20.21,0.399,26.00,33,160.00,4.00,6.80,4.00,1080.00,"{""imc"": ""Excelente"", ""rce"": ""Razoável"", ""abdo"": ""Bom"", ""flex"": ""Bom"", ""jump"": ""Bom"", ""run6"": ""Razoável"", ""mball"": ""Razoável"", ""sprint"": ""Razoável"", ""square"": ""Fraco""}",Perfil de baixo risco. Recomenda-se participação em modalidades coletivas para socialização.,,2026-06-19 09:12:14.107688+00,2026-06-19 20:55:38.136676+00,,,,t
683fae7a-9ea4-489f-884e-61b5a4f2db90,07cc7290-5d3f-421b-a514-b21d6a683494,87026f97-9900-40e1-b4f1-4047cb9b9df1,6496fb6b-7c93-4bc8-bb5e-a666ffdae72e,2026-01-19,11,43.10,144.80,145.80,57.10,,20.56,0.394,27.50,36,166.00,4.30,6.65,3.92,1140.00,"{""imc"": ""Excelente"", ""rce"": ""Razoável"", ""abdo"": ""Bom"", ""flex"": ""Bom"", ""jump"": ""Bom"", ""run6"": ""Razoável"", ""mball"": ""Bom"", ""sprint"": ""Razoável"", ""square"": ""Fraco""}",Aluno demonstra evolução consistente em força e resistência cardiorrespiratória. Recomenda-se manter periodização atual.,,2026-06-19 09:12:14.107688+00,2026-06-19 20:55:38.136676+00,,,,t
096a3745-9781-44e2-a181-727bef671b36,07cc7290-5d3f-421b-a514-b21d6a683494,87026f97-9900-40e1-b4f1-4047cb9b9df1,6496fb6b-7c93-4bc8-bb5e-a666ffdae72e,2026-05-19,12,44.30,145.60,146.60,56.70,,20.90,0.389,29.00,39,172.00,4.60,6.50,3.84,1200.00,"{""imc"": ""Excelente"", ""rce"": ""Razoável"", ""abdo"": ""Muito Bom"", ""flex"": ""Muito Bom"", ""jump"": ""Bom"", ""run6"": ""Razoável"", ""mball"": ""Bom"", ""sprint"": ""Razoável"", ""square"": ""Fraco""}",Composição corporal dentro do esperado para idade. Boa progressão na flexibilidade e potência de membros inferiores.,,2026-06-19 09:12:14.107688+00,2026-06-19 20:55:38.136676+00,,,,t
6f0b45ee-68bb-4420-b2c3-976c71966e06,07cc7290-5d3f-421b-a514-b21d6a683494,3648e4e0-7efc-4ca5-a706-9c6aa087673b,6496fb6b-7c93-4bc8-bb5e-a666ffdae72e,2025-09-19,13,48.20,152.00,154.00,61.50,,20.86,0.405,27.00,34,161.00,4.10,6.85,4.04,1090.00,"{""imc"": ""Excelente"", ""rce"": ""Excelente"", ""abdo"": ""Bom"", ""flex"": ""Fraco"", ""jump"": ""Bom"", ""run6"": ""Razoável"", ""mball"": ""Bom"", ""sprint"": ""Razoável"", ""square"": ""Fraco""}",Aluno demonstra evolução consistente em força e resistência cardiorrespiratória. Recomenda-se manter periodização atual.,,2026-06-19 09:12:14.107688+00,2026-06-19 20:55:38.136676+00,,,,t
2e70bad9-9c7f-4a90-8f1e-a4b8c99f01cf,07cc7290-5d3f-421b-a514-b21d6a683494,3648e4e0-7efc-4ca5-a706-9c6aa087673b,6496fb6b-7c93-4bc8-bb5e-a666ffdae72e,2026-01-19,13,49.40,152.80,154.80,61.10,,21.16,0.400,28.50,37,167.00,4.40,6.70,3.96,1150.00,"{""imc"": ""Excelente"", ""rce"": ""Excelente"", ""abdo"": ""Muito Bom"", ""flex"": ""Razoável"", ""jump"": ""Muito Bom"", ""run6"": ""Razoável"", ""mball"": ""Bom"", ""sprint"": ""Bom"", ""square"": ""Fraco""}",Composição corporal dentro do esperado para idade. Boa progressão na flexibilidade e potência de membros inferiores.,,2026-06-19 09:12:14.107688+00,2026-06-19 20:55:38.136676+00,,,,t
764e7ce3-cb82-4b31-b93e-50cfc183a89e,07cc7290-5d3f-421b-a514-b21d6a683494,3648e4e0-7efc-4ca5-a706-9c6aa087673b,6496fb6b-7c93-4bc8-bb5e-a666ffdae72e,2026-05-19,13,50.60,153.60,155.60,60.70,,21.45,0.395,30.00,40,173.00,4.70,6.55,3.88,1210.00,"{""imc"": ""Excelente"", ""rce"": ""Razoável"", ""abdo"": ""Muito Bom"", ""flex"": ""Razoável"", ""jump"": ""Muito Bom"", ""run6"": ""Bom"", ""mball"": ""Bom"", ""sprint"": ""Bom"", ""square"": ""Razoável""}",Performance acima da média da turma. Indicado encaminhamento para grupo de alto rendimento.,,2026-06-19 09:12:14.107688+00,2026-06-19 20:55:38.136676+00,,,,t
6808bc85-e666-4575-a888-e62c77497e94,07cc7290-5d3f-421b-a514-b21d6a683494,513975dc-b057-44ec-b5c2-e8471a6d28fc,6496fb6b-7c93-4bc8-bb5e-a666ffdae72e,2025-09-19,13,53.00,158.00,156.00,62.50,,21.23,0.396,28.00,30,162.00,3.70,6.90,4.08,1100.00,"{""imc"": ""Excelente"", ""rce"": ""Razoável"", ""abdo"": ""Razoável"", ""flex"": ""Bom"", ""jump"": ""Razoável"", ""run6"": ""Fraco"", ""mball"": ""Fraco"", ""sprint"": ""Fraco"", ""square"": ""Muito Fraco""}",Composição corporal dentro do esperado para idade. Boa progressão na flexibilidade e potência de membros inferiores.,,2026-06-19 09:12:14.107688+00,2026-06-19 20:55:38.136676+00,,,,t
9354971d-d695-4ea2-a16b-c3f374743b1d,07cc7290-5d3f-421b-a514-b21d6a683494,513975dc-b057-44ec-b5c2-e8471a6d28fc,6496fb6b-7c93-4bc8-bb5e-a666ffdae72e,2026-01-19,13,54.20,158.80,156.80,62.10,,21.49,0.391,29.50,33,168.00,4.00,6.75,4.00,1160.00,"{""imc"": ""Excelente"", ""rce"": ""Razoável"", ""abdo"": ""Razoável"", ""flex"": ""Muito Bom"", ""jump"": ""Razoável"", ""run6"": ""Razoável"", ""mball"": ""Razoável"", ""sprint"": ""Fraco"", ""square"": ""Muito Fraco""}",Performance acima da média da turma. Indicado encaminhamento para grupo de alto rendimento.,,2026-06-19 09:12:14.107688+00,2026-06-19 20:55:38.136676+00,,,,t
e3e6ac01-f7ff-420a-aeb8-17f4cb6ec9b1,07cc7290-5d3f-421b-a514-b21d6a683494,513975dc-b057-44ec-b5c2-e8471a6d28fc,6496fb6b-7c93-4bc8-bb5e-a666ffdae72e,2026-05-19,13,55.40,159.60,157.60,61.70,,21.75,0.387,31.00,36,174.00,4.30,6.60,3.92,1220.00,"{""imc"": ""Excelente"", ""rce"": ""Razoável"", ""abdo"": ""Bom"", ""flex"": ""Muito Bom"", ""jump"": ""Bom"", ""run6"": ""Razoável"", ""mball"": ""Razoável"", ""sprint"": ""Razoável"", ""square"": ""Muito Fraco""}",Pequenas oscilações em provas de velocidade — focar trabalho técnico de saída e aceleração.,,2026-06-19 09:12:14.107688+00,2026-06-19 20:55:38.136676+00,,,,t
064d97c3-4e2b-4e50-adf5-9d5c4906c0bd,07cc7290-5d3f-421b-a514-b21d6a683494,a601a1b5-1ad9-45b1-b9b7-257898deedca,6496fb6b-7c93-4bc8-bb5e-a666ffdae72e,2025-09-19,15,57.30,164.00,163.00,66.50,,21.30,0.405,29.00,31,163.00,3.80,6.95,4.12,1110.00,"{""imc"": ""Excelente"", ""rce"": ""Excelente"", ""abdo"": ""Razoável"", ""flex"": ""Fraco"", ""jump"": ""Bom"", ""run6"": ""Razoável"", ""mball"": ""Razoável"", ""sprint"": ""Razoável"", ""square"": ""Fraco""}",Performance acima da média da turma. Indicado encaminhamento para grupo de alto rendimento.,,2026-06-19 09:12:14.107688+00,2026-06-19 20:55:38.136676+00,,,,t
36c340b7-3226-4453-97bb-a057c83132be,07cc7290-5d3f-421b-a514-b21d6a683494,a601a1b5-1ad9-45b1-b9b7-257898deedca,6496fb6b-7c93-4bc8-bb5e-a666ffdae72e,2026-01-19,15,58.50,164.80,163.80,66.10,,21.54,0.401,30.50,34,169.00,4.10,6.80,4.04,1170.00,"{""imc"": ""Excelente"", ""rce"": ""Excelente"", ""abdo"": ""Bom"", ""flex"": ""Razoável"", ""jump"": ""Bom"", ""run6"": ""Bom"", ""mball"": ""Razoável"", ""sprint"": ""Razoável"", ""square"": ""Fraco""}",Pequenas oscilações em provas de velocidade — focar trabalho técnico de saída e aceleração.,,2026-06-19 09:12:14.107688+00,2026-06-19 20:55:38.136676+00,,,,t
b67ebec9-6044-40c6-8039-8d5c92c79803,07cc7290-5d3f-421b-a514-b21d6a683494,a601a1b5-1ad9-45b1-b9b7-257898deedca,6496fb6b-7c93-4bc8-bb5e-a666ffdae72e,2026-05-19,15,59.70,165.60,164.60,65.70,,21.77,0.397,32.00,37,175.00,4.40,6.65,3.96,1230.00,"{""imc"": ""Excelente"", ""rce"": ""Razoável"", ""abdo"": ""Bom"", ""flex"": ""Razoável"", ""jump"": ""Muito Bom"", ""run6"": ""Bom"", ""mball"": ""Bom"", ""sprint"": ""Bom"", ""square"": ""Fraco""}",Indicadores de saúde estáveis. Continuar reforço de treinos funcionais e mobilidade.,,2026-06-19 09:12:14.107688+00,2026-06-19 20:55:38.136676+00,,,,t
cd3dfb77-e364-4798-b473-7ce6a8ee5866,07cc7290-5d3f-421b-a514-b21d6a683494,feea1030-ddc2-49bb-b3e3-75322e70d59f,6496fb6b-7c93-4bc8-bb5e-a666ffdae72e,2025-09-19,15,65.60,172.00,172.00,67.50,,22.17,0.392,26.00,32,156.00,3.90,6.80,4.00,1120.00,"{""imc"": ""Excelente"", ""rce"": ""Razoável"", ""abdo"": ""Fraco"", ""flex"": ""Razoável"", ""jump"": ""Muito Fraco"", ""run6"": ""Fraco"", ""mball"": ""Fraco"", ""sprint"": ""Fraco"", ""square"": ""Muito Fraco""}",Pequenas oscilações em provas de velocidade — focar trabalho técnico de saída e aceleração.,,2026-06-19 09:12:14.107688+00,2026-06-19 20:55:38.136676+00,,,,t
7172c0f6-fe91-4eb2-9e8a-22091d69f3a3,07cc7290-5d3f-421b-a514-b21d6a683494,feea1030-ddc2-49bb-b3e3-75322e70d59f,6496fb6b-7c93-4bc8-bb5e-a666ffdae72e,2026-01-19,15,66.80,172.80,172.80,67.10,,22.37,0.388,27.50,35,162.00,4.20,6.65,3.92,1180.00,"{""imc"": ""Excelente"", ""rce"": ""Razoável"", ""abdo"": ""Razoável"", ""flex"": ""Bom"", ""jump"": ""Fraco"", ""run6"": ""Fraco"", ""mball"": ""Fraco"", ""sprint"": ""Fraco"", ""square"": ""Muito Fraco""}",Indicadores de saúde estáveis. Continuar reforço de treinos funcionais e mobilidade.,,2026-06-19 09:12:14.107688+00,2026-06-19 20:55:38.136676+00,,,,t
4e5f82bd-8f7a-4485-96c8-898f74eb0d30,07cc7290-5d3f-421b-a514-b21d6a683494,feea1030-ddc2-49bb-b3e3-75322e70d59f,6496fb6b-7c93-4bc8-bb5e-a666ffdae72e,2026-05-19,15,68.00,173.60,173.60,66.70,,22.56,0.384,29.00,38,168.00,4.50,6.50,3.84,1240.00,"{""imc"": ""Razoável"", ""rce"": ""Razoável"", ""abdo"": ""Razoável"", ""flex"": ""Bom"", ""jump"": ""Fraco"", ""run6"": ""Razoável"", ""mball"": ""Fraco"", ""sprint"": ""Fraco"", ""square"": ""Muito Fraco""}",Boa adesão ao programa. Sugere-se ampliar volume de corrida contínua para melhorar VO2.,,2026-06-19 09:12:14.107688+00,2026-06-19 20:55:38.136676+00,,,,t
2b8c86f2-e682-4106-be21-bfca0b60c535,07cc7290-5d3f-421b-a514-b21d6a683494,6b123027-fb5d-4961-a807-ba6aa376d7cb,6496fb6b-7c93-4bc8-bb5e-a666ffdae72e,2025-09-19,16,58.90,176.00,177.00,71.50,,19.01,0.406,27.00,33,157.00,4.00,6.85,4.04,1040.00,"{""imc"": ""Excelente"", ""rce"": ""Excelente"", ""abdo"": ""Bom"", ""flex"": ""Fraco"", ""jump"": ""Razoável"", ""run6"": ""Razoável"", ""mball"": ""Razoável"", ""sprint"": ""Razoável"", ""square"": ""Fraco""}",Indicadores de saúde estáveis. Continuar reforço de treinos funcionais e mobilidade.,,2026-06-19 09:12:14.107688+00,2026-06-19 20:55:38.136676+00,,,,t
4e4f5ae8-2958-4dd9-b081-e613f2c6cbd1,07cc7290-5d3f-421b-a514-b21d6a683494,6b123027-fb5d-4961-a807-ba6aa376d7cb,6496fb6b-7c93-4bc8-bb5e-a666ffdae72e,2026-01-19,17,60.10,176.80,177.80,71.10,,19.23,0.402,28.50,36,163.00,4.30,6.70,3.96,1100.00,"{""imc"": ""Excelente"", ""rce"": ""Excelente"", ""abdo"": ""Bom"", ""flex"": ""Fraco"", ""jump"": ""Bom"", ""run6"": ""Razoável"", ""mball"": ""Razoável"", ""sprint"": ""Bom"", ""square"": ""Fraco""}",Boa adesão ao programa. Sugere-se ampliar volume de corrida contínua para melhorar VO2.,,2026-06-19 09:12:14.107688+00,2026-06-19 20:55:38.136676+00,,,,t
f553ac13-f266-4761-a61b-06b2ebd45ba3,07cc7290-5d3f-421b-a514-b21d6a683494,6b123027-fb5d-4961-a807-ba6aa376d7cb,6496fb6b-7c93-4bc8-bb5e-a666ffdae72e,2026-05-19,17,61.30,177.60,178.60,70.70,,19.43,0.398,30.00,39,169.00,4.60,6.55,3.88,1160.00,"{""imc"": ""Excelente"", ""rce"": ""Razoável"", ""abdo"": ""Bom"", ""flex"": ""Fraco"", ""jump"": ""Bom"", ""run6"": ""Bom"", ""mball"": ""Bom"", ""sprint"": ""Bom"", ""square"": ""Fraco""}",Atenção ao IMC: orientar família sobre hábitos alimentares e manter monitoramento trimestral.,,2026-06-19 09:12:14.107688+00,2026-06-19 20:55:38.136676+00,,,,t
56b9a672-35f0-4887-942f-0fdbb0b207a8,07cc7290-5d3f-421b-a514-b21d6a683494,bd1f8e07-2126-4347-a0c9-951bc56c5ba4,6496fb6b-7c93-4bc8-bb5e-a666ffdae72e,2025-09-19,9,34.20,137.00,139.00,55.00,,18.22,0.401,28.00,34,158.00,4.10,6.90,4.08,1050.00,"{""imc"": ""Excelente"", ""rce"": ""Excelente"", ""abdo"": ""Muito Bom"", ""flex"": ""Muito Bom"", ""jump"": ""Muito Bom"", ""run6"": ""Razoável"", ""mball"": ""Muito Bom"", ""sprint"": ""Bom"", ""square"": ""Fraco""}",Boa adesão ao programa. Sugere-se ampliar volume de corrida contínua para melhorar VO2.,,2026-06-19 09:12:14.107688+00,2026-06-19 20:55:38.136676+00,,,,t
ea89a140-b95e-4169-8193-3c90104aaf60,07cc7290-5d3f-421b-a514-b21d6a683494,bd1f8e07-2126-4347-a0c9-951bc56c5ba4,6496fb6b-7c93-4bc8-bb5e-a666ffdae72e,2026-01-19,10,35.40,137.80,139.80,54.60,,18.64,0.396,29.50,37,164.00,4.40,6.75,4.00,1110.00,"{""imc"": ""Excelente"", ""rce"": ""Razoável"", ""abdo"": ""Muito Bom"", ""flex"": ""Muito Bom"", ""jump"": ""Bom"", ""run6"": ""Bom"", ""mball"": ""Muito Bom"", ""sprint"": ""Razoável"", ""square"": ""Fraco""}",Atenção ao IMC: orientar família sobre hábitos alimentares e manter monitoramento trimestral.,,2026-06-19 09:12:14.107688+00,2026-06-19 20:55:38.136676+00,,,,t
2614c6b9-d57b-4f4f-afca-6d80b74fcbf2,07cc7290-5d3f-421b-a514-b21d6a683494,bd1f8e07-2126-4347-a0c9-951bc56c5ba4,6496fb6b-7c93-4bc8-bb5e-a666ffdae72e,2026-05-19,10,36.60,138.60,140.60,54.20,,19.05,0.391,31.00,40,170.00,4.70,6.60,3.92,1170.00,"{""imc"": ""Excelente"", ""rce"": ""Razoável"", ""abdo"": ""Muito Bom"", ""flex"": ""Muito Bom"", ""jump"": ""Muito Bom"", ""run6"": ""Bom"", ""mball"": ""Muito Bom"", ""sprint"": ""Bom"", ""square"": ""Razoável""}",Evolução excelente em potência de membros superiores (medicine ball). Manter treino com cargas progressivas.,,2026-06-19 09:12:14.107688+00,2026-06-19 20:55:38.136676+00,,,,t
3e254e91-f5ff-491a-b7a9-ae6f986b6b7c,07cc7290-5d3f-421b-a514-b21d6a683494,c864f611-95de-4ab4-9834-c3cf695131b9,6496fb6b-7c93-4bc8-bb5e-a666ffdae72e,2025-09-19,10,36.00,141.00,139.00,57.50,,18.11,0.408,27.00,26,147.00,3.30,7.35,4.32,980.00,"{""imc"": ""Excelente"", ""rce"": ""Excelente"", ""abdo"": ""Razoável"", ""flex"": ""Razoável"", ""jump"": ""Bom"", ""run6"": ""Razoável"", ""mball"": ""Bom"", ""sprint"": ""Razoável"", ""square"": ""Fraco""}",Atenção ao IMC: orientar família sobre hábitos alimentares e manter monitoramento trimestral.,,2026-06-19 09:12:14.107688+00,2026-06-19 20:55:38.136676+00,,,,t
121bd2c8-8849-49b6-b2d9-a7779a1a27b0,07cc7290-5d3f-421b-a514-b21d6a683494,c864f611-95de-4ab4-9834-c3cf695131b9,6496fb6b-7c93-4bc8-bb5e-a666ffdae72e,2026-01-19,11,37.20,141.80,139.80,57.10,,18.50,0.403,28.50,29,153.00,3.60,7.20,4.24,1040.00,"{""imc"": ""Excelente"", ""rce"": ""Excelente"", ""abdo"": ""Bom"", ""flex"": ""Razoável"", ""jump"": ""Bom"", ""run6"": ""Razoável"", ""mball"": ""Bom"", ""sprint"": ""Razoável"", ""square"": ""Fraco""}",Evolução excelente em potência de membros superiores (medicine ball). Manter treino com cargas progressivas.,,2026-06-19 09:12:14.107688+00,2026-06-19 20:55:38.136676+00,,,,t
d9a5da61-1da2-4d00-88e2-108b849d3a7b,07cc7290-5d3f-421b-a514-b21d6a683494,c864f611-95de-4ab4-9834-c3cf695131b9,6496fb6b-7c93-4bc8-bb5e-a666ffdae72e,2026-05-19,11,38.40,142.60,140.60,56.70,,18.88,0.398,30.00,32,159.00,3.90,7.05,4.16,1100.00,"{""imc"": ""Excelente"", ""rce"": ""Razoável"", ""abdo"": ""Bom"", ""flex"": ""Razoável"", ""jump"": ""Muito Bom"", ""run6"": ""Razoável"", ""mball"": ""Bom"", ""sprint"": ""Bom"", ""square"": ""Fraco""}",Resultados em flexibilidade abaixo da meta — incluir rotina de alongamento ativo nas aulas.,,2026-06-19 09:12:14.107688+00,2026-06-19 20:55:38.136676+00,,,,t
8c18a73d-d89b-45c6-b852-ae310bd49ff3,07cc7290-5d3f-421b-a514-b21d6a683494,7eb56b5d-22d7-4828-90bb-9308cbf9fe63,6496fb6b-7c93-4bc8-bb5e-a666ffdae72e,2025-09-19,11,40.30,145.00,144.00,58.50,,19.17,0.403,24.00,27,148.00,3.40,7.20,4.20,990.00,"{""imc"": ""Excelente"", ""rce"": ""Excelente"", ""abdo"": ""Razoável"", ""flex"": ""Bom"", ""jump"": ""Razoável"", ""run6"": ""Fraco"", ""mball"": ""Razoável"", ""sprint"": ""Fraco"", ""square"": ""Muito Fraco""}",Evolução excelente em potência de membros superiores (medicine ball). Manter treino com cargas progressivas.,,2026-06-19 09:12:14.107688+00,2026-06-19 20:55:38.136676+00,,,,t
ba2a17e7-a8a4-4f77-ad86-3cbc55b102fe,07cc7290-5d3f-421b-a514-b21d6a683494,7eb56b5d-22d7-4828-90bb-9308cbf9fe63,6496fb6b-7c93-4bc8-bb5e-a666ffdae72e,2026-01-19,11,41.50,145.80,144.80,58.10,,19.52,0.398,25.50,30,154.00,3.70,7.05,4.12,1050.00,"{""imc"": ""Excelente"", ""rce"": ""Razoável"", ""abdo"": ""Razoável"", ""flex"": ""Bom"", ""jump"": ""Razoável"", ""run6"": ""Razoável"", ""mball"": ""Razoável"", ""sprint"": ""Razoável"", ""square"": ""Muito Fraco""}",Resultados em flexibilidade abaixo da meta — incluir rotina de alongamento ativo nas aulas.,,2026-06-19 09:12:14.107688+00,2026-06-19 20:55:38.136676+00,,,,t
5b41dce2-46a8-4bfc-b8fc-4db32d6d1c16,07cc7290-5d3f-421b-a514-b21d6a683494,7eb56b5d-22d7-4828-90bb-9308cbf9fe63,6496fb6b-7c93-4bc8-bb5e-a666ffdae72e,2026-05-19,12,42.70,146.60,145.60,57.70,,19.87,0.394,27.00,33,160.00,4.00,6.90,4.04,1110.00,"{""imc"": ""Excelente"", ""rce"": ""Razoável"", ""abdo"": ""Bom"", ""flex"": ""Bom"", ""jump"": ""Razoável"", ""run6"": ""Razoável"", ""mball"": ""Razoável"", ""sprint"": ""Razoável"", ""square"": ""Muito Fraco""}",Perfil de baixo risco. Recomenda-se participação em modalidades coletivas para socialização.,,2026-06-19 09:12:14.107688+00,2026-06-19 20:55:38.136676+00,,,,t
df60fd6f-9631-494d-b702-07305cc57ffd,07cc7290-5d3f-421b-a514-b21d6a683494,80a7108b-98e2-45a0-8fcf-554608ac4c56,6496fb6b-7c93-4bc8-bb5e-a666ffdae72e,2025-09-19,12,42.60,148.00,148.00,61.00,,19.45,0.412,25.00,28,149.00,3.50,7.25,4.24,1000.00,"{""imc"": ""Excelente"", ""rce"": ""Excelente"", ""abdo"": ""Razoável"", ""flex"": ""Fraco"", ""jump"": ""Bom"", ""run6"": ""Fraco"", ""mball"": ""Razoável"", ""sprint"": ""Razoável"", ""square"": ""Fraco""}",Resultados em flexibilidade abaixo da meta — incluir rotina de alongamento ativo nas aulas.,,2026-06-19 09:12:14.107688+00,2026-06-19 20:55:38.136676+00,,,,t
cdd22f1c-efd5-4e56-844e-ab78c6e6e267,07cc7290-5d3f-421b-a514-b21d6a683494,80a7108b-98e2-45a0-8fcf-554608ac4c56,6496fb6b-7c93-4bc8-bb5e-a666ffdae72e,2026-01-19,12,43.80,148.80,148.80,60.60,,19.78,0.407,26.50,31,155.00,3.80,7.10,4.16,1060.00,"{""imc"": ""Excelente"", ""rce"": ""Excelente"", ""abdo"": ""Bom"", ""flex"": ""Razoável"", ""jump"": ""Bom"", ""run6"": ""Razoável"", ""mball"": ""Bom"", ""sprint"": ""Razoável"", ""square"": ""Fraco""}",Perfil de baixo risco. Recomenda-se participação em modalidades coletivas para socialização.,,2026-06-19 09:12:14.107688+00,2026-06-19 20:55:38.136676+00,,,,t
32f89e5b-791f-4bde-ada5-eb4ec0a998da,07cc7290-5d3f-421b-a514-b21d6a683494,80a7108b-98e2-45a0-8fcf-554608ac4c56,6496fb6b-7c93-4bc8-bb5e-a666ffdae72e,2026-05-19,13,45.00,149.60,149.60,60.20,,20.11,0.402,28.00,34,161.00,4.10,6.95,4.08,1120.00,"{""imc"": ""Excelente"", ""rce"": ""Excelente"", ""abdo"": ""Bom"", ""flex"": ""Razoável"", ""jump"": ""Bom"", ""run6"": ""Razoável"", ""mball"": ""Bom"", ""sprint"": ""Razoável"", ""square"": ""Fraco""}",Aluno demonstra evolução consistente em força e resistência cardiorrespiratória. Recomenda-se manter periodização atual.,,2026-06-19 09:12:14.107688+00,2026-06-19 20:55:38.136676+00,,,,t
2f4353d2-dbe8-43f1-abe8-75a75d5ad117,07cc7290-5d3f-421b-a514-b21d6a683494,beb9980b-c42f-48a0-8d58-d6b755b74969,6496fb6b-7c93-4bc8-bb5e-a666ffdae72e,2025-09-19,12,47.90,153.00,154.00,62.00,,20.46,0.405,26.00,29,150.00,3.60,7.30,4.28,1010.00,"{""imc"": ""Excelente"", ""rce"": ""Excelente"", ""abdo"": ""Razoável"", ""flex"": ""Bom"", ""jump"": ""Razoável"", ""run6"": ""Fraco"", ""mball"": ""Fraco"", ""sprint"": ""Fraco"", ""square"": ""Muito Fraco""}",Perfil de baixo risco. Recomenda-se participação em modalidades coletivas para socialização.,,2026-06-19 09:12:14.107688+00,2026-06-19 20:55:38.136676+00,,,,t
3fa3ef1c-d015-4707-980f-e3225eb8a852,07cc7290-5d3f-421b-a514-b21d6a683494,beb9980b-c42f-48a0-8d58-d6b755b74969,6496fb6b-7c93-4bc8-bb5e-a666ffdae72e,2026-01-19,12,49.10,153.80,154.80,61.60,,20.76,0.401,27.50,32,156.00,3.90,7.15,4.20,1070.00,"{""imc"": ""Excelente"", ""rce"": ""Excelente"", ""abdo"": ""Razoável"", ""flex"": ""Bom"", ""jump"": ""Razoável"", ""run6"": ""Razoável"", ""mball"": ""Razoável"", ""sprint"": ""Fraco"", ""square"": ""Muito Fraco""}",Aluno demonstra evolução consistente em força e resistência cardiorrespiratória. Recomenda-se manter periodização atual.,,2026-06-19 09:12:14.107688+00,2026-06-19 20:55:38.136676+00,,,,t
fd42de8f-143b-4697-ae7d-6430f39a323e,07cc7290-5d3f-421b-a514-b21d6a683494,beb9980b-c42f-48a0-8d58-d6b755b74969,6496fb6b-7c93-4bc8-bb5e-a666ffdae72e,2026-05-19,13,50.30,154.60,155.60,61.20,,21.05,0.396,29.00,35,162.00,4.20,7.00,4.12,1130.00,"{""imc"": ""Excelente"", ""rce"": ""Razoável"", ""abdo"": ""Bom"", ""flex"": ""Bom"", ""jump"": ""Razoável"", ""run6"": ""Razoável"", ""mball"": ""Razoável"", ""sprint"": ""Fraco"", ""square"": ""Muito Fraco""}",Composição corporal dentro do esperado para idade. Boa progressão na flexibilidade e potência de membros inferiores.,,2026-06-19 09:12:14.107688+00,2026-06-19 20:55:38.136676+00,,,,t
ac20dac0-8d75-49ba-a32d-5a338ca9246c,07cc7290-5d3f-421b-a514-b21d6a683494,cd601d0b-65c7-436c-ae8b-b84d3968fa93,6496fb6b-7c93-4bc8-bb5e-a666ffdae72e,2025-09-19,14,53.20,160.00,162.00,66.00,,20.78,0.413,27.00,30,151.00,3.70,7.35,4.32,1020.00,"{""imc"": ""Excelente"", ""rce"": ""Excelente"", ""abdo"": ""Razoável"", ""flex"": ""Fraco"", ""jump"": ""Razoável"", ""run6"": ""Razoável"", ""mball"": ""Razoável"", ""sprint"": ""Fraco"", ""square"": ""Muito Fraco""}",Aluno demonstra evolução consistente em força e resistência cardiorrespiratória. Recomenda-se manter periodização atual.,,2026-06-19 09:12:14.107688+00,2026-06-19 20:55:38.136676+00,,,,t
85826ddd-a63a-46f9-916a-a3e8237c1596,07cc7290-5d3f-421b-a514-b21d6a683494,cd601d0b-65c7-436c-ae8b-b84d3968fa93,6496fb6b-7c93-4bc8-bb5e-a666ffdae72e,2026-01-19,14,54.40,160.80,162.80,65.60,,21.04,0.408,28.50,33,157.00,4.00,7.20,4.24,1080.00,"{""imc"": ""Excelente"", ""rce"": ""Excelente"", ""abdo"": ""Bom"", ""flex"": ""Razoável"", ""jump"": ""Bom"", ""run6"": ""Razoável"", ""mball"": ""Razoável"", ""sprint"": ""Razoável"", ""square"": ""Muito Fraco""}",Composição corporal dentro do esperado para idade. Boa progressão na flexibilidade e potência de membros inferiores.,,2026-06-19 09:12:14.107688+00,2026-06-19 20:55:38.136676+00,,,,t
eccaf039-9e71-4e85-af3f-89ee7eb9a9e5,07cc7290-5d3f-421b-a514-b21d6a683494,cd601d0b-65c7-436c-ae8b-b84d3968fa93,6496fb6b-7c93-4bc8-bb5e-a666ffdae72e,2026-05-19,15,55.60,161.60,163.60,65.20,,21.29,0.403,30.00,36,163.00,4.30,7.05,4.16,1140.00,"{""imc"": ""Excelente"", ""rce"": ""Excelente"", ""abdo"": ""Bom"", ""flex"": ""Razoável"", ""jump"": ""Bom"", ""run6"": ""Razoável"", ""mball"": ""Razoável"", ""sprint"": ""Razoável"", ""square"": ""Muito Fraco""}",Performance acima da média da turma. Indicado encaminhamento para grupo de alto rendimento.,,2026-06-19 09:12:14.107688+00,2026-06-19 20:55:38.136676+00,,,,t
915dc10e-9f7b-437d-9ae4-5ca461f59e34,07cc7290-5d3f-421b-a514-b21d6a683494,7df71955-e4e9-4b60-aa28-4cfb48fbd812,6496fb6b-7c93-4bc8-bb5e-a666ffdae72e,2025-09-19,14,59.00,167.00,165.00,67.00,,21.16,0.401,24.00,26,144.00,3.30,7.20,4.20,1030.00,"{""imc"": ""Excelente"", ""rce"": ""Excelente"", ""abdo"": ""Fraco"", ""flex"": ""Razoável"", ""jump"": ""Muito Fraco"", ""run6"": ""Fraco"", ""mball"": ""Muito Fraco"", ""sprint"": ""Muito Fraco"", ""square"": ""Muito Fraco""}",Composição corporal dentro do esperado para idade. Boa progressão na flexibilidade e potência de membros inferiores.,,2026-06-19 09:12:14.107688+00,2026-06-19 20:55:38.136676+00,,,,t
4057af10-bd64-4b86-9a4e-5eceb18ad045,07cc7290-5d3f-421b-a514-b21d6a683494,7df71955-e4e9-4b60-aa28-4cfb48fbd812,6496fb6b-7c93-4bc8-bb5e-a666ffdae72e,2026-01-19,14,60.20,167.80,165.80,66.60,,21.38,0.397,25.50,29,150.00,3.60,7.05,4.12,1090.00,"{""imc"": ""Excelente"", ""rce"": ""Razoável"", ""abdo"": ""Fraco"", ""flex"": ""Bom"", ""jump"": ""Muito Fraco"", ""run6"": ""Fraco"", ""mball"": ""Fraco"", ""sprint"": ""Fraco"", ""square"": ""Muito Fraco""}",Performance acima da média da turma. Indicado encaminhamento para grupo de alto rendimento.,,2026-06-19 09:12:14.107688+00,2026-06-19 20:55:38.136676+00,,,,t
86e2117e-122d-49bd-a5fc-40d5c41f4df3,07cc7290-5d3f-421b-a514-b21d6a683494,7df71955-e4e9-4b60-aa28-4cfb48fbd812,6496fb6b-7c93-4bc8-bb5e-a666ffdae72e,2026-05-19,14,61.40,168.60,166.60,66.20,,21.60,0.393,27.00,32,156.00,3.90,6.90,4.04,1150.00,"{""imc"": ""Excelente"", ""rce"": ""Razoável"", ""abdo"": ""Razoável"", ""flex"": ""Bom"", ""jump"": ""Fraco"", ""run6"": ""Fraco"", ""mball"": ""Fraco"", ""sprint"": ""Fraco"", ""square"": ""Muito Fraco""}",Pequenas oscilações em provas de velocidade — focar trabalho técnico de saída e aceleração.,,2026-06-19 09:12:14.107688+00,2026-06-19 20:55:38.136676+00,,,,t
7f7f712f-4d9a-47fe-be07-d1fc92ad2b5a,07cc7290-5d3f-421b-a514-b21d6a683494,0726f6a5-aad2-4a25-af9b-c554ad67cd2a,6496fb6b-7c93-4bc8-bb5e-a666ffdae72e,2025-09-19,16,62.30,165.00,164.00,64.00,,22.88,0.388,25.00,27,145.00,3.40,7.25,4.24,1040.00,"{""imc"": ""Razoável"", ""rce"": ""Razoável"", ""abdo"": ""Razoável"", ""flex"": ""Muito Fraco"", ""jump"": ""Fraco"", ""run6"": ""Razoável"", ""mball"": ""Fraco"", ""sprint"": ""Razoável"", ""square"": ""Muito Fraco""}",Performance acima da média da turma. Indicado encaminhamento para grupo de alto rendimento.,,2026-06-19 09:12:14.107688+00,2026-06-19 20:55:38.136676+00,,,,t
f06ffa8a-f74a-4fa3-a06d-ae98d92015bd,07cc7290-5d3f-421b-a514-b21d6a683494,0726f6a5-aad2-4a25-af9b-c554ad67cd2a,6496fb6b-7c93-4bc8-bb5e-a666ffdae72e,2026-01-19,16,63.50,165.80,164.80,63.60,,23.10,0.384,26.50,30,151.00,3.70,7.10,4.16,1100.00,"{""imc"": ""Razoável"", ""rce"": ""Razoável"", ""abdo"": ""Razoável"", ""flex"": ""Fraco"", ""jump"": ""Razoável"", ""run6"": ""Razoável"", ""mball"": ""Razoável"", ""sprint"": ""Razoável"", ""square"": ""Muito Fraco""}",Pequenas oscilações em provas de velocidade — focar trabalho técnico de saída e aceleração.,,2026-06-19 09:12:14.107688+00,2026-06-19 20:55:38.136676+00,,,,t
0c41b1ac-7d36-45f2-97da-0edc96a9a6c4,07cc7290-5d3f-421b-a514-b21d6a683494,0726f6a5-aad2-4a25-af9b-c554ad67cd2a,6496fb6b-7c93-4bc8-bb5e-a666ffdae72e,2026-05-19,16,64.70,166.60,165.60,63.20,,23.31,0.379,28.00,33,157.00,4.00,6.95,4.08,1160.00,"{""imc"": ""Razoável"", ""rce"": ""Razoável"", ""abdo"": ""Bom"", ""flex"": ""Fraco"", ""jump"": ""Razoável"", ""run6"": ""Bom"", ""mball"": ""Razoável"", ""sprint"": ""Razoável"", ""square"": ""Muito Fraco""}",Indicadores de saúde estáveis. Continuar reforço de treinos funcionais e mobilidade.,,2026-06-19 09:12:14.107688+00,2026-06-19 20:55:38.136676+00,,,,t
596b4807-80c1-40a1-ae9e-4d86d5de7369,07cc7290-5d3f-421b-a514-b21d6a683494,bbaaecc7-e412-4b73-a2e5-9d03893b5fa3,6496fb6b-7c93-4bc8-bb5e-a666ffdae72e,2025-09-19,16,62.60,174.00,174.00,65.00,,20.68,0.374,26.00,28,146.00,3.50,7.30,4.28,960.00,"{""imc"": ""Excelente"", ""rce"": ""Razoável"", ""abdo"": ""Muito Fraco"", ""flex"": ""Razoável"", ""jump"": ""Muito Fraco"", ""run6"": ""Muito Fraco"", ""mball"": ""Muito Fraco"", ""sprint"": ""Muito Fraco"", ""square"": ""Muito Fraco""}",Pequenas oscilações em provas de velocidade — focar trabalho técnico de saída e aceleração.,,2026-06-19 09:12:14.107688+00,2026-06-19 20:55:38.136676+00,,,,t
0918ced2-c6df-4091-ad89-9d3584d9b6f2,07cc7290-5d3f-421b-a514-b21d6a683494,bbaaecc7-e412-4b73-a2e5-9d03893b5fa3,6496fb6b-7c93-4bc8-bb5e-a666ffdae72e,2026-01-19,16,63.80,174.80,174.80,64.60,,20.88,0.370,27.50,31,152.00,3.80,7.15,4.20,1020.00,"{""imc"": ""Excelente"", ""rce"": ""Razoável"", ""abdo"": ""Fraco"", ""flex"": ""Razoável"", ""jump"": ""Muito Fraco"", ""run6"": ""Muito Fraco"", ""mball"": ""Muito Fraco"", ""sprint"": ""Muito Fraco"", ""square"": ""Muito Fraco""}",Indicadores de saúde estáveis. Continuar reforço de treinos funcionais e mobilidade.,,2026-06-19 09:12:14.107688+00,2026-06-19 20:55:38.136676+00,,,,t
6b83e3d9-18f4-4fef-ac87-4608de5a615e,07cc7290-5d3f-421b-a514-b21d6a683494,bbaaecc7-e412-4b73-a2e5-9d03893b5fa3,6496fb6b-7c93-4bc8-bb5e-a666ffdae72e,2026-05-19,16,65.00,175.60,175.60,64.20,,21.08,0.366,29.00,34,158.00,4.10,7.00,4.12,1080.00,"{""imc"": ""Excelente"", ""rce"": ""Razoável"", ""abdo"": ""Fraco"", ""flex"": ""Razoável"", ""jump"": ""Muito Fraco"", ""run6"": ""Muito Fraco"", ""mball"": ""Fraco"", ""sprint"": ""Muito Fraco"", ""square"": ""Muito Fraco""}",Boa adesão ao programa. Sugere-se ampliar volume de corrida contínua para melhorar VO2.,,2026-06-19 09:12:14.107688+00,2026-06-19 20:55:38.136676+00,,,,t
29ae8bea-0ac6-4a03-af43-816ac72f3765,07cc7290-5d3f-421b-a514-b21d6a683494,e95b7ffe-a9ad-45fa-ae00-c5296139dc33,6496fb6b-7c93-4bc8-bb5e-a666ffdae72e,2025-09-19,11,35.90,142.00,143.00,58.50,,17.80,0.412,27.00,29,147.00,3.60,7.35,4.32,970.00,"{""imc"": ""Excelente"", ""rce"": ""Excelente"", ""abdo"": ""Bom"", ""flex"": ""Razoável"", ""jump"": ""Bom"", ""run6"": ""Razoável"", ""mball"": ""Bom"", ""sprint"": ""Razoável"", ""square"": ""Fraco""}",Indicadores de saúde estáveis. Continuar reforço de treinos funcionais e mobilidade.,,2026-06-19 09:12:14.107688+00,2026-06-19 20:55:38.136676+00,,,,t
5d367262-1d20-436f-84f7-bba2c761898a,07cc7290-5d3f-421b-a514-b21d6a683494,e95b7ffe-a9ad-45fa-ae00-c5296139dc33,6496fb6b-7c93-4bc8-bb5e-a666ffdae72e,2026-01-19,11,37.10,142.80,143.80,58.10,,18.19,0.407,28.50,32,153.00,3.90,7.20,4.24,1030.00,"{""imc"": ""Excelente"", ""rce"": ""Excelente"", ""abdo"": ""Bom"", ""flex"": ""Razoável"", ""jump"": ""Bom"", ""run6"": ""Razoável"", ""mball"": ""Bom"", ""sprint"": ""Razoável"", ""square"": ""Fraco""}",Boa adesão ao programa. Sugere-se ampliar volume de corrida contínua para melhorar VO2.,,2026-06-19 09:12:14.107688+00,2026-06-19 20:55:38.136676+00,,,,t
4ae47cf4-b78e-4888-b2ff-bd63a7d31764,07cc7290-5d3f-421b-a514-b21d6a683494,e95b7ffe-a9ad-45fa-ae00-c5296139dc33,6496fb6b-7c93-4bc8-bb5e-a666ffdae72e,2026-05-19,11,38.30,143.60,144.60,57.70,,18.57,0.402,30.00,35,159.00,4.20,7.05,4.16,1090.00,"{""imc"": ""Excelente"", ""rce"": ""Excelente"", ""abdo"": ""Muito Bom"", ""flex"": ""Razoável"", ""jump"": ""Muito Bom"", ""run6"": ""Razoável"", ""mball"": ""Bom"", ""sprint"": ""Bom"", ""square"": ""Fraco""}",Atenção ao IMC: orientar família sobre hábitos alimentares e manter monitoramento trimestral.,,2026-06-19 09:12:14.107688+00,2026-06-19 20:55:38.136676+00,,,,t
37fc78b3-2b3a-45e6-90b7-93bdc27b2c78,07cc7290-5d3f-421b-a514-b21d6a683494,db417ab2-ad9e-46fd-b99d-ca42fb9cff78,6496fb6b-7c93-4bc8-bb5e-a666ffdae72e,2025-09-19,10,35.20,140.00,142.00,58.00,,17.96,0.414,24.00,30,148.00,3.70,7.20,4.20,980.00,"{""imc"": ""Excelente"", ""rce"": ""Excelente"", ""abdo"": ""Bom"", ""flex"": ""Bom"", ""jump"": ""Razoável"", ""run6"": ""Razoável"", ""mball"": ""Razoável"", ""sprint"": ""Razoável"", ""square"": ""Muito Fraco""}",Boa adesão ao programa. Sugere-se ampliar volume de corrida contínua para melhorar VO2.,,2026-06-19 09:12:14.107688+00,2026-06-19 20:55:38.136676+00,,,,t
2d2a64b8-431c-4138-83c2-3e35039ba369,07cc7290-5d3f-421b-a514-b21d6a683494,db417ab2-ad9e-46fd-b99d-ca42fb9cff78,6496fb6b-7c93-4bc8-bb5e-a666ffdae72e,2026-01-19,10,36.40,140.80,142.80,57.60,,18.36,0.409,25.50,33,154.00,4.00,7.05,4.12,1040.00,"{""imc"": ""Excelente"", ""rce"": ""Excelente"", ""abdo"": ""Bom"", ""flex"": ""Bom"", ""jump"": ""Bom"", ""run6"": ""Razoável"", ""mball"": ""Bom"", ""sprint"": ""Razoável"", ""square"": ""Fraco""}",Atenção ao IMC: orientar família sobre hábitos alimentares e manter monitoramento trimestral.,,2026-06-19 09:12:14.107688+00,2026-06-19 20:55:38.136676+00,,,,t
37443b44-2b14-4611-a537-87e96c310a24,07cc7290-5d3f-421b-a514-b21d6a683494,db417ab2-ad9e-46fd-b99d-ca42fb9cff78,6496fb6b-7c93-4bc8-bb5e-a666ffdae72e,2026-05-19,10,37.60,141.60,143.60,57.20,,18.75,0.404,27.00,36,160.00,4.30,6.90,4.04,1100.00,"{""imc"": ""Excelente"", ""rce"": ""Excelente"", ""abdo"": ""Muito Bom"", ""flex"": ""Bom"", ""jump"": ""Bom"", ""run6"": ""Razoável"", ""mball"": ""Bom"", ""sprint"": ""Razoável"", ""square"": ""Fraco""}",Evolução excelente em potência de membros superiores (medicine ball). Manter treino com cargas progressivas.,,2026-06-19 09:12:14.107688+00,2026-06-19 20:55:38.136676+00,,,,t
d800cb6d-0cc0-4290-aba7-096c4023d98f,07cc7290-5d3f-421b-a514-b21d6a683494,e091bac6-49cd-4e04-a5ec-aefff4c89a53,6496fb6b-7c93-4bc8-bb5e-a666ffdae72e,2025-09-19,11,41.00,149.00,147.00,62.00,,18.47,0.416,25.00,26,149.00,3.30,7.25,4.24,990.00,"{""imc"": ""Excelente"", ""rce"": ""Excelente"", ""abdo"": ""Razoável"", ""flex"": ""Fraco"", ""jump"": ""Bom"", ""run6"": ""Razoável"", ""mball"": ""Razoável"", ""sprint"": ""Razoável"", ""square"": ""Fraco""}",Atenção ao IMC: orientar família sobre hábitos alimentares e manter monitoramento trimestral.,,2026-06-19 09:12:14.107688+00,2026-06-19 20:55:38.136676+00,,,,t
bee8ff91-aab3-4575-9b6f-a276a672d263,07cc7290-5d3f-421b-a514-b21d6a683494,e091bac6-49cd-4e04-a5ec-aefff4c89a53,6496fb6b-7c93-4bc8-bb5e-a666ffdae72e,2026-01-19,12,42.20,149.80,147.80,61.60,,18.81,0.411,26.50,29,155.00,3.60,7.10,4.16,1050.00,"{""imc"": ""Excelente"", ""rce"": ""Excelente"", ""abdo"": ""Razoável"", ""flex"": ""Razoável"", ""jump"": ""Bom"", ""run6"": ""Razoável"", ""mball"": ""Razoável"", ""sprint"": ""Razoável"", ""square"": ""Fraco""}",Evolução excelente em potência de membros superiores (medicine ball). Manter treino com cargas progressivas.,,2026-06-19 09:12:14.107688+00,2026-06-19 20:55:38.136676+00,,,,t
02e2d14d-8a0a-4c41-97f6-9dbdba461d52,07cc7290-5d3f-421b-a514-b21d6a683494,e091bac6-49cd-4e04-a5ec-aefff4c89a53,6496fb6b-7c93-4bc8-bb5e-a666ffdae72e,2026-05-19,12,43.40,150.60,148.60,61.20,,19.14,0.406,28.00,32,161.00,3.90,6.95,4.08,1110.00,"{""imc"": ""Excelente"", ""rce"": ""Excelente"", ""abdo"": ""Bom"", ""flex"": ""Razoável"", ""jump"": ""Muito Bom"", ""run6"": ""Razoável"", ""mball"": ""Bom"", ""sprint"": ""Bom"", ""square"": ""Fraco""}",Resultados em flexibilidade abaixo da meta — incluir rotina de alongamento ativo nas aulas.,,2026-06-19 09:12:14.107688+00,2026-06-19 20:55:38.136676+00,,,,t
9039f0ed-c5cd-4174-8508-4eca90ea3306,07cc7290-5d3f-421b-a514-b21d6a683494,b7aa253e-694d-4acb-99d4-834fad50c6cb,6496fb6b-7c93-4bc8-bb5e-a666ffdae72e,2025-09-19,10,41.30,148.00,147.00,61.50,,18.86,0.416,26.00,27,150.00,3.40,7.30,4.28,1000.00,"{""imc"": ""Excelente"", ""rce"": ""Excelente"", ""abdo"": ""Razoável"", ""flex"": ""Bom"", ""jump"": ""Razoável"", ""run6"": ""Razoável"", ""mball"": ""Razoável"", ""sprint"": ""Razoável"", ""square"": ""Muito Fraco""}",Evolução excelente em potência de membros superiores (medicine ball). Manter treino com cargas progressivas.,,2026-06-19 09:12:14.107688+00,2026-06-19 20:55:38.136676+00,,,,t
2e84fb6e-4e29-4ba7-b6da-ce3a3aa3fbef,07cc7290-5d3f-421b-a514-b21d6a683494,b7aa253e-694d-4acb-99d4-834fad50c6cb,6496fb6b-7c93-4bc8-bb5e-a666ffdae72e,2026-01-19,11,42.50,148.80,147.80,61.10,,19.19,0.411,27.50,30,156.00,3.70,7.15,4.20,1060.00,"{""imc"": ""Excelente"", ""rce"": ""Excelente"", ""abdo"": ""Razoável"", ""flex"": ""Bom"", ""jump"": ""Bom"", ""run6"": ""Razoável"", ""mball"": ""Razoável"", ""sprint"": ""Fraco"", ""square"": ""Muito Fraco""}",Resultados em flexibilidade abaixo da meta — incluir rotina de alongamento ativo nas aulas.,,2026-06-19 09:12:14.107688+00,2026-06-19 20:55:38.136676+00,,,,t
4f704ea9-67f8-44d7-9933-0ecaf8e07957,07cc7290-5d3f-421b-a514-b21d6a683494,b7aa253e-694d-4acb-99d4-834fad50c6cb,6496fb6b-7c93-4bc8-bb5e-a666ffdae72e,2026-05-19,11,43.70,149.60,148.60,60.70,,19.53,0.406,29.00,33,162.00,4.00,7.00,4.12,1120.00,"{""imc"": ""Excelente"", ""rce"": ""Excelente"", ""abdo"": ""Bom"", ""flex"": ""Muito Bom"", ""jump"": ""Bom"", ""run6"": ""Razoável"", ""mball"": ""Razoável"", ""sprint"": ""Razoável"", ""square"": ""Muito Fraco""}",Perfil de baixo risco. Recomenda-se participação em modalidades coletivas para socialização.,,2026-06-19 09:12:14.107688+00,2026-06-19 20:55:38.136676+00,,,,t
c3970de4-0013-4e9e-b874-c7a743374845,07cc7290-5d3f-421b-a514-b21d6a683494,475444c3-b9ad-43aa-bcda-62e58fdef537,6496fb6b-7c93-4bc8-bb5e-a666ffdae72e,2025-09-19,12,47.60,156.00,156.00,65.50,,19.56,0.420,27.00,28,151.00,3.50,7.35,4.32,1010.00,"{""imc"": ""Excelente"", ""rce"": ""Excelente"", ""abdo"": ""Razoável"", ""flex"": ""Razoável"", ""jump"": ""Bom"", ""run6"": ""Razoável"", ""mball"": ""Razoável"", ""sprint"": ""Razoável"", ""square"": ""Fraco""}",Resultados em flexibilidade abaixo da meta — incluir rotina de alongamento ativo nas aulas.,,2026-06-19 09:12:14.107688+00,2026-06-19 20:55:38.136676+00,,,,t
3d6176a3-06b3-4704-bd7b-81d5bd626a10,07cc7290-5d3f-421b-a514-b21d6a683494,475444c3-b9ad-43aa-bcda-62e58fdef537,6496fb6b-7c93-4bc8-bb5e-a666ffdae72e,2026-01-19,13,48.80,156.80,156.80,65.10,,19.85,0.415,28.50,31,157.00,3.80,7.20,4.24,1070.00,"{""imc"": ""Excelente"", ""rce"": ""Excelente"", ""abdo"": ""Bom"", ""flex"": ""Razoável"", ""jump"": ""Bom"", ""run6"": ""Razoável"", ""mball"": ""Razoável"", ""sprint"": ""Razoável"", ""square"": ""Muito Fraco""}",Perfil de baixo risco. Recomenda-se participação em modalidades coletivas para socialização.,,2026-06-19 09:12:14.107688+00,2026-06-19 20:55:38.136676+00,,,,t
607791bb-84b0-4f43-b5c4-a36fd71404ba,07cc7290-5d3f-421b-a514-b21d6a683494,475444c3-b9ad-43aa-bcda-62e58fdef537,6496fb6b-7c93-4bc8-bb5e-a666ffdae72e,2026-05-19,13,50.00,157.60,157.60,64.70,,20.13,0.411,30.00,34,163.00,4.10,7.05,4.16,1130.00,"{""imc"": ""Excelente"", ""rce"": ""Excelente"", ""abdo"": ""Bom"", ""flex"": ""Razoável"", ""jump"": ""Bom"", ""run6"": ""Razoável"", ""mball"": ""Bom"", ""sprint"": ""Razoável"", ""square"": ""Fraco""}",Aluno demonstra evolução consistente em força e resistência cardiorrespiratória. Recomenda-se manter periodização atual.,,2026-06-19 09:12:14.107688+00,2026-06-19 20:55:38.136676+00,,,,t
62ad3173-4b1d-47d9-9f5f-47d29ddfc622,07cc7290-5d3f-421b-a514-b21d6a683494,85d8a8ba-c7e1-4309-8381-55f56d81382b,6496fb6b-7c93-4bc8-bb5e-a666ffdae72e,2025-09-19,13,53.90,155.00,156.00,59.50,,22.43,0.384,24.00,29,144.00,3.60,7.20,4.20,1020.00,"{""imc"": ""Excelente"", ""rce"": ""Razoável"", ""abdo"": ""Razoável"", ""flex"": ""Razoável"", ""jump"": ""Fraco"", ""run6"": ""Fraco"", ""mball"": ""Fraco"", ""sprint"": ""Fraco"", ""square"": ""Muito Fraco""}",Perfil de baixo risco. Recomenda-se participação em modalidades coletivas para socialização.,,2026-06-19 09:12:14.107688+00,2026-06-19 20:55:38.136676+00,,,,t
9869eae4-e43f-4811-b7d7-877971462427,07cc7290-5d3f-421b-a514-b21d6a683494,85d8a8ba-c7e1-4309-8381-55f56d81382b,6496fb6b-7c93-4bc8-bb5e-a666ffdae72e,2026-01-19,14,55.10,155.80,156.80,59.10,,22.70,0.379,25.50,32,150.00,3.90,7.05,4.12,1080.00,"{""imc"": ""Razoável"", ""rce"": ""Razoável"", ""abdo"": ""Razoável"", ""flex"": ""Bom"", ""jump"": ""Muito Fraco"", ""run6"": ""Fraco"", ""mball"": ""Fraco"", ""sprint"": ""Fraco"", ""square"": ""Muito Fraco""}",Aluno demonstra evolução consistente em força e resistência cardiorrespiratória. Recomenda-se manter periodização atual.,,2026-06-19 09:12:14.107688+00,2026-06-19 20:55:38.136676+00,,,,t
36943cb5-bf5a-4e92-87ca-5c3fe68f4f00,07cc7290-5d3f-421b-a514-b21d6a683494,85d8a8ba-c7e1-4309-8381-55f56d81382b,6496fb6b-7c93-4bc8-bb5e-a666ffdae72e,2026-05-19,14,56.30,156.60,157.60,58.70,,22.96,0.375,27.00,35,156.00,4.20,6.90,4.04,1140.00,"{""imc"": ""Razoável"", ""rce"": ""Razoável"", ""abdo"": ""Razoável"", ""flex"": ""Bom"", ""jump"": ""Fraco"", ""run6"": ""Fraco"", ""mball"": ""Fraco"", ""sprint"": ""Fraco"", ""square"": ""Muito Fraco""}",Composição corporal dentro do esperado para idade. Boa progressão na flexibilidade e potência de membros inferiores.,,2026-06-19 09:12:14.107688+00,2026-06-19 20:55:38.136676+00,,,,t
3fa7fd66-dc32-4615-89ed-3aefa9de4c4c,07cc7290-5d3f-421b-a514-b21d6a683494,32f67178-f54a-4c3e-9aed-a649f3923122,6496fb6b-7c93-4bc8-bb5e-a666ffdae72e,2025-09-19,15,58.20,161.00,163.00,63.50,,22.45,0.394,25.00,30,145.00,3.70,7.25,4.24,1030.00,"{""imc"": ""Excelente"", ""rce"": ""Razoável"", ""abdo"": ""Razoável"", ""flex"": ""Fraco"", ""jump"": ""Razoável"", ""run6"": ""Razoável"", ""mball"": ""Razoável"", ""sprint"": ""Razoável"", ""square"": ""Muito Fraco""}",Aluno demonstra evolução consistente em força e resistência cardiorrespiratória. Recomenda-se manter periodização atual.,,2026-06-19 09:12:14.107688+00,2026-06-19 20:55:38.136676+00,,,,t
33e13901-7783-4e19-82f2-73171fb23aff,07cc7290-5d3f-421b-a514-b21d6a683494,32f67178-f54a-4c3e-9aed-a649f3923122,6496fb6b-7c93-4bc8-bb5e-a666ffdae72e,2026-01-19,15,59.40,161.80,163.80,63.10,,22.69,0.390,26.50,33,151.00,4.00,7.10,4.16,1090.00,"{""imc"": ""Razoável"", ""rce"": ""Razoável"", ""abdo"": ""Bom"", ""flex"": ""Fraco"", ""jump"": ""Razoável"", ""run6"": ""Razoável"", ""mball"": ""Razoável"", ""sprint"": ""Razoável"", ""square"": ""Muito Fraco""}",Composição corporal dentro do esperado para idade. Boa progressão na flexibilidade e potência de membros inferiores.,,2026-06-19 09:12:14.107688+00,2026-06-19 20:55:38.136676+00,,,,t
319ec57d-6670-42c2-8e0f-1489a1f624c0,07cc7290-5d3f-421b-a514-b21d6a683494,32f67178-f54a-4c3e-9aed-a649f3923122,6496fb6b-7c93-4bc8-bb5e-a666ffdae72e,2026-05-19,16,60.60,162.60,164.60,62.70,,22.92,0.386,28.00,36,157.00,4.30,6.95,4.08,1150.00,"{""imc"": ""Razoável"", ""rce"": ""Razoável"", ""abdo"": ""Bom"", ""flex"": ""Fraco"", ""jump"": ""Razoável"", ""run6"": ""Razoável"", ""mball"": ""Razoável"", ""sprint"": ""Razoável"", ""square"": ""Muito Fraco""}",Performance acima da média da turma. Indicado encaminhamento para grupo de alto rendimento.,,2026-06-19 09:12:14.107688+00,2026-06-19 20:55:38.136676+00,,,,t
85e7cfd1-5155-47af-bf1f-7443c0af6290,07cc7290-5d3f-421b-a514-b21d6a683494,d90ba5b5-b553-4878-82d7-94085a6810aa,6496fb6b-7c93-4bc8-bb5e-a666ffdae72e,2025-09-19,15,65.00,169.00,167.00,64.50,,22.76,0.382,26.00,26,146.00,3.30,7.30,4.28,1040.00,"{""imc"": ""Razoável"", ""rce"": ""Razoável"", ""abdo"": ""Muito Fraco"", ""flex"": ""Razoável"", ""jump"": ""Muito Fraco"", ""run6"": ""Muito Fraco"", ""mball"": ""Muito Fraco"", ""sprint"": ""Muito Fraco"", ""square"": ""Muito Fraco""}",Composição corporal dentro do esperado para idade. Boa progressão na flexibilidade e potência de membros inferiores.,,2026-06-19 09:12:14.107688+00,2026-06-19 20:55:38.136676+00,,,,t
3f2da02a-9b9e-43df-af43-705e5dd541d4,82728988-d739-4851-8718-cb574126d861,49e4e9ee-42bf-4de7-a4e3-52d592a98550,,2026-06-19,11,46.00,155.00,153.00,60.00,69.00,19.15,0.387,30.00,30,112.00,4.00,6.00,4.30,1250.00,"{""imc"": ""Excelente"", ""rce"": ""Razoável"", ""abdo"": ""Bom"", ""flex"": ""Razoável"", ""jump"": ""Fraco"", ""run6"": ""Bom"", ""mball"": ""Bom"", ""sprint"": ""Razoável"", ""square"": ""Bom""}",,,2026-06-19 22:51:57.270703+00,2026-06-19 22:51:57.270703+00,,,,f
6fa64198-d8dc-4ed3-b46d-bbb74e8afcf9,07cc7290-5d3f-421b-a514-b21d6a683494,d90ba5b5-b553-4878-82d7-94085a6810aa,6496fb6b-7c93-4bc8-bb5e-a666ffdae72e,2026-01-19,15,66.20,169.80,167.80,64.10,,22.96,0.378,27.50,29,152.00,3.60,7.15,4.20,1100.00,"{""imc"": ""Razoável"", ""rce"": ""Razoável"", ""abdo"": ""Fraco"", ""flex"": ""Bom"", ""jump"": ""Muito Fraco"", ""run6"": ""Fraco"", ""mball"": ""Muito Fraco"", ""sprint"": ""Muito Fraco"", ""square"": ""Muito Fraco""}",Performance acima da média da turma. Indicado encaminhamento para grupo de alto rendimento.,,2026-06-19 09:12:14.107688+00,2026-06-19 20:55:38.136676+00,,,,t
4e810851-22d8-477f-8473-656500f53caa,07cc7290-5d3f-421b-a514-b21d6a683494,d90ba5b5-b553-4878-82d7-94085a6810aa,6496fb6b-7c93-4bc8-bb5e-a666ffdae72e,2026-05-19,16,67.40,170.60,168.60,63.70,,23.16,0.373,29.00,32,158.00,3.90,7.00,4.12,1160.00,"{""imc"": ""Razoável"", ""rce"": ""Razoável"", ""abdo"": ""Fraco"", ""flex"": ""Razoável"", ""jump"": ""Muito Fraco"", ""run6"": ""Fraco"", ""mball"": ""Muito Fraco"", ""sprint"": ""Muito Fraco"", ""square"": ""Muito Fraco""}",Pequenas oscilações em provas de velocidade — focar trabalho técnico de saída e aceleração.,,2026-06-19 09:12:14.107688+00,2026-06-19 20:55:38.136676+00,,,,t
b4324429-1b2e-4b94-93bd-f38a2ed680c4,07cc7290-5d3f-421b-a514-b21d6a683494,d5d65e30-2ff4-4925-8255-994529a2e235,6496fb6b-7c93-4bc8-bb5e-a666ffdae72e,2025-09-19,17,58.30,173.00,172.00,68.50,,19.48,0.396,27.00,27,147.00,3.40,7.35,4.32,960.00,"{""imc"": ""Excelente"", ""rce"": ""Razoável"", ""abdo"": ""Fraco"", ""flex"": ""Fraco"", ""jump"": ""Razoável"", ""run6"": ""Fraco"", ""mball"": ""Fraco"", ""sprint"": ""Fraco"", ""square"": ""Muito Fraco""}",Performance acima da média da turma. Indicado encaminhamento para grupo de alto rendimento.,,2026-06-19 09:12:14.107688+00,2026-06-19 20:55:38.136676+00,,,,t
4065b0f3-603b-4097-ba17-44a1f47dd738,07cc7290-5d3f-421b-a514-b21d6a683494,d5d65e30-2ff4-4925-8255-994529a2e235,6496fb6b-7c93-4bc8-bb5e-a666ffdae72e,2026-01-19,17,59.50,173.80,172.80,68.10,,19.70,0.392,28.50,30,153.00,3.70,7.20,4.24,1020.00,"{""imc"": ""Excelente"", ""rce"": ""Razoável"", ""abdo"": ""Razoável"", ""flex"": ""Fraco"", ""jump"": ""Razoável"", ""run6"": ""Razoável"", ""mball"": ""Fraco"", ""sprint"": ""Razoável"", ""square"": ""Muito Fraco""}",Pequenas oscilações em provas de velocidade — focar trabalho técnico de saída e aceleração.,,2026-06-19 09:12:14.107688+00,2026-06-19 20:55:38.136676+00,,,,t
6eb1d81e-bfa0-4bd5-88eb-53ee84530404,07cc7290-5d3f-421b-a514-b21d6a683494,d5d65e30-2ff4-4925-8255-994529a2e235,6496fb6b-7c93-4bc8-bb5e-a666ffdae72e,2026-05-19,18,60.70,174.60,173.60,67.70,,19.91,0.388,30.00,33,159.00,4.00,7.05,4.16,1080.00,"{""imc"": ""Excelente"", ""rce"": ""Razoável"", ""abdo"": ""Razoável"", ""flex"": ""Fraco"", ""jump"": ""Razoável"", ""run6"": ""Razoável"", ""mball"": ""Razoável"", ""sprint"": ""Razoável"", ""square"": ""Muito Fraco""}",Indicadores de saúde estáveis. Continuar reforço de treinos funcionais e mobilidade.,,2026-06-19 09:12:14.107688+00,2026-06-19 20:55:38.136676+00,,,,t
ee7ccafe-4e9d-4ec8-b6b7-ea985736523f,07cc7290-5d3f-421b-a514-b21d6a683494,e56b7332-33cd-4440-a3b9-0918bcb77712,6496fb6b-7c93-4bc8-bb5e-a666ffdae72e,2025-09-19,10,33.60,141.00,141.00,59.00,,16.90,0.418,24.00,28,148.00,3.50,7.20,4.20,970.00,"{""imc"": ""Excelente"", ""rce"": ""Excelente"", ""abdo"": ""Razoável"", ""flex"": ""Bom"", ""jump"": ""Razoável"", ""run6"": ""Razoável"", ""mball"": ""Razoável"", ""sprint"": ""Razoável"", ""square"": ""Muito Fraco""}",Pequenas oscilações em provas de velocidade — focar trabalho técnico de saída e aceleração.,,2026-06-19 09:12:14.107688+00,2026-06-19 20:55:38.136676+00,,,,t
867e3093-4b1f-4ee6-8e86-99264e170515,07cc7290-5d3f-421b-a514-b21d6a683494,e56b7332-33cd-4440-a3b9-0918bcb77712,6496fb6b-7c93-4bc8-bb5e-a666ffdae72e,2026-01-19,10,34.80,141.80,141.80,58.60,,17.31,0.413,25.50,31,154.00,3.80,7.05,4.12,1030.00,"{""imc"": ""Excelente"", ""rce"": ""Excelente"", ""abdo"": ""Bom"", ""flex"": ""Bom"", ""jump"": ""Bom"", ""run6"": ""Razoável"", ""mball"": ""Bom"", ""sprint"": ""Razoável"", ""square"": ""Fraco""}",Indicadores de saúde estáveis. Continuar reforço de treinos funcionais e mobilidade.,,2026-06-19 09:12:14.107688+00,2026-06-19 20:55:38.136676+00,,,,t
36932687-6568-4f55-ba8b-df2636fd57f4,07cc7290-5d3f-421b-a514-b21d6a683494,e56b7332-33cd-4440-a3b9-0918bcb77712,6496fb6b-7c93-4bc8-bb5e-a666ffdae72e,2026-05-19,11,36.00,142.60,142.60,58.20,,17.70,0.408,27.00,34,160.00,4.10,6.90,4.04,1090.00,"{""imc"": ""Excelente"", ""rce"": ""Excelente"", ""abdo"": ""Bom"", ""flex"": ""Bom"", ""jump"": ""Bom"", ""run6"": ""Razoável"", ""mball"": ""Bom"", ""sprint"": ""Razoável"", ""square"": ""Fraco""}",Boa adesão ao programa. Sugere-se ampliar volume de corrida contínua para melhorar VO2.,,2026-06-19 09:12:14.107688+00,2026-06-19 20:55:38.136676+00,,,,t
c3f57f13-d916-48b9-8866-7fec350e85f9,07cc7290-5d3f-421b-a514-b21d6a683494,e0475c06-de3a-4a28-97f9-b8e4bc818e4c,6496fb6b-7c93-4bc8-bb5e-a666ffdae72e,2025-09-19,11,36.90,145.00,146.00,61.50,,17.55,0.424,25.00,29,149.00,3.60,7.25,4.24,980.00,"{""imc"": ""Excelente"", ""rce"": ""Excelente"", ""abdo"": ""Bom"", ""flex"": ""Fraco"", ""jump"": ""Bom"", ""run6"": ""Razoável"", ""mball"": ""Bom"", ""sprint"": ""Razoável"", ""square"": ""Fraco""}",Indicadores de saúde estáveis. Continuar reforço de treinos funcionais e mobilidade.,,2026-06-19 09:12:14.107688+00,2026-06-19 20:55:38.136676+00,,,,t
c23d5215-cafb-4ff4-8327-32a4d6125969,07cc7290-5d3f-421b-a514-b21d6a683494,e0475c06-de3a-4a28-97f9-b8e4bc818e4c,6496fb6b-7c93-4bc8-bb5e-a666ffdae72e,2026-01-19,11,38.10,145.80,146.80,61.10,,17.92,0.419,26.50,32,155.00,3.90,7.10,4.16,1040.00,"{""imc"": ""Excelente"", ""rce"": ""Excelente"", ""abdo"": ""Bom"", ""flex"": ""Razoável"", ""jump"": ""Bom"", ""run6"": ""Razoável"", ""mball"": ""Bom"", ""sprint"": ""Bom"", ""square"": ""Fraco""}",Boa adesão ao programa. Sugere-se ampliar volume de corrida contínua para melhorar VO2.,,2026-06-19 09:12:14.107688+00,2026-06-19 20:55:38.136676+00,,,,t
e8ee9bc0-6261-4a3e-b847-3da974c3961c,07cc7290-5d3f-421b-a514-b21d6a683494,e0475c06-de3a-4a28-97f9-b8e4bc818e4c,6496fb6b-7c93-4bc8-bb5e-a666ffdae72e,2026-05-19,11,39.30,146.60,147.60,60.70,,18.29,0.414,28.00,35,161.00,4.20,6.95,4.08,1100.00,"{""imc"": ""Excelente"", ""rce"": ""Excelente"", ""abdo"": ""Muito Bom"", ""flex"": ""Razoável"", ""jump"": ""Muito Bom"", ""run6"": ""Razoável"", ""mball"": ""Bom"", ""sprint"": ""Bom"", ""square"": ""Razoável""}",Atenção ao IMC: orientar família sobre hábitos alimentares e manter monitoramento trimestral.,,2026-06-19 09:12:14.107688+00,2026-06-19 20:55:38.136676+00,,,,t
8e3d75cf-eb6e-4e1a-a7a3-e146a7748a34,07cc7290-5d3f-421b-a514-b21d6a683494,c602ab92-fcae-4dc6-bbe0-addf37b99e03,6496fb6b-7c93-4bc8-bb5e-a666ffdae72e,2025-09-19,11,41.20,149.00,151.00,62.50,,18.56,0.419,26.00,30,150.00,3.70,7.30,4.28,990.00,"{""imc"": ""Excelente"", ""rce"": ""Excelente"", ""abdo"": ""Razoável"", ""flex"": ""Bom"", ""jump"": ""Razoável"", ""run6"": ""Fraco"", ""mball"": ""Razoável"", ""sprint"": ""Fraco"", ""square"": ""Muito Fraco""}",Boa adesão ao programa. Sugere-se ampliar volume de corrida contínua para melhorar VO2.,,2026-06-19 09:12:14.107688+00,2026-06-19 20:55:38.136676+00,,,,t
9f03a8af-1777-4679-a7ef-1085268c41f1,07cc7290-5d3f-421b-a514-b21d6a683494,c602ab92-fcae-4dc6-bbe0-addf37b99e03,6496fb6b-7c93-4bc8-bb5e-a666ffdae72e,2026-01-19,11,42.40,149.80,151.80,62.10,,18.89,0.415,27.50,33,156.00,4.00,7.15,4.20,1050.00,"{""imc"": ""Excelente"", ""rce"": ""Excelente"", ""abdo"": ""Bom"", ""flex"": ""Bom"", ""jump"": ""Bom"", ""run6"": ""Razoável"", ""mball"": ""Razoável"", ""sprint"": ""Fraco"", ""square"": ""Muito Fraco""}",Atenção ao IMC: orientar família sobre hábitos alimentares e manter monitoramento trimestral.,,2026-06-19 09:12:14.107688+00,2026-06-19 20:55:38.136676+00,,,,t
aeb311d5-c1c4-4ee1-b428-f91b67d852f7,07cc7290-5d3f-421b-a514-b21d6a683494,c602ab92-fcae-4dc6-bbe0-addf37b99e03,6496fb6b-7c93-4bc8-bb5e-a666ffdae72e,2026-05-19,11,43.60,150.60,152.60,61.70,,19.22,0.410,29.00,36,162.00,4.30,7.00,4.12,1110.00,"{""imc"": ""Excelente"", ""rce"": ""Excelente"", ""abdo"": ""Bom"", ""flex"": ""Muito Bom"", ""jump"": ""Bom"", ""run6"": ""Razoável"", ""mball"": ""Bom"", ""sprint"": ""Razoável"", ""square"": ""Muito Fraco""}",Evolução excelente em potência de membros superiores (medicine ball). Manter treino com cargas progressivas.,,2026-06-19 09:12:14.107688+00,2026-06-19 20:55:38.136676+00,,,,t
80f9fb61-c660-4876-88a5-6b25a10e6cfd,07cc7290-5d3f-421b-a514-b21d6a683494,cf807cdf-b228-4e6b-be8f-5df355bb6a7e,6496fb6b-7c93-4bc8-bb5e-a666ffdae72e,2025-09-19,12,42.00,145.00,143.00,58.00,,19.98,0.400,27.00,26,151.00,3.30,7.35,4.32,1000.00,"{""imc"": ""Excelente"", ""rce"": ""Excelente"", ""abdo"": ""Razoável"", ""flex"": ""Razoável"", ""jump"": ""Bom"", ""run6"": ""Fraco"", ""mball"": ""Razoável"", ""sprint"": ""Razoável"", ""square"": ""Fraco""}",Atenção ao IMC: orientar família sobre hábitos alimentares e manter monitoramento trimestral.,,2026-06-19 09:12:14.107688+00,2026-06-19 20:55:38.136676+00,,,,t
f55b1545-0099-418e-ae43-34bf7201b43a,07cc7290-5d3f-421b-a514-b21d6a683494,cf807cdf-b228-4e6b-be8f-5df355bb6a7e,6496fb6b-7c93-4bc8-bb5e-a666ffdae72e,2026-01-19,12,43.20,145.80,143.80,57.60,,20.32,0.395,28.50,29,157.00,3.60,7.20,4.24,1060.00,"{""imc"": ""Excelente"", ""rce"": ""Razoável"", ""abdo"": ""Razoável"", ""flex"": ""Razoável"", ""jump"": ""Bom"", ""run6"": ""Razoável"", ""mball"": ""Razoável"", ""sprint"": ""Razoável"", ""square"": ""Fraco""}",Evolução excelente em potência de membros superiores (medicine ball). Manter treino com cargas progressivas.,,2026-06-19 09:12:14.107688+00,2026-06-19 20:55:38.136676+00,,,,t
9c4fff55-3b81-4448-a23f-3793a4bd10a6,07cc7290-5d3f-421b-a514-b21d6a683494,16f99590-19b6-46d4-8106-40f996119bdb,,2026-06-21,11,,,,,,,,45.00,,,,,,,"{""flex"": ""Excelente""}",,,2026-06-21 15:25:47.095414+00,2026-06-21 15:25:47.095414+00,,,,f
978e3994-2f4e-4ced-9f71-253cd473b9ba,07cc7290-5d3f-421b-a514-b21d6a683494,cf807cdf-b228-4e6b-be8f-5df355bb6a7e,6496fb6b-7c93-4bc8-bb5e-a666ffdae72e,2026-05-19,12,44.40,146.60,144.60,57.20,,20.66,0.390,30.00,32,163.00,3.90,7.05,4.16,1120.00,"{""imc"": ""Excelente"", ""rce"": ""Razoável"", ""abdo"": ""Bom"", ""flex"": ""Razoável"", ""jump"": ""Muito Bom"", ""run6"": ""Razoável"", ""mball"": ""Bom"", ""sprint"": ""Razoável"", ""square"": ""Fraco""}",Resultados em flexibilidade abaixo da meta — incluir rotina de alongamento ativo nas aulas.,,2026-06-19 09:12:14.107688+00,2026-06-19 20:55:38.136676+00,,,,t
94848a4a-3288-4618-90bf-24204fa166e6,07cc7290-5d3f-421b-a514-b21d6a683494,13034d46-54bb-4867-b3d3-aebb7ff918a4,6496fb6b-7c93-4bc8-bb5e-a666ffdae72e,2025-09-19,12,47.30,150.00,149.00,59.00,,21.02,0.393,24.00,27,144.00,3.40,7.20,4.20,1010.00,"{""imc"": ""Excelente"", ""rce"": ""Razoável"", ""abdo"": ""Razoável"", ""flex"": ""Bom"", ""jump"": ""Fraco"", ""run6"": ""Fraco"", ""mball"": ""Fraco"", ""sprint"": ""Fraco"", ""square"": ""Muito Fraco""}",Evolução excelente em potência de membros superiores (medicine ball). Manter treino com cargas progressivas.,,2026-06-19 09:12:14.107688+00,2026-06-19 20:55:38.136676+00,,,,t
153cd6ab-fee3-4af7-9f09-04ade668ad7d,07cc7290-5d3f-421b-a514-b21d6a683494,13034d46-54bb-4867-b3d3-aebb7ff918a4,6496fb6b-7c93-4bc8-bb5e-a666ffdae72e,2026-01-19,12,48.50,150.80,149.80,58.60,,21.33,0.389,25.50,30,150.00,3.70,7.05,4.12,1070.00,"{""imc"": ""Excelente"", ""rce"": ""Razoável"", ""abdo"": ""Razoável"", ""flex"": ""Bom"", ""jump"": ""Razoável"", ""run6"": ""Razoável"", ""mball"": ""Razoável"", ""sprint"": ""Fraco"", ""square"": ""Muito Fraco""}",Resultados em flexibilidade abaixo da meta — incluir rotina de alongamento ativo nas aulas.,,2026-06-19 09:12:14.107688+00,2026-06-19 20:55:38.136676+00,,,,t
f786f631-328e-40e5-b9c5-4daadaeaaf78,07cc7290-5d3f-421b-a514-b21d6a683494,13034d46-54bb-4867-b3d3-aebb7ff918a4,6496fb6b-7c93-4bc8-bb5e-a666ffdae72e,2026-05-19,12,49.70,151.60,150.60,58.20,,21.63,0.384,27.00,33,156.00,4.00,6.90,4.04,1130.00,"{""imc"": ""Excelente"", ""rce"": ""Razoável"", ""abdo"": ""Bom"", ""flex"": ""Bom"", ""jump"": ""Razoável"", ""run6"": ""Razoável"", ""mball"": ""Razoável"", ""sprint"": ""Razoável"", ""square"": ""Muito Fraco""}",Perfil de baixo risco. Recomenda-se participação em modalidades coletivas para socialização.,,2026-06-19 09:12:14.107688+00,2026-06-19 20:55:38.136676+00,,,,t
a18abb2e-8570-45a9-b31b-0297018d9b5e,07cc7290-5d3f-421b-a514-b21d6a683494,89657ae1-d371-4d46-9686-5a6a396870a1,6496fb6b-7c93-4bc8-bb5e-a666ffdae72e,2025-09-19,13,52.60,157.00,157.00,63.00,,21.34,0.401,25.00,28,145.00,3.50,7.25,4.24,1020.00,"{""imc"": ""Excelente"", ""rce"": ""Excelente"", ""abdo"": ""Razoável"", ""flex"": ""Fraco"", ""jump"": ""Razoável"", ""run6"": ""Razoável"", ""mball"": ""Razoável"", ""sprint"": ""Razoável"", ""square"": ""Muito Fraco""}",Resultados em flexibilidade abaixo da meta — incluir rotina de alongamento ativo nas aulas.,,2026-06-19 09:12:14.107688+00,2026-06-19 20:55:38.136676+00,,,,t
fea6d0fe-77c0-436b-a639-9d4404fd46c1,07cc7290-5d3f-421b-a514-b21d6a683494,89657ae1-d371-4d46-9686-5a6a396870a1,6496fb6b-7c93-4bc8-bb5e-a666ffdae72e,2026-01-19,14,53.80,157.80,157.80,62.60,,21.61,0.397,26.50,31,151.00,3.80,7.10,4.16,1080.00,"{""imc"": ""Excelente"", ""rce"": ""Razoável"", ""abdo"": ""Razoável"", ""flex"": ""Fraco"", ""jump"": ""Razoável"", ""run6"": ""Razoável"", ""mball"": ""Razoável"", ""sprint"": ""Razoável"", ""square"": ""Muito Fraco""}",Perfil de baixo risco. Recomenda-se participação em modalidades coletivas para socialização.,,2026-06-19 09:12:14.107688+00,2026-06-19 20:55:38.136676+00,,,,t
21595d4f-01f8-4542-81ad-ac1679af18b2,07cc7290-5d3f-421b-a514-b21d6a683494,89657ae1-d371-4d46-9686-5a6a396870a1,6496fb6b-7c93-4bc8-bb5e-a666ffdae72e,2026-05-19,14,55.00,158.60,158.60,62.20,,21.87,0.392,28.00,34,157.00,4.10,6.95,4.08,1140.00,"{""imc"": ""Excelente"", ""rce"": ""Razoável"", ""abdo"": ""Bom"", ""flex"": ""Fraco"", ""jump"": ""Bom"", ""run6"": ""Razoável"", ""mball"": ""Razoável"", ""sprint"": ""Razoável"", ""square"": ""Fraco""}",Aluno demonstra evolução consistente em força e resistência cardiorrespiratória. Recomenda-se manter periodização atual.,,2026-06-19 09:12:14.107688+00,2026-06-19 20:55:38.136676+00,,,,t
4d0eeb90-d396-471d-b716-53d28d2d80b6,07cc7290-5d3f-421b-a514-b21d6a683494,fa628dbe-0523-442b-b504-42f20b3e1089,6496fb6b-7c93-4bc8-bb5e-a666ffdae72e,2025-09-19,13,59.90,164.00,165.00,64.00,,22.27,0.390,26.00,29,146.00,3.60,7.30,4.28,1030.00,"{""imc"": ""Excelente"", ""rce"": ""Razoável"", ""abdo"": ""Razoável"", ""flex"": ""Bom"", ""jump"": ""Fraco"", ""run6"": ""Fraco"", ""mball"": ""Fraco"", ""sprint"": ""Fraco"", ""square"": ""Muito Fraco""}",Perfil de baixo risco. Recomenda-se participação em modalidades coletivas para socialização.,,2026-06-19 09:12:14.107688+00,2026-06-19 20:55:38.136676+00,,,,t
1d0de6a1-c032-4097-b08a-b211166dc303,07cc7290-5d3f-421b-a514-b21d6a683494,fa628dbe-0523-442b-b504-42f20b3e1089,6496fb6b-7c93-4bc8-bb5e-a666ffdae72e,2026-01-19,14,61.10,164.80,165.80,63.60,,22.50,0.386,27.50,32,152.00,3.90,7.15,4.20,1090.00,"{""imc"": ""Razoável"", ""rce"": ""Razoável"", ""abdo"": ""Razoável"", ""flex"": ""Bom"", ""jump"": ""Fraco"", ""run6"": ""Fraco"", ""mball"": ""Fraco"", ""sprint"": ""Muito Fraco"", ""square"": ""Muito Fraco""}",Aluno demonstra evolução consistente em força e resistência cardiorrespiratória. Recomenda-se manter periodização atual.,,2026-06-19 09:12:14.107688+00,2026-06-19 20:55:38.136676+00,,,,t
f8507ade-266a-462b-80a7-d3bbfd14c531,07cc7290-5d3f-421b-a514-b21d6a683494,fa628dbe-0523-442b-b504-42f20b3e1089,6496fb6b-7c93-4bc8-bb5e-a666ffdae72e,2026-05-19,14,62.30,165.60,166.60,63.20,,22.72,0.382,29.00,35,158.00,4.20,7.00,4.12,1150.00,"{""imc"": ""Razoável"", ""rce"": ""Razoável"", ""abdo"": ""Razoável"", ""flex"": ""Bom"", ""jump"": ""Fraco"", ""run6"": ""Fraco"", ""mball"": ""Fraco"", ""sprint"": ""Fraco"", ""square"": ""Muito Fraco""}",Composição corporal dentro do esperado para idade. Boa progressão na flexibilidade e potência de membros inferiores.,,2026-06-19 09:12:14.107688+00,2026-06-19 20:55:38.136676+00,,,,t
6de32530-fbfa-40b3-9247-c65f0aea6e49,07cc7290-5d3f-421b-a514-b21d6a683494,385bff3f-6326-4972-b503-8e4188718034,6496fb6b-7c93-4bc8-bb5e-a666ffdae72e,2025-09-19,15,63.20,169.00,171.00,68.00,,22.13,0.402,27.00,30,147.00,3.70,7.35,4.32,1040.00,"{""imc"": ""Excelente"", ""rce"": ""Excelente"", ""abdo"": ""Razoável"", ""flex"": ""Fraco"", ""jump"": ""Razoável"", ""run6"": ""Razoável"", ""mball"": ""Razoável"", ""sprint"": ""Fraco"", ""square"": ""Muito Fraco""}",Aluno demonstra evolução consistente em força e resistência cardiorrespiratória. Recomenda-se manter periodização atual.,,2026-06-19 09:12:14.107688+00,2026-06-19 20:55:38.136676+00,,,,t
c8a17e10-1991-4381-b7b8-b56beabc1840,07cc7290-5d3f-421b-a514-b21d6a683494,385bff3f-6326-4972-b503-8e4188718034,6496fb6b-7c93-4bc8-bb5e-a666ffdae72e,2026-01-19,16,64.40,169.80,171.80,67.60,,22.34,0.398,28.50,33,153.00,4.00,7.20,4.24,1100.00,"{""imc"": ""Excelente"", ""rce"": ""Razoável"", ""abdo"": ""Bom"", ""flex"": ""Fraco"", ""jump"": ""Razoável"", ""run6"": ""Razoável"", ""mball"": ""Razoável"", ""sprint"": ""Razoável"", ""square"": ""Muito Fraco""}",Composição corporal dentro do esperado para idade. Boa progressão na flexibilidade e potência de membros inferiores.,,2026-06-19 09:12:14.107688+00,2026-06-19 20:55:38.136676+00,,,,t
5a7f9f4f-af9e-4881-a884-96d0430f2479,07cc7290-5d3f-421b-a514-b21d6a683494,385bff3f-6326-4972-b503-8e4188718034,6496fb6b-7c93-4bc8-bb5e-a666ffdae72e,2026-05-19,16,65.60,170.60,172.60,67.20,,22.54,0.394,30.00,36,159.00,4.30,7.05,4.16,1160.00,"{""imc"": ""Razoável"", ""rce"": ""Razoável"", ""abdo"": ""Bom"", ""flex"": ""Fraco"", ""jump"": ""Razoável"", ""run6"": ""Bom"", ""mball"": ""Razoável"", ""sprint"": ""Razoável"", ""square"": ""Muito Fraco""}",Performance acima da média da turma. Indicado encaminhamento para grupo de alto rendimento.,,2026-06-19 09:12:14.107688+00,2026-06-19 20:55:38.136676+00,,,,t
f474ae3e-a7df-43e3-9667-96c83ac6ad26,07cc7290-5d3f-421b-a514-b21d6a683494,998a61ff-9ac9-4755-bb7a-5da91d2b71d2,6496fb6b-7c93-4bc8-bb5e-a666ffdae72e,2025-09-19,16,62.00,178.00,176.00,69.00,,19.57,0.388,22.00,22,136.00,2.90,7.60,4.40,880.00,"{""imc"": ""Excelente"", ""rce"": ""Razoável"", ""abdo"": ""Muito Fraco"", ""flex"": ""Fraco"", ""jump"": ""Muito Fraco"", ""run6"": ""Muito Fraco"", ""mball"": ""Muito Fraco"", ""sprint"": ""Muito Fraco"", ""square"": ""Muito Fraco""}",Composição corporal dentro do esperado para idade. Boa progressão na flexibilidade e potência de membros inferiores.,,2026-06-19 09:12:14.107688+00,2026-06-19 20:55:38.136676+00,,,,t
b90e2953-1c2a-463e-b815-f828aa6c0212,07cc7290-5d3f-421b-a514-b21d6a683494,998a61ff-9ac9-4755-bb7a-5da91d2b71d2,6496fb6b-7c93-4bc8-bb5e-a666ffdae72e,2026-01-19,17,63.20,178.80,176.80,68.60,,19.77,0.384,23.50,25,142.00,3.20,7.45,4.32,940.00,"{""imc"": ""Excelente"", ""rce"": ""Razoável"", ""abdo"": ""Muito Fraco"", ""flex"": ""Fraco"", ""jump"": ""Muito Fraco"", ""run6"": ""Muito Fraco"", ""mball"": ""Muito Fraco"", ""sprint"": ""Muito Fraco"", ""square"": ""Muito Fraco""}",Performance acima da média da turma. Indicado encaminhamento para grupo de alto rendimento.,,2026-06-19 09:12:14.107688+00,2026-06-19 20:55:38.136676+00,,,,t
27c5f405-6602-49ac-bdfb-e5169d23cf03,07cc7290-5d3f-421b-a514-b21d6a683494,8beddd03-f1c5-4b7a-9cff-7d096461ce57,,2026-06-21,15,,,,,,,,52.00,,,,,,,"{""flex"": ""Excelente""}",,,2026-06-21 15:25:54.25443+00,2026-06-21 15:25:54.25443+00,,,,f
92004c98-17c3-432d-972f-9a22907f8260,07cc7290-5d3f-421b-a514-b21d6a683494,ba15a717-e82b-49b7-9922-9e5873abb691,,2026-06-21,13,,,,,,,,75.00,,,,,,,"{""flex"": ""Excelente""}",,,2026-06-21 15:26:02.830319+00,2026-06-21 15:26:02.830319+00,,,,f
ac23e3c7-e9e1-411b-9aee-30b24818fc2f,07cc7290-5d3f-421b-a514-b21d6a683494,998a61ff-9ac9-4755-bb7a-5da91d2b71d2,6496fb6b-7c93-4bc8-bb5e-a666ffdae72e,2026-05-19,17,64.40,179.60,177.60,68.20,,19.97,0.380,25.00,28,148.00,3.50,7.30,4.24,1000.00,"{""imc"": ""Excelente"", ""rce"": ""Razoável"", ""abdo"": ""Muito Fraco"", ""flex"": ""Fraco"", ""jump"": ""Muito Fraco"", ""run6"": ""Muito Fraco"", ""mball"": ""Muito Fraco"", ""sprint"": ""Muito Fraco"", ""square"": ""Muito Fraco""}",Pequenas oscilações em provas de velocidade — focar trabalho técnico de saída e aceleração.,,2026-06-19 09:12:14.107688+00,2026-06-19 20:55:38.136676+00,,,,t
7c718187-419b-4fc7-b2d7-b94c11515384,07cc7290-5d3f-421b-a514-b21d6a683494,fdaa6172-5262-4169-a201-0d704ce8daf0,6496fb6b-7c93-4bc8-bb5e-a666ffdae72e,2025-09-19,11,35.30,146.00,145.00,62.50,,16.56,0.428,23.00,23,137.00,3.00,7.65,4.44,890.00,"{""imc"": ""Excelente"", ""rce"": ""Excelente"", ""abdo"": ""Razoável"", ""flex"": ""Fraco"", ""jump"": ""Razoável"", ""run6"": ""Fraco"", ""mball"": ""Razoável"", ""sprint"": ""Razoável"", ""square"": ""Muito Fraco""}",Performance acima da média da turma. Indicado encaminhamento para grupo de alto rendimento.,,2026-06-19 09:12:14.107688+00,2026-06-19 20:55:38.136676+00,,,,t
99c60486-23ec-48ef-b194-f437367c5b8e,07cc7290-5d3f-421b-a514-b21d6a683494,fdaa6172-5262-4169-a201-0d704ce8daf0,6496fb6b-7c93-4bc8-bb5e-a666ffdae72e,2026-01-19,11,36.50,146.80,145.80,62.10,,16.94,0.423,24.50,26,143.00,3.30,7.50,4.36,950.00,"{""imc"": ""Excelente"", ""rce"": ""Excelente"", ""abdo"": ""Razoável"", ""flex"": ""Fraco"", ""jump"": ""Bom"", ""run6"": ""Fraco"", ""mball"": ""Razoável"", ""sprint"": ""Razoável"", ""square"": ""Fraco""}",Pequenas oscilações em provas de velocidade — focar trabalho técnico de saída e aceleração.,,2026-06-19 09:12:14.107688+00,2026-06-19 20:55:38.136676+00,,,,t
f5d3b6da-4e24-49ed-9bb2-a2cd86fc6541,07cc7290-5d3f-421b-a514-b21d6a683494,fdaa6172-5262-4169-a201-0d704ce8daf0,6496fb6b-7c93-4bc8-bb5e-a666ffdae72e,2026-05-19,12,37.70,147.60,146.60,61.70,,17.30,0.418,26.00,29,149.00,3.60,7.35,4.28,1010.00,"{""imc"": ""Excelente"", ""rce"": ""Excelente"", ""abdo"": ""Razoável"", ""flex"": ""Fraco"", ""jump"": ""Bom"", ""run6"": ""Razoável"", ""mball"": ""Razoável"", ""sprint"": ""Razoável"", ""square"": ""Fraco""}",Indicadores de saúde estáveis. Continuar reforço de treinos funcionais e mobilidade.,,2026-06-19 09:12:14.107688+00,2026-06-19 20:55:38.136676+00,,,,t
a5d8dc20-14a0-499c-83ee-d7d166ed7c14,07cc7290-5d3f-421b-a514-b21d6a683494,0613cd16-df85-4553-a9ff-d8580f817ac0,6496fb6b-7c93-4bc8-bb5e-a666ffdae72e,2025-09-19,10,34.60,137.00,137.00,55.00,,18.43,0.401,24.00,24,138.00,3.10,7.70,4.48,900.00,"{""imc"": ""Excelente"", ""rce"": ""Excelente"", ""abdo"": ""Razoável"", ""flex"": ""Bom"", ""jump"": ""Razoável"", ""run6"": ""Fraco"", ""mball"": ""Razoável"", ""sprint"": ""Fraco"", ""square"": ""Muito Fraco""}",Pequenas oscilações em provas de velocidade — focar trabalho técnico de saída e aceleração.,,2026-06-19 09:12:14.107688+00,2026-06-19 20:55:38.136676+00,,,,t
a2e7d027-98d7-47d3-a6eb-5da7d99a0d26,07cc7290-5d3f-421b-a514-b21d6a683494,0613cd16-df85-4553-a9ff-d8580f817ac0,6496fb6b-7c93-4bc8-bb5e-a666ffdae72e,2026-01-19,10,35.80,137.80,137.80,54.60,,18.85,0.396,25.50,27,144.00,3.40,7.55,4.40,960.00,"{""imc"": ""Excelente"", ""rce"": ""Razoável"", ""abdo"": ""Razoável"", ""flex"": ""Bom"", ""jump"": ""Razoável"", ""run6"": ""Razoável"", ""mball"": ""Razoável"", ""sprint"": ""Fraco"", ""square"": ""Muito Fraco""}",Indicadores de saúde estáveis. Continuar reforço de treinos funcionais e mobilidade.,,2026-06-19 09:12:14.107688+00,2026-06-19 20:55:38.136676+00,,,,t
6e9d2d3f-ac4b-44f3-9a55-5a5a206130a8,07cc7290-5d3f-421b-a514-b21d6a683494,0613cd16-df85-4553-a9ff-d8580f817ac0,6496fb6b-7c93-4bc8-bb5e-a666ffdae72e,2026-05-19,11,37.00,138.60,138.60,54.20,,19.26,0.391,27.00,30,150.00,3.70,7.40,4.32,1020.00,"{""imc"": ""Excelente"", ""rce"": ""Razoável"", ""abdo"": ""Razoável"", ""flex"": ""Bom"", ""jump"": ""Razoável"", ""run6"": ""Razoável"", ""mball"": ""Razoável"", ""sprint"": ""Fraco"", ""square"": ""Muito Fraco""}",Boa adesão ao programa. Sugere-se ampliar volume de corrida contínua para melhorar VO2.,,2026-06-19 09:12:14.107688+00,2026-06-19 20:55:38.136676+00,,,,t
d9f0e806-2d79-49fd-8e90-e072b08e4930,07cc7290-5d3f-421b-a514-b21d6a683494,8b9f999a-7eb7-4139-b2c5-322466ec1d48,6496fb6b-7c93-4bc8-bb5e-a666ffdae72e,2025-09-19,12,41.90,146.00,147.00,59.00,,19.66,0.404,25.00,25,139.00,3.20,7.75,4.52,910.00,"{""imc"": ""Excelente"", ""rce"": ""Excelente"", ""abdo"": ""Razoável"", ""flex"": ""Fraco"", ""jump"": ""Razoável"", ""run6"": ""Fraco"", ""mball"": ""Razoável"", ""sprint"": ""Fraco"", ""square"": ""Muito Fraco""}",Indicadores de saúde estáveis. Continuar reforço de treinos funcionais e mobilidade.,,2026-06-19 09:12:14.107688+00,2026-06-19 20:55:38.136676+00,,,,t
c6eb5c32-92f8-4ebe-9151-49e72773282f,07cc7290-5d3f-421b-a514-b21d6a683494,8b9f999a-7eb7-4139-b2c5-322466ec1d48,6496fb6b-7c93-4bc8-bb5e-a666ffdae72e,2026-01-19,12,43.10,146.80,147.80,58.60,,20.00,0.399,26.50,28,145.00,3.50,7.60,4.44,970.00,"{""imc"": ""Excelente"", ""rce"": ""Razoável"", ""abdo"": ""Razoável"", ""flex"": ""Razoável"", ""jump"": ""Razoável"", ""run6"": ""Fraco"", ""mball"": ""Razoável"", ""sprint"": ""Fraco"", ""square"": ""Muito Fraco""}",Boa adesão ao programa. Sugere-se ampliar volume de corrida contínua para melhorar VO2.,,2026-06-19 09:12:14.107688+00,2026-06-19 20:55:38.136676+00,,,,t
73125460-f02b-4bad-890d-22c4434101b8,07cc7290-5d3f-421b-a514-b21d6a683494,8b9f999a-7eb7-4139-b2c5-322466ec1d48,6496fb6b-7c93-4bc8-bb5e-a666ffdae72e,2026-05-19,13,44.30,147.60,148.60,58.20,,20.33,0.394,28.00,31,151.00,3.80,7.45,4.36,1030.00,"{""imc"": ""Excelente"", ""rce"": ""Razoável"", ""abdo"": ""Bom"", ""flex"": ""Razoável"", ""jump"": ""Bom"", ""run6"": ""Razoável"", ""mball"": ""Razoável"", ""sprint"": ""Fraco"", ""square"": ""Muito Fraco""}",Atenção ao IMC: orientar família sobre hábitos alimentares e manter monitoramento trimestral.,,2026-06-19 09:12:14.107688+00,2026-06-19 20:55:38.136676+00,,,,t
26f82832-601d-4eca-bfd9-139ef3e37ed2,07cc7290-5d3f-421b-a514-b21d6a683494,5bba517b-d364-4354-8fc0-b5ba06becbba,6496fb6b-7c93-4bc8-bb5e-a666ffdae72e,2025-09-19,11,42.20,145.00,147.00,58.50,,20.07,0.403,22.00,26,132.00,3.30,7.60,4.40,920.00,"{""imc"": ""Excelente"", ""rce"": ""Excelente"", ""abdo"": ""Razoável"", ""flex"": ""Razoável"", ""jump"": ""Fraco"", ""run6"": ""Fraco"", ""mball"": ""Fraco"", ""sprint"": ""Fraco"", ""square"": ""Muito Fraco""}",Boa adesão ao programa. Sugere-se ampliar volume de corrida contínua para melhorar VO2.,,2026-06-19 09:12:14.107688+00,2026-06-19 20:55:38.136676+00,,,,t
f7e95295-0153-4088-acc6-1b2e07565a14,07cc7290-5d3f-421b-a514-b21d6a683494,5bba517b-d364-4354-8fc0-b5ba06becbba,6496fb6b-7c93-4bc8-bb5e-a666ffdae72e,2026-01-19,11,43.40,145.80,147.80,58.10,,20.42,0.398,23.50,29,138.00,3.60,7.45,4.32,980.00,"{""imc"": ""Excelente"", ""rce"": ""Razoável"", ""abdo"": ""Razoável"", ""flex"": ""Bom"", ""jump"": ""Fraco"", ""run6"": ""Fraco"", ""mball"": ""Razoável"", ""sprint"": ""Fraco"", ""square"": ""Muito Fraco""}",Atenção ao IMC: orientar família sobre hábitos alimentares e manter monitoramento trimestral.,,2026-06-19 09:12:14.107688+00,2026-06-19 20:55:38.136676+00,,,,t
24269300-e375-4a5d-95fb-c8d82998b4c4,07cc7290-5d3f-421b-a514-b21d6a683494,5bba517b-d364-4354-8fc0-b5ba06becbba,6496fb6b-7c93-4bc8-bb5e-a666ffdae72e,2026-05-19,11,44.60,146.60,148.60,57.70,,20.75,0.394,25.00,32,144.00,3.90,7.30,4.24,1040.00,"{""imc"": ""Excelente"", ""rce"": ""Razoável"", ""abdo"": ""Bom"", ""flex"": ""Bom"", ""jump"": ""Razoável"", ""run6"": ""Razoável"", ""mball"": ""Razoável"", ""sprint"": ""Fraco"", ""square"": ""Muito Fraco""}",Evolução excelente em potência de membros superiores (medicine ball). Manter treino com cargas progressivas.,,2026-06-19 09:12:14.107688+00,2026-06-19 20:55:38.136676+00,,,,t
2e18618f-384c-4adf-9679-b6c9fc6f18bc,07cc7290-5d3f-421b-a514-b21d6a683494,3a2ca647-210f-4132-b5f2-1640d30b587b,6496fb6b-7c93-4bc8-bb5e-a666ffdae72e,2025-09-19,13,47.00,153.00,151.00,62.50,,20.08,0.408,23.00,22,133.00,2.90,7.65,4.44,930.00,"{""imc"": ""Excelente"", ""rce"": ""Excelente"", ""abdo"": ""Fraco"", ""flex"": ""Fraco"", ""jump"": ""Fraco"", ""run6"": ""Fraco"", ""mball"": ""Fraco"", ""sprint"": ""Fraco"", ""square"": ""Muito Fraco""}",Atenção ao IMC: orientar família sobre hábitos alimentares e manter monitoramento trimestral.,,2026-06-19 09:12:14.107688+00,2026-06-19 20:55:38.136676+00,,,,t
9a275b55-6289-4214-8429-c324dc2a1a4e,07cc7290-5d3f-421b-a514-b21d6a683494,3a2ca647-210f-4132-b5f2-1640d30b587b,6496fb6b-7c93-4bc8-bb5e-a666ffdae72e,2026-01-19,13,48.20,153.80,151.80,62.10,,20.38,0.404,24.50,25,139.00,3.20,7.50,4.36,990.00,"{""imc"": ""Excelente"", ""rce"": ""Excelente"", ""abdo"": ""Razoável"", ""flex"": ""Fraco"", ""jump"": ""Razoável"", ""run6"": ""Fraco"", ""mball"": ""Fraco"", ""sprint"": ""Fraco"", ""square"": ""Muito Fraco""}",Evolução excelente em potência de membros superiores (medicine ball). Manter treino com cargas progressivas.,,2026-06-19 09:12:14.107688+00,2026-06-19 20:55:38.136676+00,,,,t
d189fedc-8443-4730-9f4c-3dd067ca3587,07cc7290-5d3f-421b-a514-b21d6a683494,3a2ca647-210f-4132-b5f2-1640d30b587b,6496fb6b-7c93-4bc8-bb5e-a666ffdae72e,2026-05-19,13,49.40,154.60,152.60,61.70,,20.67,0.399,26.00,28,145.00,3.50,7.35,4.28,1050.00,"{""imc"": ""Excelente"", ""rce"": ""Razoável"", ""abdo"": ""Razoável"", ""flex"": ""Fraco"", ""jump"": ""Razoável"", ""run6"": ""Razoável"", ""mball"": ""Razoável"", ""sprint"": ""Razoável"", ""square"": ""Muito Fraco""}",Resultados em flexibilidade abaixo da meta — incluir rotina de alongamento ativo nas aulas.,,2026-06-19 09:12:14.107688+00,2026-06-19 20:55:38.136676+00,,,,t
f835b081-c533-412b-98b0-91300dcf1a0c,07cc7290-5d3f-421b-a514-b21d6a683494,76af782e-60ca-442c-b223-338d08345d2c,6496fb6b-7c93-4bc8-bb5e-a666ffdae72e,2025-09-19,13,53.30,159.00,158.00,63.50,,21.08,0.399,24.00,23,134.00,3.00,7.70,4.48,940.00,"{""imc"": ""Excelente"", ""rce"": ""Razoável"", ""abdo"": ""Fraco"", ""flex"": ""Razoável"", ""jump"": ""Muito Fraco"", ""run6"": ""Muito Fraco"", ""mball"": ""Muito Fraco"", ""sprint"": ""Muito Fraco"", ""square"": ""Muito Fraco""}",Evolução excelente em potência de membros superiores (medicine ball). Manter treino com cargas progressivas.,,2026-06-19 09:12:14.107688+00,2026-06-19 20:55:38.136676+00,,,,t
1f32b3de-fe1c-4af4-8876-a7eda52a87b8,07cc7290-5d3f-421b-a514-b21d6a683494,76af782e-60ca-442c-b223-338d08345d2c,6496fb6b-7c93-4bc8-bb5e-a666ffdae72e,2026-01-19,13,54.50,159.80,158.80,63.10,,21.34,0.395,25.50,26,140.00,3.30,7.55,4.40,1000.00,"{""imc"": ""Excelente"", ""rce"": ""Razoável"", ""abdo"": ""Fraco"", ""flex"": ""Bom"", ""jump"": ""Muito Fraco"", ""run6"": ""Fraco"", ""mball"": ""Fraco"", ""sprint"": ""Muito Fraco"", ""square"": ""Muito Fraco""}",Resultados em flexibilidade abaixo da meta — incluir rotina de alongamento ativo nas aulas.,,2026-06-19 09:12:14.107688+00,2026-06-19 20:55:38.136676+00,,,,t
dfea50d0-e891-4d40-b1e4-e0e7dc315099,07cc7290-5d3f-421b-a514-b21d6a683494,76af782e-60ca-442c-b223-338d08345d2c,6496fb6b-7c93-4bc8-bb5e-a666ffdae72e,2026-05-19,13,55.70,160.60,159.60,62.70,,21.60,0.390,27.00,29,146.00,3.60,7.40,4.32,1060.00,"{""imc"": ""Excelente"", ""rce"": ""Razoável"", ""abdo"": ""Razoável"", ""flex"": ""Bom"", ""jump"": ""Fraco"", ""run6"": ""Fraco"", ""mball"": ""Fraco"", ""sprint"": ""Muito Fraco"", ""square"": ""Muito Fraco""}",Perfil de baixo risco. Recomenda-se participação em modalidades coletivas para socialização.,,2026-06-19 09:12:14.107688+00,2026-06-19 20:55:38.136676+00,,,,t
105410c9-ef76-4ff0-a622-ee6e01dea1b6,07cc7290-5d3f-421b-a514-b21d6a683494,b690438c-a8bd-435b-af07-5f88723d1b84,6496fb6b-7c93-4bc8-bb5e-a666ffdae72e,2025-09-19,15,57.60,165.00,165.00,67.50,,21.16,0.409,25.00,24,135.00,3.10,7.75,4.52,950.00,"{""imc"": ""Excelente"", ""rce"": ""Excelente"", ""abdo"": ""Fraco"", ""flex"": ""Fraco"", ""jump"": ""Fraco"", ""run6"": ""Fraco"", ""mball"": ""Fraco"", ""sprint"": ""Fraco"", ""square"": ""Muito Fraco""}",Resultados em flexibilidade abaixo da meta — incluir rotina de alongamento ativo nas aulas.,,2026-06-19 09:12:14.107688+00,2026-06-19 20:55:38.136676+00,,,,t
4dd03575-3232-4341-8c71-c6dbd258f760,07cc7290-5d3f-421b-a514-b21d6a683494,b690438c-a8bd-435b-af07-5f88723d1b84,6496fb6b-7c93-4bc8-bb5e-a666ffdae72e,2026-01-19,15,58.80,165.80,165.80,67.10,,21.39,0.405,26.50,27,141.00,3.40,7.60,4.44,1010.00,"{""imc"": ""Excelente"", ""rce"": ""Excelente"", ""abdo"": ""Razoável"", ""flex"": ""Fraco"", ""jump"": ""Razoável"", ""run6"": ""Razoável"", ""mball"": ""Fraco"", ""sprint"": ""Fraco"", ""square"": ""Muito Fraco""}",Perfil de baixo risco. Recomenda-se participação em modalidades coletivas para socialização.,,2026-06-19 09:12:14.107688+00,2026-06-19 20:55:38.136676+00,,,,t
794cfc78-249e-428c-8fbe-4f266a54030b,07cc7290-5d3f-421b-a514-b21d6a683494,b690438c-a8bd-435b-af07-5f88723d1b84,6496fb6b-7c93-4bc8-bb5e-a666ffdae72e,2026-05-19,15,60.00,166.60,166.60,66.70,,21.62,0.400,28.00,30,147.00,3.70,7.45,4.36,1070.00,"{""imc"": ""Excelente"", ""rce"": ""Excelente"", ""abdo"": ""Razoável"", ""flex"": ""Fraco"", ""jump"": ""Razoável"", ""run6"": ""Razoável"", ""mball"": ""Razoável"", ""sprint"": ""Fraco"", ""square"": ""Muito Fraco""}",Aluno demonstra evolução consistente em força e resistência cardiorrespiratória. Recomenda-se manter periodização atual.,,2026-06-19 09:12:14.107688+00,2026-06-19 20:55:38.136676+00,,,,t
e6c9d3e2-6e40-4e0c-b30a-6cd214810b35,07cc7290-5d3f-421b-a514-b21d6a683494,be4264b6-4b8d-4c87-8986-2086172c97c9,6496fb6b-7c93-4bc8-bb5e-a666ffdae72e,2025-09-19,14,65.90,173.00,174.00,68.50,,22.02,0.396,22.00,25,136.00,3.20,7.60,4.40,960.00,"{""imc"": ""Excelente"", ""rce"": ""Razoável"", ""abdo"": ""Fraco"", ""flex"": ""Razoável"", ""jump"": ""Muito Fraco"", ""run6"": ""Muito Fraco"", ""mball"": ""Muito Fraco"", ""sprint"": ""Muito Fraco"", ""square"": ""Muito Fraco""}",Perfil de baixo risco. Recomenda-se participação em modalidades coletivas para socialização.,,2026-06-19 09:12:14.107688+00,2026-06-19 20:55:38.136676+00,,,,t
17b832fe-fc9c-4fec-9ed3-714b13400ad0,07cc7290-5d3f-421b-a514-b21d6a683494,be4264b6-4b8d-4c87-8986-2086172c97c9,6496fb6b-7c93-4bc8-bb5e-a666ffdae72e,2026-01-19,15,67.10,173.80,174.80,68.10,,22.21,0.392,23.50,28,142.00,3.50,7.45,4.32,1020.00,"{""imc"": ""Excelente"", ""rce"": ""Razoável"", ""abdo"": ""Fraco"", ""flex"": ""Razoável"", ""jump"": ""Muito Fraco"", ""run6"": ""Muito Fraco"", ""mball"": ""Muito Fraco"", ""sprint"": ""Muito Fraco"", ""square"": ""Muito Fraco""}",Aluno demonstra evolução consistente em força e resistência cardiorrespiratória. Recomenda-se manter periodização atual.,,2026-06-19 09:12:14.107688+00,2026-06-19 20:55:38.136676+00,,,,t
73527e31-2b1c-4d36-a034-0e9c26997ce2,07cc7290-5d3f-421b-a514-b21d6a683494,be4264b6-4b8d-4c87-8986-2086172c97c9,6496fb6b-7c93-4bc8-bb5e-a666ffdae72e,2026-05-19,15,68.30,174.60,175.60,67.70,,22.40,0.388,25.00,31,148.00,3.80,7.30,4.24,1080.00,"{""imc"": ""Excelente"", ""rce"": ""Razoável"", ""abdo"": ""Fraco"", ""flex"": ""Razoável"", ""jump"": ""Muito Fraco"", ""run6"": ""Fraco"", ""mball"": ""Muito Fraco"", ""sprint"": ""Muito Fraco"", ""square"": ""Muito Fraco""}",Composição corporal dentro do esperado para idade. Boa progressão na flexibilidade e potência de membros inferiores.,,2026-06-19 09:12:14.107688+00,2026-06-19 20:55:38.136676+00,,,,t
5e552e30-21ff-4f2e-807c-e987dfb9ab6f,07cc7290-5d3f-421b-a514-b21d6a683494,cfdeeadc-06e8-4772-9b92-f8c4ffeed387,6496fb6b-7c93-4bc8-bb5e-a666ffdae72e,2025-09-19,16,59.20,170.00,172.00,65.50,,20.48,0.385,23.00,26,137.00,3.30,7.65,4.44,880.00,"{""imc"": ""Excelente"", ""rce"": ""Razoável"", ""abdo"": ""Fraco"", ""flex"": ""Muito Fraco"", ""jump"": ""Fraco"", ""run6"": ""Fraco"", ""mball"": ""Fraco"", ""sprint"": ""Fraco"", ""square"": ""Muito Fraco""}",Aluno demonstra evolução consistente em força e resistência cardiorrespiratória. Recomenda-se manter periodização atual.,,2026-06-19 09:12:14.107688+00,2026-06-19 20:55:38.136676+00,,,,t
95057529-9654-41f6-a3ef-71efc0ce75eb,07cc7290-5d3f-421b-a514-b21d6a683494,cfdeeadc-06e8-4772-9b92-f8c4ffeed387,6496fb6b-7c93-4bc8-bb5e-a666ffdae72e,2026-01-19,17,60.40,170.80,172.80,65.10,,20.70,0.381,24.50,29,143.00,3.60,7.50,4.36,940.00,"{""imc"": ""Excelente"", ""rce"": ""Razoável"", ""abdo"": ""Razoável"", ""flex"": ""Muito Fraco"", ""jump"": ""Fraco"", ""run6"": ""Fraco"", ""mball"": ""Fraco"", ""sprint"": ""Fraco"", ""square"": ""Muito Fraco""}",Composição corporal dentro do esperado para idade. Boa progressão na flexibilidade e potência de membros inferiores.,,2026-06-19 09:12:14.107688+00,2026-06-19 20:55:38.136676+00,,,,t
a370e905-95fa-42d3-a253-bf64f42dfd29,07cc7290-5d3f-421b-a514-b21d6a683494,cfdeeadc-06e8-4772-9b92-f8c4ffeed387,6496fb6b-7c93-4bc8-bb5e-a666ffdae72e,2026-05-19,17,61.60,171.60,173.60,64.70,,20.92,0.377,26.00,32,149.00,3.90,7.35,4.28,1000.00,"{""imc"": ""Excelente"", ""rce"": ""Razoável"", ""abdo"": ""Razoável"", ""flex"": ""Muito Fraco"", ""jump"": ""Razoável"", ""run6"": ""Fraco"", ""mball"": ""Razoável"", ""sprint"": ""Razoável"", ""square"": ""Muito Fraco""}",Performance acima da média da turma. Indicado encaminhamento para grupo de alto rendimento.,,2026-06-19 09:12:14.107688+00,2026-06-19 20:55:38.136676+00,,,,t
eb58247f-de31-4e05-bbeb-d3e392fd143b,07cc7290-5d3f-421b-a514-b21d6a683494,41d0d566-784a-4a86-9d99-df51f9163eb7,6496fb6b-7c93-4bc8-bb5e-a666ffdae72e,2025-09-19,9,33.00,138.00,136.00,56.00,,17.33,0.406,24.00,22,138.00,2.90,7.70,4.48,890.00,"{""imc"": ""Excelente"", ""rce"": ""Excelente"", ""abdo"": ""Razoável"", ""flex"": ""Bom"", ""jump"": ""Razoável"", ""run6"": ""Fraco"", ""mball"": ""Razoável"", ""sprint"": ""Fraco"", ""square"": ""Muito Fraco""}",Composição corporal dentro do esperado para idade. Boa progressão na flexibilidade e potência de membros inferiores.,,2026-06-19 09:12:14.107688+00,2026-06-19 20:55:38.136676+00,,,,t
ae509553-1a82-4227-8111-67040160114e,07cc7290-5d3f-421b-a514-b21d6a683494,41d0d566-784a-4a86-9d99-df51f9163eb7,6496fb6b-7c93-4bc8-bb5e-a666ffdae72e,2026-01-19,10,34.20,138.80,136.80,55.60,,17.75,0.401,25.50,25,144.00,3.20,7.55,4.40,950.00,"{""imc"": ""Excelente"", ""rce"": ""Excelente"", ""abdo"": ""Razoável"", ""flex"": ""Bom"", ""jump"": ""Razoável"", ""run6"": ""Fraco"", ""mball"": ""Razoável"", ""sprint"": ""Fraco"", ""square"": ""Muito Fraco""}",Performance acima da média da turma. Indicado encaminhamento para grupo de alto rendimento.,,2026-06-19 09:12:14.107688+00,2026-06-19 20:55:38.136676+00,,,,t
931b425f-2f6d-4d4e-8680-70abf9973154,07cc7290-5d3f-421b-a514-b21d6a683494,41d0d566-784a-4a86-9d99-df51f9163eb7,6496fb6b-7c93-4bc8-bb5e-a666ffdae72e,2026-05-19,10,35.40,139.60,137.60,55.20,,18.16,0.395,27.00,28,150.00,3.50,7.40,4.32,1010.00,"{""imc"": ""Excelente"", ""rce"": ""Razoável"", ""abdo"": ""Razoável"", ""flex"": ""Bom"", ""jump"": ""Razoável"", ""run6"": ""Razoável"", ""mball"": ""Razoável"", ""sprint"": ""Fraco"", ""square"": ""Muito Fraco""}",Pequenas oscilações em provas de velocidade — focar trabalho técnico de saída e aceleração.,,2026-06-19 09:12:14.107688+00,2026-06-19 20:55:38.136676+00,,,,t
2dbafb04-1073-40fa-acb0-a023c959396e,07cc7290-5d3f-421b-a514-b21d6a683494,f44d1b7e-eaa3-41be-91c5-88861388f119,,2026-06-21,16,,,,,,,,39.00,,,,,,,"{""flex"": ""Bom""}",,,2026-06-21 15:25:57.664412+00,2026-06-21 15:25:57.664412+00,,,,f
b4cafc78-e3cf-4ad9-bc77-66dc0de29264,07cc7290-5d3f-421b-a514-b21d6a683494,7f04fa8e-4b36-4148-89c7-459e8503a90c,6496fb6b-7c93-4bc8-bb5e-a666ffdae72e,2025-09-19,10,36.30,142.00,141.00,58.50,,18.00,0.412,25.00,23,139.00,3.00,7.75,4.52,900.00,"{""imc"": ""Excelente"", ""rce"": ""Excelente"", ""abdo"": ""Razoável"", ""flex"": ""Razoável"", ""jump"": ""Bom"", ""run6"": ""Fraco"", ""mball"": ""Razoável"", ""sprint"": ""Razoável"", ""square"": ""Fraco""}",Performance acima da média da turma. Indicado encaminhamento para grupo de alto rendimento.,,2026-06-19 09:12:14.107688+00,2026-06-19 20:55:38.136676+00,,,,t
93d69092-f405-438f-b13c-157ed569875a,07cc7290-5d3f-421b-a514-b21d6a683494,7f04fa8e-4b36-4148-89c7-459e8503a90c,6496fb6b-7c93-4bc8-bb5e-a666ffdae72e,2026-01-19,11,37.50,142.80,141.80,58.10,,18.39,0.407,26.50,26,145.00,3.30,7.60,4.44,960.00,"{""imc"": ""Excelente"", ""rce"": ""Excelente"", ""abdo"": ""Razoável"", ""flex"": ""Razoável"", ""jump"": ""Bom"", ""run6"": ""Razoável"", ""mball"": ""Razoável"", ""sprint"": ""Razoável"", ""square"": ""Muito Fraco""}",Pequenas oscilações em provas de velocidade — focar trabalho técnico de saída e aceleração.,,2026-06-19 09:12:14.107688+00,2026-06-19 20:55:38.136676+00,,,,t
4f393570-d806-42bf-b7a9-87ae4f77cf29,07cc7290-5d3f-421b-a514-b21d6a683494,7f04fa8e-4b36-4148-89c7-459e8503a90c,6496fb6b-7c93-4bc8-bb5e-a666ffdae72e,2026-05-19,11,38.70,143.60,142.60,57.70,,18.77,0.402,28.00,29,151.00,3.60,7.45,4.36,1020.00,"{""imc"": ""Excelente"", ""rce"": ""Excelente"", ""abdo"": ""Bom"", ""flex"": ""Razoável"", ""jump"": ""Bom"", ""run6"": ""Razoável"", ""mball"": ""Bom"", ""sprint"": ""Razoável"", ""square"": ""Fraco""}",Indicadores de saúde estáveis. Continuar reforço de treinos funcionais e mobilidade.,,2026-06-19 09:12:14.107688+00,2026-06-19 20:55:38.136676+00,,,,t
278f8543-809b-4a1d-bab7-e69b1659e552,07cc7290-5d3f-421b-a514-b21d6a683494,a194c47b-8122-4e78-96e6-b6ba713d26ac,6496fb6b-7c93-4bc8-bb5e-a666ffdae72e,2025-09-19,11,40.60,146.00,146.00,59.50,,19.05,0.408,22.00,24,132.00,3.10,7.60,4.40,910.00,"{""imc"": ""Excelente"", ""rce"": ""Excelente"", ""abdo"": ""Fraco"", ""flex"": ""Razoável"", ""jump"": ""Fraco"", ""run6"": ""Fraco"", ""mball"": ""Fraco"", ""sprint"": ""Fraco"", ""square"": ""Muito Fraco""}",Pequenas oscilações em provas de velocidade — focar trabalho técnico de saída e aceleração.,,2026-06-19 09:12:14.107688+00,2026-06-19 20:55:38.136676+00,,,,t
5dc875d9-ef9e-4e6f-938c-d5c2bfe50a4c,07cc7290-5d3f-421b-a514-b21d6a683494,a194c47b-8122-4e78-96e6-b6ba713d26ac,6496fb6b-7c93-4bc8-bb5e-a666ffdae72e,2026-01-19,12,41.80,146.80,146.80,59.10,,19.40,0.403,23.50,27,138.00,3.40,7.45,4.32,970.00,"{""imc"": ""Excelente"", ""rce"": ""Excelente"", ""abdo"": ""Razoável"", ""flex"": ""Bom"", ""jump"": ""Fraco"", ""run6"": ""Fraco"", ""mball"": ""Fraco"", ""sprint"": ""Fraco"", ""square"": ""Muito Fraco""}",Indicadores de saúde estáveis. Continuar reforço de treinos funcionais e mobilidade.,,2026-06-19 09:12:14.107688+00,2026-06-19 20:55:38.136676+00,,,,t
7ab983d7-14c6-4102-9158-9647edeeb8d7,07cc7290-5d3f-421b-a514-b21d6a683494,a194c47b-8122-4e78-96e6-b6ba713d26ac,6496fb6b-7c93-4bc8-bb5e-a666ffdae72e,2026-05-19,12,43.00,147.60,147.60,58.70,,19.74,0.398,25.00,30,144.00,3.70,7.30,4.24,1030.00,"{""imc"": ""Excelente"", ""rce"": ""Razoável"", ""abdo"": ""Razoável"", ""flex"": ""Bom"", ""jump"": ""Fraco"", ""run6"": ""Fraco"", ""mball"": ""Razoável"", ""sprint"": ""Fraco"", ""square"": ""Muito Fraco""}",Boa adesão ao programa. Sugere-se ampliar volume de corrida contínua para melhorar VO2.,,2026-06-19 09:12:14.107688+00,2026-06-19 20:55:38.136676+00,,,,t
b9a011e1-2071-4223-86b2-8e121910faf7,07cc7290-5d3f-421b-a514-b21d6a683494,838c9da4-bddb-4453-a8b1-817da5535e21,6496fb6b-7c93-4bc8-bb5e-a666ffdae72e,2025-09-19,12,42.90,149.00,150.00,62.00,,19.32,0.416,23.00,25,133.00,3.20,7.65,4.44,920.00,"{""imc"": ""Excelente"", ""rce"": ""Excelente"", ""abdo"": ""Razoável"", ""flex"": ""Fraco"", ""jump"": ""Razoável"", ""run6"": ""Fraco"", ""mball"": ""Razoável"", ""sprint"": ""Fraco"", ""square"": ""Muito Fraco""}",Indicadores de saúde estáveis. Continuar reforço de treinos funcionais e mobilidade.,,2026-06-19 09:12:14.107688+00,2026-06-19 20:55:38.136676+00,,,,t
9841e37f-a945-408f-b9ae-58c9e447912a,07cc7290-5d3f-421b-a514-b21d6a683494,838c9da4-bddb-4453-a8b1-817da5535e21,6496fb6b-7c93-4bc8-bb5e-a666ffdae72e,2026-01-19,12,44.10,149.80,150.80,61.60,,19.65,0.411,24.50,28,139.00,3.50,7.50,4.36,980.00,"{""imc"": ""Excelente"", ""rce"": ""Excelente"", ""abdo"": ""Razoável"", ""flex"": ""Fraco"", ""jump"": ""Razoável"", ""run6"": ""Fraco"", ""mball"": ""Razoável"", ""sprint"": ""Razoável"", ""square"": ""Muito Fraco""}",Boa adesão ao programa. Sugere-se ampliar volume de corrida contínua para melhorar VO2.,,2026-06-19 09:12:14.107688+00,2026-06-19 20:55:38.136676+00,,,,t
5c8b3bee-3851-483e-993a-8cd1ca26cdbb,07cc7290-5d3f-421b-a514-b21d6a683494,838c9da4-bddb-4453-a8b1-817da5535e21,6496fb6b-7c93-4bc8-bb5e-a666ffdae72e,2026-05-19,13,45.30,150.60,151.60,61.20,,19.97,0.406,26.00,31,145.00,3.80,7.35,4.28,1040.00,"{""imc"": ""Excelente"", ""rce"": ""Excelente"", ""abdo"": ""Bom"", ""flex"": ""Fraco"", ""jump"": ""Razoável"", ""run6"": ""Razoável"", ""mball"": ""Razoável"", ""sprint"": ""Razoável"", ""square"": ""Muito Fraco""}",Atenção ao IMC: orientar família sobre hábitos alimentares e manter monitoramento trimestral.,,2026-06-19 09:12:14.107688+00,2026-06-19 20:55:38.136676+00,,,,t
990174c8-4f5f-4873-a08b-2c154961fe37,07cc7290-5d3f-421b-a514-b21d6a683494,d90f1fb5-d2e4-4146-8fb4-94798601f6b9,6496fb6b-7c93-4bc8-bb5e-a666ffdae72e,2025-09-19,12,48.20,154.00,156.00,63.00,,20.32,0.409,24.00,26,134.00,3.30,7.70,4.48,930.00,"{""imc"": ""Excelente"", ""rce"": ""Excelente"", ""abdo"": ""Fraco"", ""flex"": ""Bom"", ""jump"": ""Fraco"", ""run6"": ""Fraco"", ""mball"": ""Fraco"", ""sprint"": ""Fraco"", ""square"": ""Muito Fraco""}",Boa adesão ao programa. Sugere-se ampliar volume de corrida contínua para melhorar VO2.,,2026-06-19 09:12:14.107688+00,2026-06-19 20:55:38.136676+00,,,,t
432e9cec-7636-4237-be5e-03d133ac1358,07cc7290-5d3f-421b-a514-b21d6a683494,d90f1fb5-d2e4-4146-8fb4-94798601f6b9,6496fb6b-7c93-4bc8-bb5e-a666ffdae72e,2026-01-19,12,49.40,154.80,156.80,62.60,,20.62,0.404,25.50,29,140.00,3.60,7.55,4.40,990.00,"{""imc"": ""Excelente"", ""rce"": ""Excelente"", ""abdo"": ""Razoável"", ""flex"": ""Bom"", ""jump"": ""Fraco"", ""run6"": ""Fraco"", ""mball"": ""Fraco"", ""sprint"": ""Fraco"", ""square"": ""Muito Fraco""}",Atenção ao IMC: orientar família sobre hábitos alimentares e manter monitoramento trimestral.,,2026-06-19 09:12:14.107688+00,2026-06-19 20:55:38.136676+00,,,,t
8c5af4ea-c400-4ca5-b5fe-3e8b0186590b,07cc7290-5d3f-421b-a514-b21d6a683494,d90f1fb5-d2e4-4146-8fb4-94798601f6b9,6496fb6b-7c93-4bc8-bb5e-a666ffdae72e,2026-05-19,13,50.60,155.60,157.60,62.20,,20.90,0.400,27.00,32,146.00,3.90,7.40,4.32,1050.00,"{""imc"": ""Excelente"", ""rce"": ""Excelente"", ""abdo"": ""Razoável"", ""flex"": ""Bom"", ""jump"": ""Fraco"", ""run6"": ""Fraco"", ""mball"": ""Fraco"", ""sprint"": ""Muito Fraco"", ""square"": ""Muito Fraco""}",Evolução excelente em potência de membros superiores (medicine ball). Manter treino com cargas progressivas.,,2026-06-19 09:12:14.107688+00,2026-06-19 20:55:38.136676+00,,,,t
59a1c01a-7ff1-4914-a83a-f053689403a6,07cc7290-5d3f-421b-a514-b21d6a683494,0e46589c-f78c-4210-9160-10bad6abeb4d,6496fb6b-7c93-4bc8-bb5e-a666ffdae72e,2025-09-19,14,52.00,161.00,159.00,67.00,,20.06,0.416,23.00,18,123.00,2.50,8.15,4.72,860.00,"{""imc"": ""Excelente"", ""rce"": ""Excelente"", ""abdo"": ""Muito Fraco"", ""flex"": ""Muito Fraco"", ""jump"": ""Muito Fraco"", ""run6"": ""Fraco"", ""mball"": ""Muito Fraco"", ""sprint"": ""Muito Fraco"", ""square"": ""Muito Fraco""}",Atenção ao IMC: orientar família sobre hábitos alimentares e manter monitoramento trimestral.,,2026-06-19 09:12:14.107688+00,2026-06-19 20:55:38.136676+00,,,,t
c1a751c0-5130-4755-b6f2-8e0977992d79,07cc7290-5d3f-421b-a514-b21d6a683494,0e46589c-f78c-4210-9160-10bad6abeb4d,6496fb6b-7c93-4bc8-bb5e-a666ffdae72e,2026-01-19,14,53.20,161.80,159.80,66.60,,20.32,0.412,24.50,21,129.00,2.80,8.00,4.64,920.00,"{""imc"": ""Excelente"", ""rce"": ""Excelente"", ""abdo"": ""Fraco"", ""flex"": ""Fraco"", ""jump"": ""Fraco"", ""run6"": ""Fraco"", ""mball"": ""Fraco"", ""sprint"": ""Fraco"", ""square"": ""Muito Fraco""}",Evolução excelente em potência de membros superiores (medicine ball). Manter treino com cargas progressivas.,,2026-06-19 09:12:14.107688+00,2026-06-19 20:55:38.136676+00,,,,t
24b1ecc4-4e40-41f0-b55a-43900d368082,07cc7290-5d3f-421b-a514-b21d6a683494,0e46589c-f78c-4210-9160-10bad6abeb4d,6496fb6b-7c93-4bc8-bb5e-a666ffdae72e,2026-05-19,15,54.40,162.60,160.60,66.20,,20.58,0.407,26.00,24,135.00,3.10,7.85,4.56,980.00,"{""imc"": ""Excelente"", ""rce"": ""Excelente"", ""abdo"": ""Fraco"", ""flex"": ""Fraco"", ""jump"": ""Fraco"", ""run6"": ""Fraco"", ""mball"": ""Fraco"", ""sprint"": ""Fraco"", ""square"": ""Muito Fraco""}",Resultados em flexibilidade abaixo da meta — incluir rotina de alongamento ativo nas aulas.,,2026-06-19 09:12:14.107688+00,2026-06-19 20:55:38.136676+00,,,,t
939f7382-7b72-43e6-9afb-9b3e2e0cc83a,07cc7290-5d3f-421b-a514-b21d6a683494,26958a94-6a9b-46e2-87d6-309b8a5687bb,6496fb6b-7c93-4bc8-bb5e-a666ffdae72e,2025-09-19,14,59.30,161.00,160.00,61.00,,22.88,0.379,20.00,19,124.00,2.60,8.00,4.60,870.00,"{""imc"": ""Razoável"", ""rce"": ""Razoável"", ""abdo"": ""Muito Fraco"", ""flex"": ""Fraco"", ""jump"": ""Muito Fraco"", ""run6"": ""Muito Fraco"", ""mball"": ""Muito Fraco"", ""sprint"": ""Muito Fraco"", ""square"": ""Muito Fraco""}",Evolução excelente em potência de membros superiores (medicine ball). Manter treino com cargas progressivas.,,2026-06-19 09:12:14.107688+00,2026-06-19 20:55:38.136676+00,,,,t
ce27b2e7-6698-4648-bfa4-c406b9a204d1,07cc7290-5d3f-421b-a514-b21d6a683494,26958a94-6a9b-46e2-87d6-309b8a5687bb,6496fb6b-7c93-4bc8-bb5e-a666ffdae72e,2026-01-19,14,60.50,161.80,160.80,60.60,,23.11,0.375,21.50,22,130.00,2.90,7.85,4.52,930.00,"{""imc"": ""Razoável"", ""rce"": ""Razoável"", ""abdo"": ""Muito Fraco"", ""flex"": ""Razoável"", ""jump"": ""Muito Fraco"", ""run6"": ""Muito Fraco"", ""mball"": ""Muito Fraco"", ""sprint"": ""Muito Fraco"", ""square"": ""Muito Fraco""}",Resultados em flexibilidade abaixo da meta — incluir rotina de alongamento ativo nas aulas.,,2026-06-19 09:12:14.107688+00,2026-06-19 20:55:38.136676+00,,,,t
f452f951-db88-49b2-bc2e-78cc2fef956d,07cc7290-5d3f-421b-a514-b21d6a683494,26958a94-6a9b-46e2-87d6-309b8a5687bb,6496fb6b-7c93-4bc8-bb5e-a666ffdae72e,2026-05-19,15,61.70,162.60,161.60,60.20,,23.34,0.370,23.00,25,136.00,3.20,7.70,4.44,990.00,"{""imc"": ""Razoável"", ""rce"": ""Razoável"", ""abdo"": ""Muito Fraco"", ""flex"": ""Razoável"", ""jump"": ""Muito Fraco"", ""run6"": ""Muito Fraco"", ""mball"": ""Muito Fraco"", ""sprint"": ""Muito Fraco"", ""square"": ""Muito Fraco""}",Perfil de baixo risco. Recomenda-se participação em modalidades coletivas para socialização.,,2026-06-19 09:12:14.107688+00,2026-06-19 20:55:38.136676+00,,,,t
ee996fad-4df4-4537-90be-47a3c5939c76,07cc7290-5d3f-421b-a514-b21d6a683494,77795eb4-fd27-4a8f-a249-e5631c0ef3ce,6496fb6b-7c93-4bc8-bb5e-a666ffdae72e,2025-09-19,16,62.60,166.00,166.00,65.00,,22.72,0.392,21.00,20,125.00,2.70,8.05,4.64,880.00,"{""imc"": ""Razoável"", ""rce"": ""Razoável"", ""abdo"": ""Muito Fraco"", ""flex"": ""Muito Fraco"", ""jump"": ""Muito Fraco"", ""run6"": ""Fraco"", ""mball"": ""Muito Fraco"", ""sprint"": ""Muito Fraco"", ""square"": ""Muito Fraco""}",Resultados em flexibilidade abaixo da meta — incluir rotina de alongamento ativo nas aulas.,,2026-06-19 09:12:14.107688+00,2026-06-19 20:55:38.136676+00,,,,t
08f3c011-880a-43de-a1bc-99af647c4673,07cc7290-5d3f-421b-a514-b21d6a683494,77795eb4-fd27-4a8f-a249-e5631c0ef3ce,6496fb6b-7c93-4bc8-bb5e-a666ffdae72e,2026-01-19,16,63.80,166.80,166.80,64.60,,22.93,0.387,22.50,23,131.00,3.00,7.90,4.56,940.00,"{""imc"": ""Razoável"", ""rce"": ""Razoável"", ""abdo"": ""Fraco"", ""flex"": ""Muito Fraco"", ""jump"": ""Fraco"", ""run6"": ""Fraco"", ""mball"": ""Fraco"", ""sprint"": ""Fraco"", ""square"": ""Muito Fraco""}",Perfil de baixo risco. Recomenda-se participação em modalidades coletivas para socialização.,,2026-06-19 09:12:14.107688+00,2026-06-19 20:55:38.136676+00,,,,t
ba61939b-b113-4ee9-a3ff-6bc8a6fca7d0,07cc7290-5d3f-421b-a514-b21d6a683494,77795eb4-fd27-4a8f-a249-e5631c0ef3ce,6496fb6b-7c93-4bc8-bb5e-a666ffdae72e,2026-05-19,16,65.00,167.60,167.60,64.20,,23.14,0.383,24.00,26,137.00,3.30,7.75,4.48,1000.00,"{""imc"": ""Razoável"", ""rce"": ""Razoável"", ""abdo"": ""Fraco"", ""flex"": ""Muito Fraco"", ""jump"": ""Fraco"", ""run6"": ""Fraco"", ""mball"": ""Fraco"", ""sprint"": ""Fraco"", ""square"": ""Muito Fraco""}",Aluno demonstra evolução consistente em força e resistência cardiorrespiratória. Recomenda-se manter periodização atual.,,2026-06-19 09:12:14.107688+00,2026-06-19 20:55:38.136676+00,,,,t
81a080c9-ebc8-4645-87f1-d71b0d852b36,07cc7290-5d3f-421b-a514-b21d6a683494,b1b574a8-4c19-4c0e-8d65-594d119c756b,6496fb6b-7c93-4bc8-bb5e-a666ffdae72e,2025-09-19,16,62.90,175.00,176.00,66.00,,20.54,0.377,22.00,21,126.00,2.80,8.10,4.68,800.00,"{""imc"": ""Excelente"", ""rce"": ""Razoável"", ""abdo"": ""Muito Fraco"", ""flex"": ""Fraco"", ""jump"": ""Muito Fraco"", ""run6"": ""Muito Fraco"", ""mball"": ""Muito Fraco"", ""sprint"": ""Muito Fraco"", ""square"": ""Muito Fraco""}",Perfil de baixo risco. Recomenda-se participação em modalidades coletivas para socialização.,,2026-06-19 09:12:14.107688+00,2026-06-19 20:55:38.136676+00,,,,t
8a640d32-d210-4b44-bf15-7f1550714e14,07cc7290-5d3f-421b-a514-b21d6a683494,b1b574a8-4c19-4c0e-8d65-594d119c756b,6496fb6b-7c93-4bc8-bb5e-a666ffdae72e,2026-01-19,16,64.10,175.80,176.80,65.60,,20.74,0.373,23.50,24,132.00,3.10,7.95,4.60,860.00,"{""imc"": ""Excelente"", ""rce"": ""Razoável"", ""abdo"": ""Muito Fraco"", ""flex"": ""Fraco"", ""jump"": ""Muito Fraco"", ""run6"": ""Muito Fraco"", ""mball"": ""Muito Fraco"", ""sprint"": ""Muito Fraco"", ""square"": ""Muito Fraco""}",Aluno demonstra evolução consistente em força e resistência cardiorrespiratória. Recomenda-se manter periodização atual.,,2026-06-19 09:12:14.107688+00,2026-06-19 20:55:38.136676+00,,,,t
2563927a-03e5-4488-a7a4-57d5c2d66c92,07cc7290-5d3f-421b-a514-b21d6a683494,b1b574a8-4c19-4c0e-8d65-594d119c756b,6496fb6b-7c93-4bc8-bb5e-a666ffdae72e,2026-05-19,16,65.30,176.60,177.60,65.20,,20.94,0.369,25.00,27,138.00,3.40,7.80,4.52,920.00,"{""imc"": ""Excelente"", ""rce"": ""Razoável"", ""abdo"": ""Muito Fraco"", ""flex"": ""Razoável"", ""jump"": ""Muito Fraco"", ""run6"": ""Muito Fraco"", ""mball"": ""Muito Fraco"", ""sprint"": ""Muito Fraco"", ""square"": ""Muito Fraco""}",Composição corporal dentro do esperado para idade. Boa progressão na flexibilidade e potência de membros inferiores.,,2026-06-19 09:12:14.107688+00,2026-06-19 20:55:38.136676+00,,,,t
708681a9-c1f9-41cd-8b19-8286da5a1877,07cc7290-5d3f-421b-a514-b21d6a683494,93855dc9-9963-4357-b242-a3e1b8bf6b66,6496fb6b-7c93-4bc8-bb5e-a666ffdae72e,2025-09-19,11,36.20,143.00,145.00,59.50,,17.70,0.416,23.00,22,127.00,2.90,8.15,4.72,810.00,"{""imc"": ""Excelente"", ""rce"": ""Excelente"", ""abdo"": ""Fraco"", ""flex"": ""Fraco"", ""jump"": ""Razoável"", ""run6"": ""Fraco"", ""mball"": ""Razoável"", ""sprint"": ""Fraco"", ""square"": ""Muito Fraco""}",Aluno demonstra evolução consistente em força e resistência cardiorrespiratória. Recomenda-se manter periodização atual.,,2026-06-19 09:12:14.107688+00,2026-06-19 20:55:38.136676+00,,,,t
f00cec3e-cfe4-4852-ad56-7d4da555ca06,07cc7290-5d3f-421b-a514-b21d6a683494,93855dc9-9963-4357-b242-a3e1b8bf6b66,6496fb6b-7c93-4bc8-bb5e-a666ffdae72e,2026-01-19,11,37.40,143.80,145.80,59.10,,18.09,0.411,24.50,25,133.00,3.20,8.00,4.64,870.00,"{""imc"": ""Excelente"", ""rce"": ""Excelente"", ""abdo"": ""Razoável"", ""flex"": ""Fraco"", ""jump"": ""Razoável"", ""run6"": ""Fraco"", ""mball"": ""Razoável"", ""sprint"": ""Fraco"", ""square"": ""Muito Fraco""}",Composição corporal dentro do esperado para idade. Boa progressão na flexibilidade e potência de membros inferiores.,,2026-06-19 09:12:14.107688+00,2026-06-19 20:55:38.136676+00,,,,t
b449fa61-ab0a-4c8c-b4ec-2b439cfda42e,07cc7290-5d3f-421b-a514-b21d6a683494,93855dc9-9963-4357-b242-a3e1b8bf6b66,6496fb6b-7c93-4bc8-bb5e-a666ffdae72e,2026-05-19,11,38.60,144.60,146.60,58.70,,18.46,0.406,26.00,28,139.00,3.50,7.85,4.56,930.00,"{""imc"": ""Excelente"", ""rce"": ""Excelente"", ""abdo"": ""Razoável"", ""flex"": ""Razoável"", ""jump"": ""Razoável"", ""run6"": ""Fraco"", ""mball"": ""Razoável"", ""sprint"": ""Fraco"", ""square"": ""Muito Fraco""}",Performance acima da média da turma. Indicado encaminhamento para grupo de alto rendimento.,,2026-06-19 09:12:14.107688+00,2026-06-19 20:55:38.136676+00,,,,t
42cc3d1d-904a-40d0-a7ff-e68102903366,07cc7290-5d3f-421b-a514-b21d6a683494,b9855ec0-f4aa-489a-90f0-9c080dbcc9a1,6496fb6b-7c93-4bc8-bb5e-a666ffdae72e,2025-09-19,10,34.00,141.00,139.00,59.00,,17.10,0.418,28.00,34,168.00,4.10,6.40,3.80,1140.00,"{""imc"": ""Excelente"", ""rce"": ""Excelente"", ""abdo"": ""Bom"", ""flex"": ""Muito Bom"", ""jump"": ""Muito Bom"", ""run6"": ""Bom"", ""mball"": ""Bom"", ""sprint"": ""Bom"", ""square"": ""Razoável""}",Composição corporal dentro do esperado para idade. Boa progressão na flexibilidade e potência de membros inferiores.,,2026-06-19 09:12:14.107688+00,2026-06-19 20:55:38.136676+00,,,,t
7ce89315-1d23-459e-8cd2-8ea0e11a816c,07cc7290-5d3f-421b-a514-b21d6a683494,b9855ec0-f4aa-489a-90f0-9c080dbcc9a1,6496fb6b-7c93-4bc8-bb5e-a666ffdae72e,2026-01-19,10,35.20,141.80,139.80,58.60,,17.51,0.413,29.50,37,174.00,4.40,6.25,3.72,1200.00,"{""imc"": ""Excelente"", ""rce"": ""Excelente"", ""abdo"": ""Muito Bom"", ""flex"": ""Muito Bom"", ""jump"": ""Muito Bom"", ""run6"": ""Bom"", ""mball"": ""Muito Bom"", ""sprint"": ""Bom"", ""square"": ""Razoável""}",Performance acima da média da turma. Indicado encaminhamento para grupo de alto rendimento.,,2026-06-19 09:12:14.107688+00,2026-06-19 20:55:38.136676+00,,,,t
2db76630-8043-4120-b6fe-4c3d79101c31,07cc7290-5d3f-421b-a514-b21d6a683494,b9855ec0-f4aa-489a-90f0-9c080dbcc9a1,6496fb6b-7c93-4bc8-bb5e-a666ffdae72e,2026-05-19,10,36.40,142.60,140.60,58.20,,17.90,0.408,31.00,40,180.00,4.70,6.10,3.64,1260.00,"{""imc"": ""Excelente"", ""rce"": ""Excelente"", ""abdo"": ""Muito Bom"", ""flex"": ""Muito Bom"", ""jump"": ""Muito Bom"", ""run6"": ""Muito Bom"", ""mball"": ""Muito Bom"", ""sprint"": ""Muito Bom"", ""square"": ""Bom""}",Pequenas oscilações em provas de velocidade — focar trabalho técnico de saída e aceleração.,,2026-06-19 09:12:14.107688+00,2026-06-19 20:55:38.136676+00,,,,t
6ed3ba75-da58-4291-a366-c82c19cd3b24,07cc7290-5d3f-421b-a514-b21d6a683494,e80d66b9-d557-4403-abeb-efc07409159d,,2026-06-21,17,,,,,,,,69.00,,,,,,,"{""flex"": ""Excelente""}",,,2026-06-21 15:26:00.803464+00,2026-06-21 15:26:00.803464+00,,,,f
27970ab1-4738-4c8e-a30f-25601a9af414,07cc7290-5d3f-421b-a514-b21d6a683494,da1cbf00-c248-4a63-b468-cb734df46aa0,,2026-06-21,14,,,,,,,,58.20,,,,,,,"{""flex"": ""Excelente""}",,,2026-06-21 15:26:08.689937+00,2026-06-21 15:26:08.689937+00,,,,f
6a43cf79-4252-4f39-846b-4c873a23ef67,07cc7290-5d3f-421b-a514-b21d6a683494,57feb5ae-f85f-4db6-974e-88a1551d14ed,,2026-06-21,18,,,,,,,,23.40,,,,,,,"{""flex"": ""Muito Fraco""}",,,2026-06-21 15:26:11.931893+00,2026-06-21 15:26:14.203302+00,,,,f
bc693e1c-2611-4bf2-8173-b0880dc94a7b,07cc7290-5d3f-421b-a514-b21d6a683494,e091bac6-49cd-4e04-a5ec-aefff4c89a53,,2026-06-21,12,,,,,,,,129.00,,,,,,,"{""flex"": ""Excelente""}",,,2026-06-21 15:26:17.11312+00,2026-06-21 15:26:23.042887+00,,,,f
c4c33b0d-6a1a-424a-8fbf-eebb7f140e0a,82728988-d739-4851-8718-cb574126d861,d6d5013d-31e7-4e9c-9b90-b0b82d001a2c,,2026-06-19,11,41.00,160.00,160.00,43.00,62.00,16.02,0.269,30.00,30,130.00,4.00,4.32,3.40,1200.00,"{""imc"": ""Excelente"", ""rce"": ""Razoável"", ""abdo"": ""Razoável"", ""flex"": ""Muito Bom"", ""jump"": ""Fraco"", ""run6"": ""Bom"", ""mball"": ""Razoável"", ""sprint"": ""Muito Bom"", ""square"": ""Excelente""}","Diagnóstico geral positivo, caracterizado por excelente composição corporal e valências físicas de velocidade e agilidade em níveis de alto desempenho. O aluno apresenta flexibilidade superior à média, mas demonstra fraqueza muscular relativa em membros inferiores (potência física 'Fraca') e níveis moderados de resistência localizada. O risco coronariano (RCE) é razoável, demandando atenção preventiva na dieta e manutenção de atividades aeróbicas.",,2026-06-19 22:49:22.441787+00,2026-06-20 15:13:57.248016+00,"O aluno João Antônio apresenta um perfil antropométrico adequado, com IMC classificado como excelente, indicando boa relação entre massa corporal e estatura para sua idade cronológica. No âmbito das capacidades motoras, destaca-se pela excelente agilidade e velocidade de deslocamento, além de níveis ótimos de flexibilidade. Contudo, há um déficit significativo na potência de membros inferiores (Salto Horizontal) e uma classificação limítrofe na resistência abdominal e força explosiva de membros superiores. A aptidão cardiorrespiratória (Corrida 6 min) é satisfatória, mas pode ser otimizada. Recomenda-se um planejamento pedagógico focado em exercícios de pliometria de baixa intensidade e sobrecarga progressiva para membros superiores e core (abdominal). O objetivo é equilibrar a distribuição de força muscular, aproveitando sua base favorável de velocidade e agilidade para esportes coletivos ou atletismo.","João Antônio demonstra um ótimo desenvolvimento físico geral e uma saúde corporal muito equilibrada. Ele é um aluno muito rápido e ágil, o que facilita sua participação em diversas brincadeiras e esportes. Notamos que ele tem uma flexibilidade incrível! Identificamos apenas que ele pode ganhar um pouco mais de força nas pernas e nos braços para realizar saltos e arremessos com mais facilidade. Em casa, a família pode incentivar atividades que envolvam pular corda, subir em pequenos obstáculos e a prática de esportes competitivos que ele goste. Manter João ativo é fundamental para que ele continue com esse excelente crescimento e disposição nas aulas de Educação Física.","{""30_days"": [""Aumentar a média de repetições abdominais de 30 para 35 reps"", ""Introduzir dinâmicas de saltos verticais e horizontais (pliometria)"", ""Melhorar a técnica de arremesso do Medicine Ball""], ""60_days"": [""Atingir 145 cm no salto horizontal (saída do nível fraco)"", ""Manter a velocidade de sprint abaixo de 3.5 segundos"", ""Alcançar 1300 metros no teste de corrida de 6 minutos""], ""90_days"": [""Consolidar força de membros superiores para atingir 4.5m no Medicine Ball"", ""Atingir classificação 'Bom' ou superior em todos os testes do PROESP"", ""Reduzir o tempo no teste do quadrado para 4.20 segundos""]}",f
cb769227-1731-4214-bf46-994723ec23c5,07cc7290-5d3f-421b-a514-b21d6a683494,fa7a55ed-9bf7-4e78-9850-c9dab4473857,,2026-06-21,15,,,,,,,,55.00,,,,,,,"{""flex"": ""Excelente""}","Diagnóstico parcial baseado na bateria PROESP-BR. Identifica-se excelente desempenho em flexibilidade, indicando baixo risco de lesões articulares. O perfil de aptidão física relacionada à saúde e ao desempenho esportivo está incompleto devido à falta de dados sobre IMC, força abdominal, potência de membros e capacidade aeróbica.",,2026-06-21 15:26:05.135283+00,2026-06-22 00:11:27.462172+00,"A estudante Rafaela Ribeiro Ribeiro apresenta um nível de flexibilidade classificado como 'Excelente', atingindo 55 cm no teste de sentar e alcançar. Esta valência física indica uma ótima amplitude articular e saúde do sistema musculoesquelético. Devido à ausência de outros dados antropométricos e motores (resitência, força, agilidade e velocidade), o perfil físico atual é inconclusivo quanto à aptidão cardiorrespiratória e neuromuscular. Recomenda-se a realização dos demais testes da bateria PROESP-BR para uma análise completa. Pedagogicamente, sugere-se manter o treinamento de flexibilidade atual e iniciar progressões de carga em atividades de força e resistência aeróbica para equilibrar as capacidades físicas.","A Rafaela demonstrou um resultado brilhante no teste de flexibilidade, superando a média esperada para sua idade. Isso previne dores e melhora sua postura. Como não temos os resultados dos outros exercícios ainda, nossa recomendação é incentivar que ela participe de todas as aulas de Educação Física. Vocês podem ajudar em casa estimulando caminhadas em família ou atividades ao ar livre para fortalecer o coração e os músculos. Parabéns pelo desempenho atual!","{""30_days"": [""Completar a avaliação dos dados antropométricos (peso e altura)"", ""Realizar testes de força abdominal e salto horizontal"", ""Manter rotina de alongamentos 3 vezes por semana""], ""60_days"": [""Executar o teste de corrida de 6 minutos para avaliação aeróbica"", ""Estabelecer uma linha de base para agilidade e velocidade"", ""Participar de atividades esportivas coletivas na escola""], ""90_days"": [""Alcançar classificação 'Zona Saudável' em todos os testes motores"", ""Melhorar o condicionamento físico geral através de práticas diversificadas"", ""Reavaliar todos os indicadores para comparar com o estado inicial""]}",f
ef3b94e7-00b0-475d-800f-5e2eb55e4f62,819b08a7-38d4-4d1d-87f0-82f74eba90a9,fb7e22df-a871-4393-b310-1eebf3fc0364,,2026-06-25,11,56.00,158.00,155.00,120.00,100.00,22.43,0.759,20.00,20,150.00,4.00,7.00,4.00,1000.00,"{""imc"": ""Excelente"", ""rce"": ""Muito Fraco"", ""abdo"": ""Fraco"", ""flex"": ""Razoável"", ""jump"": ""Razoável"", ""run6"": ""Fraco"", ""mball"": ""Razoável"", ""sprint"": ""Razoável"", ""square"": ""Muito Fraco""}",,,2026-06-25 16:56:22.673582+00,2026-06-25 16:56:22.673582+00,,,,f
0de443b0-400c-4786-9f3c-2198a6d33c6a,819b08a7-38d4-4d1d-87f0-82f74eba90a9,fb7e22df-a871-4393-b310-1eebf3fc0364,,2026-06-26,11,60.00,160.00,158.00,110.00,100.00,23.44,0.688,120.00,60,500.00,5.00,3.00,4.00,1230.00,"{""imc"": ""Razoável"", ""rce"": ""Muito Fraco"", ""abdo"": ""Excelente"", ""flex"": ""Excelente"", ""jump"": ""Excelente"", ""run6"": ""Bom"", ""mball"": ""Muito Bom"", ""sprint"": ""Razoável"", ""square"": ""Excelente""}",,,2026-06-25 16:57:40.944343+00,2026-06-25 16:57:40.944343+00,,,,f
116d4d87-8470-4549-bf7f-ff953aefec9f,82728988-d739-4851-8718-cb574126d861,0e09ea1b-582d-4736-bd35-a0777a5014d4,,2026-06-25,10,50.30,157.00,159.00,69.00,,20.41,0.439,24.00,21,137.00,3.30,8.21,4.98,890.00,"{""imc"": ""Excelente"", ""rce"": ""Excelente"", ""abdo"": ""Fraco"", ""flex"": ""Bom"", ""jump"": ""Razoável"", ""run6"": ""Fraco"", ""mball"": ""Razoável"", ""sprint"": ""Muito Fraco"", ""square"": ""Muito Fraco""}",,,2026-06-25 17:26:42.143112+00,2026-06-25 18:39:39.073998+00,,,,f
74d7bb6b-1840-47d0-9a42-e3ea99b6c6ad,82728988-d739-4851-8718-cb574126d861,0e09ea1b-582d-4736-bd35-a0777a5014d4,,2025-12-25,10,49.20,157.00,159.00,67.00,,19.96,0.427,31.00,34,156.00,3.85,7.18,4.46,1080.00,"{""imc"": ""Excelente"", ""rce"": ""Excelente"", ""abdo"": ""Bom"", ""flex"": ""Muito Bom"", ""jump"": ""Bom"", ""run6"": ""Razoável"", ""mball"": ""Bom"", ""sprint"": ""Fraco"", ""square"": ""Fraco""}",,,2026-06-25 17:33:51.834645+00,2026-06-25 18:54:11.695469+00,,,,f
dafd6442-8a2f-49d1-aa0c-1730a8748cdf,82728988-d739-4851-8718-cb574126d861,0e09ea1b-582d-4736-bd35-a0777a5014d4,6496fb6b-7c93-4bc8-bb5e-a666ffdae72e,2026-06-26,10,48.70,158.00,159.00,65.00,,19.51,0.411,35.00,41,169.00,4.32,6.72,4.22,1215.00,"{""imc"": ""Excelente"", ""rce"": ""Excelente"", ""abdo"": ""Excelente"", ""flex"": ""Excelente"", ""jump"": ""Muito Bom"", ""run6"": ""Bom"", ""mball"": ""Muito Bom"", ""sprint"": ""Razoável"", ""square"": ""Fraco""}",,,2026-06-25 18:56:56.834686+00,2026-06-25 18:56:56.834686+00,,,,f
d65895fa-5a21-4134-86aa-2d140a31d9df,82728988-d739-4851-8718-cb574126d861,92e5bfee-b212-4d38-bce7-e012a0bf44de,,2026-07-01,13,52.00,160.00,166.00,69.00,,20.31,0.431,55.00,,,,,,,"{""imc"": ""Excelente"", ""rce"": ""Excelente"", ""flex"": ""Excelente""}",,,2026-07-01 11:49:16.899561+00,2026-07-01 12:09:58.804834+00,,,,f
f2f8c72a-61e0-4c41-b9eb-b99090609fe4,82728988-d739-4851-8718-cb574126d861,fdf76391-bb3a-4843-8ccb-8201a6ebada4,,2026-07-01,13,58.00,163.00,162.00,71.00,,21.83,0.436,33.00,,,,,,,"{""imc"": ""Excelente"", ""rce"": ""Excelente"", ""flex"": ""Bom""}",,,2026-07-01 11:50:09.988387+00,2026-07-01 12:10:33.754341+00,,,,f
cfd5c357-3519-49e7-a2b0-3d3e40e2fe8f,82728988-d739-4851-8718-cb574126d861,0d1e7555-7701-4bff-9297-581a0fcc8105,,2026-07-01,13,51.00,153.00,155.00,71.00,,21.79,0.464,43.00,,,,,,,"{""imc"": ""Excelente"", ""rce"": ""Excelente"", ""flex"": ""Excelente""}",,,2026-07-01 11:49:39.662351+00,2026-07-01 12:11:03.553551+00,,,,f
1028549c-833b-4e59-be20-99f01da38f1c,82728988-d739-4851-8718-cb574126d861,c6a24107-8e03-4b76-ab72-37c7ed8f0829,,2026-07-01,13,55.00,163.00,168.00,71.00,,20.70,0.436,44.00,,,,,,,"{""imc"": ""Excelente"", ""rce"": ""Excelente"", ""flex"": ""Excelente""}",,,2026-07-01 11:52:24.840342+00,2026-07-01 12:11:30.015995+00,,,,f
9eec10f3-af46-4dfc-a6d0-9c3f5ddb5f60,82728988-d739-4851-8718-cb574126d861,0d6041a1-1c5f-4fc6-88fd-6ac45af5a53d,,2026-07-01,13,65.00,162.00,162.00,77.00,,24.77,0.475,29.00,,,,,,,"{""imc"": ""Razoável"", ""rce"": ""Excelente"", ""flex"": ""Razoável""}",,,2026-07-01 11:52:02.511399+00,2026-07-01 12:12:13.360561+00,,,,f
ff02def1-de47-4a03-8117-77ef84523c00,82728988-d739-4851-8718-cb574126d861,b4c2b025-7daf-4b4a-b79d-871fd6d226d2,,2026-07-01,13,46.00,162.00,164.00,72.00,,17.53,0.444,28.00,,,,,,,"{""imc"": ""Excelente"", ""rce"": ""Excelente"", ""flex"": ""Razoável""}",,,2026-07-01 11:53:14.152475+00,2026-07-01 12:12:49.001926+00,,,,f
361b71b7-5a92-4f69-89ee-8147e1caf8d5,82728988-d739-4851-8718-cb574126d861,0820c748-d8fa-4b04-9680-3d878ba0182f,,2026-07-01,13,59.00,166.00,164.00,79.00,,21.41,0.476,26.00,,,,,,,"{""imc"": ""Excelente"", ""rce"": ""Excelente"", ""flex"": ""Fraco""}",,,2026-07-01 11:51:14.139602+00,2026-07-01 12:13:08.115895+00,,,,f
d5c84aab-4852-4510-a1ec-faadc6cdd944,82728988-d739-4851-8718-cb574126d861,d62936ec-df1d-4bc4-9565-fae199471dc2,,2026-07-01,13,65.00,164.00,167.00,96.00,,24.17,0.585,39.00,,,,,,,"{""imc"": ""Razoável"", ""rce"": ""Fraco"", ""flex"": ""Excelente""}",,,2026-07-01 13:02:29.459516+00,2026-07-01 13:17:50.329368+00,,,,f
ede1f6d8-40a8-456a-baf9-7e45b60c6ab7,82728988-d739-4851-8718-cb574126d861,d86002f4-ffaf-4c3e-98a6-20d08aa8deca,,2026-07-01,13,56.00,171.00,167.00,82.00,,19.15,0.480,25.00,,,,,,,"{""imc"": ""Excelente"", ""rce"": ""Excelente"", ""flex"": ""Bom""}",,,2026-07-01 13:04:04.917544+00,2026-07-01 13:18:07.967886+00,,,,f
8c4af88f-28e6-4be5-97b1-e3c7559fc64f,82728988-d739-4851-8718-cb574126d861,0e09ea1b-582d-4736-bd35-a0777a5014d4,,2026-07-02,10,,,,,,,,,,,,,,1010.00,"{""run6"": ""Razoável""}",,,2026-07-02 13:24:13.144593+00,2026-07-02 13:24:15.308813+00,,,,f
17651337-858b-4695-887a-6c130f2c4032,82728988-d739-4851-8718-cb574126d861,c6a24107-8e03-4b76-ab72-37c7ed8f0829,,2026-07-29,13,,,,,,,,,30,,,,,720.00,"{""abdo"": ""Razoável"", ""run6"": ""Muito Fraco""}",,,2026-07-29 11:56:00.867774+00,2026-07-29 13:01:57.546304+00,,,,f
da60fd7a-cbe5-4ebc-91c8-b7b93dcf84d5,82728988-d739-4851-8718-cb574126d861,d62936ec-df1d-4bc4-9565-fae199471dc2,,2026-08-12,13,,,,,,,,,,124.00,,,4.41,,"{""jump"": ""Muito Fraco"", ""sprint"": ""Muito Fraco""}",,,2026-08-12 11:57:00.014634+00,2026-08-12 12:10:06.592238+00,,,,f
fb2ba9f8-59fb-4f92-91a4-9d219c760c6a,82728988-d739-4851-8718-cb574126d861,e2926806-33ca-4537-9380-8ca877a8817d,,2026-07-29,13,,,,,,,,,49,,,,,1310.00,"{""abdo"": ""Excelente"", ""run6"": ""Bom""}",,,2026-07-29 11:58:29.920762+00,2026-07-29 12:18:12.569881+00,,,,f
0411e46a-e646-4d59-91ef-5176c4f30e42,82728988-d739-4851-8718-cb574126d861,0820c748-d8fa-4b04-9680-3d878ba0182f,,2026-07-29,13,,,,,,,,,26,,,,,890.00,"{""abdo"": ""Razoável"", ""run6"": ""Fraco""}",,,2026-07-29 11:52:52.81287+00,2026-07-29 13:02:22.11085+00,,,,f
1d967b02-c4f8-4a4b-bc97-249c44f07e38,82728988-d739-4851-8718-cb574126d861,7b49a8b0-3380-4ac3-9d75-4414148aaaf8,,2026-07-29,13,,,,,,,,,53,,,,,1030.00,"{""abdo"": ""Excelente"", ""run6"": ""Fraco""}",,,2026-07-29 11:56:15.705781+00,2026-07-29 12:18:49.607941+00,,,,f
644bcd2c-1420-4daa-b007-54375c9abe08,82728988-d739-4851-8718-cb574126d861,ea035fe3-268c-4552-b69d-c42f728de1d4,,2026-07-29,14,,,,,,,,,45,,,,,1160.00,"{""abdo"": ""Muito Bom"", ""run6"": ""Razoável""}",,,2026-07-29 11:53:00.981187+00,2026-07-29 12:19:14.476927+00,,,,f
dfc94be4-c16e-4e63-aa01-fa0e35dc4409,82728988-d739-4851-8718-cb574126d861,b4c2b025-7daf-4b4a-b79d-871fd6d226d2,,2026-07-29,13,,,,,,,,,20,,,,,940.00,"{""abdo"": ""Fraco"", ""run6"": ""Fraco""}",,,2026-07-29 11:53:35.62441+00,2026-07-29 13:02:35.701173+00,,,,f
d566af41-2f9a-422c-aab4-5895402808c0,82728988-d739-4851-8718-cb574126d861,fcd3fa75-6fa7-45a6-b9f7-b803ffc0b9c6,,2026-07-01,13,45.00,163.00,163.50,71.00,,16.94,0.436,37.00,,,,,,,"{""imc"": ""Excelente"", ""rce"": ""Excelente"", ""flex"": ""Excelente""}",,,2026-07-01 13:02:45.836407+00,2026-07-01 13:15:44.329199+00,,,,f
872f777b-cd96-435f-8004-1dfa7b370263,82728988-d739-4851-8718-cb574126d861,7b49a8b0-3380-4ac3-9d75-4414148aaaf8,,2026-07-01,13,42.00,168.00,164.00,69.00,,14.88,0.411,22.00,,,,,,,"{""imc"": ""Fraco"", ""rce"": ""Excelente"", ""flex"": ""Razoável""}",,,2026-07-01 11:50:35.716969+00,2026-07-01 13:16:08.17228+00,,,,f
1ab40cbd-52e0-45ca-bfb0-7127ba357278,82728988-d739-4851-8718-cb574126d861,e2926806-33ca-4537-9380-8ca877a8817d,,2026-07-01,13,54.00,168.00,172.00,73.00,,19.13,0.435,46.00,,,,,,,"{""imc"": ""Excelente"", ""rce"": ""Excelente"", ""flex"": ""Excelente""}",,,2026-07-01 13:04:16.526987+00,2026-07-01 13:16:34.176605+00,,,,f
ed1e470e-1578-4bbc-9cbb-c3e7be1d9f4e,82728988-d739-4851-8718-cb574126d861,ea035fe3-268c-4552-b69d-c42f728de1d4,,2026-07-01,13,44.00,160.00,168.00,70.00,,17.19,0.438,51.00,,,,,,,"{""imc"": ""Excelente"", ""rce"": ""Excelente"", ""flex"": ""Excelente""}",,,2026-07-01 13:03:29.779657+00,2026-07-01 13:16:48.340908+00,,,,f
4e520b73-162d-4fde-a884-867288afbe9a,82728988-d739-4851-8718-cb574126d861,ee2d0a97-4ac2-4aed-b0c8-93325a5056e3,,2026-07-01,14,48.00,158.00,157.00,77.00,,19.23,0.487,40.00,,,,,,,"{""imc"": ""Excelente"", ""rce"": ""Excelente"", ""flex"": ""Excelente""}",,,2026-07-01 13:03:54.874521+00,2026-07-01 13:17:04.485558+00,,,,f
9c88b56a-c9ee-4d23-93fc-2aa403bc91d3,82728988-d739-4851-8718-cb574126d861,5889bd93-412d-4a8a-ab73-b16fb489fc86,,2026-07-01,13,68.00,173.00,174.00,86.00,,22.72,0.497,39.00,,,,,,,"{""imc"": ""Razoável"", ""rce"": ""Excelente"", ""flex"": ""Excelente""}",,,2026-07-01 13:03:13.905427+00,2026-07-01 13:17:21.955204+00,,,,f
8b433022-495e-41ce-9464-82ead0615179,82728988-d739-4851-8718-cb574126d861,0d1e7555-7701-4bff-9297-581a0fcc8105,,2026-07-29,13,,,,,,,,,32,,,,,790.00,"{""abdo"": ""Bom"", ""run6"": ""Muito Fraco""}",,,2026-07-29 11:53:13.723442+00,2026-07-29 12:19:49.958001+00,,,,f
1f5961b2-9ecb-4ea3-a7bf-3a5437b1a59b,82728988-d739-4851-8718-cb574126d861,fdf76391-bb3a-4843-8ccb-8201a6ebada4,,2026-07-29,13,,,,,,,,,31,,,,,660.00,"{""abdo"": ""Bom"", ""run6"": ""Muito Fraco""}",,,2026-07-29 11:56:07.156199+00,2026-07-29 13:02:56.037494+00,,,,f
746c119d-7c72-463a-ad91-2d14e2137f60,82728988-d739-4851-8718-cb574126d861,0d6041a1-1c5f-4fc6-88fd-6ac45af5a53d,,2026-07-29,13,,,,,,,,,35,,,,,880.00,"{""abdo"": ""Bom"", ""run6"": ""Fraco""}",,,2026-07-29 11:58:17.74126+00,2026-07-29 13:03:04.132684+00,,,,f
3df34c60-5f01-4ca6-b05f-07a22845b116,82728988-d739-4851-8718-cb574126d861,fcd3fa75-6fa7-45a6-b9f7-b803ffc0b9c6,,2026-07-29,13,,,,,,,,,50,,,,,1010.00,"{""abdo"": ""Excelente"", ""run6"": ""Fraco""}",,,2026-07-29 12:00:16.635524+00,2026-07-29 12:29:14.65846+00,,,,f
baac2d86-03df-4169-a0d4-5f44013e5950,82728988-d739-4851-8718-cb574126d861,5889bd93-412d-4a8a-ab73-b16fb489fc86,,2026-07-29,13,,,,,,,,,40,,,,,1010.00,"{""abdo"": ""Bom"", ""run6"": ""Fraco""}",,,2026-07-29 11:59:55.787811+00,2026-07-29 12:29:24.737877+00,,,,f
51d2fdb1-1150-4c19-876a-d1cd291f9e64,82728988-d739-4851-8718-cb574126d861,0e09ea1b-582d-4736-bd35-a0777a5014d4,,2026-08-12,10,,,,,,,,,,,,,,,{},,,2026-08-12 11:48:02.635286+00,2026-08-12 11:48:07.683994+00,,,,f
d63101db-f763-4ff5-b29e-8b7e694ae2f7,82728988-d739-4851-8718-cb574126d861,d86002f4-ffaf-4c3e-98a6-20d08aa8deca,,2026-07-29,13,,,,,,,,,50,,,,,1140.00,"{""abdo"": ""Excelente"", ""run6"": ""Razoável""}",,,2026-07-29 12:00:02.596174+00,2026-07-29 12:29:40.956778+00,,,,f
9357220e-0a33-4e47-bc3d-800ee34defc5,82728988-d739-4851-8718-cb574126d861,ee2d0a97-4ac2-4aed-b0c8-93325a5056e3,,2026-07-29,14,,,,,,,,,55,,,,,1000.00,"{""abdo"": ""Excelente"", ""run6"": ""Muito Fraco""}",,,2026-07-29 11:56:20.587936+00,2026-07-29 12:29:48.21287+00,,,,f
603f2c44-1264-445f-adeb-0068719f776d,82728988-d739-4851-8718-cb574126d861,d62936ec-df1d-4bc4-9565-fae199471dc2,,2026-07-29,13,,,,,,,,,35,,,,,760.00,"{""abdo"": ""Bom"", ""run6"": ""Muito Fraco""}",,,2026-07-29 11:53:50.744581+00,2026-07-29 12:31:35.901849+00,,,,f
65e55235-af76-43e5-b469-826ab630a915,82728988-d739-4851-8718-cb574126d861,5889bd93-412d-4a8a-ab73-b16fb489fc86,,2026-08-12,13,,,,,,,,,,194.00,,,3.61,,"{""jump"": ""Muito Bom"", ""sprint"": ""Bom""}",,,2026-08-12 11:57:34.005071+00,2026-08-12 12:10:58.747367+00,,,,f
5fe0146c-4852-4330-ad51-3b1d9ab31e46,82728988-d739-4851-8718-cb574126d861,0820c748-d8fa-4b04-9680-3d878ba0182f,,2026-08-12,13,,,,,,,,,,136.00,,,4.06,,"{""jump"": ""Razoável"", ""sprint"": ""Razoável""}",,,2026-08-12 11:51:11.101857+00,2026-08-12 12:17:20.377035+00,,,,f
2f745ef9-86ae-42bb-bb95-5423354a7fcb,82728988-d739-4851-8718-cb574126d861,ee2d0a97-4ac2-4aed-b0c8-93325a5056e3,,2026-08-12,14,,,,,,,,,,179.00,,,3.86,,"{""jump"": ""Razoável"", ""sprint"": ""Razoável""}",,,2026-08-12 11:58:32.492172+00,2026-08-12 12:11:23.11627+00,,,,f
9a6ce8b6-3134-409d-a0d1-a1a355edaa56,82728988-d739-4851-8718-cb574126d861,92e5bfee-b212-4d38-bce7-e012a0bf44de,,2026-08-12,14,,,,,,,,,,187.00,,,3.56,,"{""jump"": ""Excelente"", ""sprint"": ""Muito Bom""}",,,2026-08-12 11:48:10.278647+00,2026-08-12 12:13:15.161172+00,,,,f
49ad5fea-89d6-48a7-835c-fbd68196a961,82728988-d739-4851-8718-cb574126d861,c6a24107-8e03-4b76-ab72-37c7ed8f0829,,2026-08-12,13,,,,,,,,,,128.00,,,4.61,,"{""jump"": ""Fraco"", ""sprint"": ""Fraco""}",,,2026-08-12 11:49:08.200468+00,2026-08-12 12:14:41.47362+00,,,,f
7e58d255-b7f2-4b07-b39d-d5ecacc0bb47,82728988-d739-4851-8718-cb574126d861,7b49a8b0-3380-4ac3-9d75-4414148aaaf8,,2026-08-12,13,,,,,,,,,,110.00,,,3.78,,"{""jump"": ""Muito Fraco"", ""sprint"": ""Razoável""}",,,2026-08-12 11:55:42.248514+00,2026-08-12 12:08:58.389348+00,,,,f
755c53bc-a416-4f27-873d-09dfe602e17a,82728988-d739-4851-8718-cb574126d861,0d1e7555-7701-4bff-9297-581a0fcc8105,,2026-08-12,13,,,,,,,,,,139.00,,,3.86,,"{""jump"": ""Razoável"", ""sprint"": ""Bom""}",,,2026-08-12 11:53:17.584837+00,2026-08-12 12:22:48.429517+00,,,,f
67f6ca41-dd03-468c-95c2-e157ecebd214,82728988-d739-4851-8718-cb574126d861,ea035fe3-268c-4552-b69d-c42f728de1d4,,2026-08-12,14,,,,,,,,,,226.00,,,3.11,,"{""jump"": ""Excelente"", ""sprint"": ""Muito Bom""}",,,2026-08-12 11:56:05.247425+00,2026-08-12 12:09:25.060741+00,,,,f
abad3040-8384-4e3a-9363-3f020938e8c4,82728988-d739-4851-8718-cb574126d861,b4c2b025-7daf-4b4a-b79d-871fd6d226d2,,2026-08-12,13,,,,,,,,,,122.00,,,3.91,,"{""jump"": ""Fraco"", ""sprint"": ""Bom""}",,,2026-08-12 11:51:58.527655+00,2026-08-12 12:20:02.482489+00,,,,f
2211deb4-7ded-4e08-84fe-ebce96e15828,82728988-d739-4851-8718-cb574126d861,0d6041a1-1c5f-4fc6-88fd-6ac45af5a53d,,2026-08-12,13,,,,,,,,,,126.00,,,4.09,,"{""jump"": ""Fraco"", ""sprint"": ""Razoável""}",,,2026-08-12 11:52:42.632019+00,2026-08-12 12:20:44.820646+00,,,,f
55d66c12-c33a-4231-b4b1-775c6f5b802b,82728988-d739-4851-8718-cb574126d861,fdf76391-bb3a-4843-8ccb-8201a6ebada4,,2026-08-12,13,,,,,,,,,,154.00,,,3.91,,"{""jump"": ""Bom"", ""sprint"": ""Bom""}",,,2026-08-12 11:50:14.994896+00,2026-08-12 12:16:49.645993+00,,,,f
d4aa75d8-2bca-4438-b161-4212b3e4093c,82728988-d739-4851-8718-cb574126d861,fdf76391-bb3a-4843-8ccb-8201a6ebada4,,2026-08-19,13,,,,,,,,,,,3.46,6.01,,,"{""mball"": ""Razoável"", ""square"": ""Bom""}",,,2026-08-19 11:55:29.639241+00,2026-08-19 12:17:14.547195+00,,,,f
cec01007-b331-4ead-99b0-69d957a4ad7c,82728988-d739-4851-8718-cb574126d861,d62936ec-df1d-4bc4-9565-fae199471dc2,,2026-08-19,13,,,,,,,,,,,3.19,6.76,,,"{""mball"": ""Fraco"", ""square"": ""Muito Fraco""}",,,2026-08-19 12:01:48.357258+00,2026-08-19 12:56:37.434763+00,,,,f
647dd1a6-0278-43f3-90f5-0edcdfc89a83,82728988-d739-4851-8718-cb574126d861,b4c2b025-7daf-4b4a-b79d-871fd6d226d2,,2026-08-19,13,,,,,,,,,,,2.95,6.41,,,"{""mball"": ""Fraco"", ""square"": ""Razoável""}",,,2026-08-19 11:58:43.4657+00,2026-08-19 12:19:23.086721+00,,,,f
dee22c83-7fb6-4f15-8268-e0a0e7ba2381,82728988-d739-4851-8718-cb574126d861,0d6041a1-1c5f-4fc6-88fd-6ac45af5a53d,,2026-08-19,13,,,,,,,,,,,3.81,6.24,,,"{""mball"": ""Razoável"", ""square"": ""Razoável""}",,,2026-08-19 11:59:32.374007+00,2026-08-19 12:20:34.418643+00,,,,f
2f9cb935-c368-4db1-b2f6-8397c4866fea,82728988-d739-4851-8718-cb574126d861,0d1e7555-7701-4bff-9297-581a0fcc8105,,2026-08-19,13,,,,,,,,,,,3.75,6.17,,,"{""mball"": ""Razoável"", ""square"": ""Bom""}",,,2026-08-19 11:53:07.850296+00,2026-08-19 12:21:08.779785+00,,,,f
1a8b493e-e560-43ca-ac32-36b684ef6e7e,82728988-d739-4851-8718-cb574126d861,c6a24107-8e03-4b76-ab72-37c7ed8f0829,,2026-08-19,13,,,,,,,,,,,3.15,6.78,,,"{""mball"": ""Fraco"", ""square"": ""Fraco""}",,,2026-08-19 11:54:22.374397+00,2026-08-19 12:15:07.942081+00,,,,f
8f9720be-2b49-43fd-a389-4567b94ba258,82728988-d739-4851-8718-cb574126d861,7b49a8b0-3380-4ac3-9d75-4414148aaaf8,,2026-08-19,13,,,,,,,,,,,3.48,5.94,,,"{""mball"": ""Fraco"", ""square"": ""Razoável""}",,,2026-08-19 12:03:09.116404+00,2026-08-19 12:57:36.934445+00,,,,f
538bf031-aa59-4adb-bbf9-ebfe9ce7a193,82728988-d739-4851-8718-cb574126d861,d86002f4-ffaf-4c3e-98a6-20d08aa8deca,,2026-08-19,13,,,,,,,,,,,4.05,6.03,,,"{""mball"": ""Razoável"", ""square"": ""Razoável""}",,,2026-08-19 12:04:08.990905+00,2026-08-19 12:59:40.563844+00,,,,f
d82dc01e-89ce-43a1-81a5-18c6fbccc882,82728988-d739-4851-8718-cb574126d861,ea035fe3-268c-4552-b69d-c42f728de1d4,,2026-08-19,14,,,,,,,,,,,4.78,5.07,,,"{""mball"": ""Razoável"", ""square"": ""Muito Bom""}",,,2026-08-19 12:03:32.81774+00,2026-08-19 13:00:11.62153+00,,,,f
cd73ee0e-700b-444a-893f-2860d79d3637,82728988-d739-4851-8718-cb574126d861,5889bd93-412d-4a8a-ab73-b16fb489fc86,,2026-08-19,13,,,,,,,,,,,5.28,5.66,,,"{""mball"": ""Bom"", ""square"": ""Razoável""}",,,2026-08-19 12:04:29.957579+00,2026-08-19 13:00:59.069069+00,,,,f
d856981a-481c-4b8a-900a-c2ff4fb67e2e,82728988-d739-4851-8718-cb574126d861,92e5bfee-b212-4d38-bce7-e012a0bf44de,,2026-08-19,14,,,,,,,,,,,3.36,5.88,,,"{""mball"": ""Fraco"", ""square"": ""Bom""}",,,2026-08-19 11:52:31.020629+00,2026-08-19 12:13:38.519772+00,,,,f
b5bdac67-dae2-40e8-8ae0-bd095963e3f2,82728988-d739-4851-8718-cb574126d861,0820c748-d8fa-4b04-9680-3d878ba0182f,,2026-08-19,13,,,,,,,,,,,3.00,6.26,,,"{""mball"": ""Fraco"", ""square"": ""Razoável""}",,,2026-08-19 11:56:33.684449+00,2026-08-19 12:18:22.682112+00,,,,f
2a8e474c-c924-48dd-8b75-1f6e08398910,82728988-d739-4851-8718-cb574126d861,ee2d0a97-4ac2-4aed-b0c8-93325a5056e3,,2026-08-19,14,,,,,,,,,,,3.13,6.23,,,"{""mball"": ""Muito Fraco"", ""square"": ""Fraco""}",,,2026-08-19 12:02:31.671587+00,2026-08-19 12:58:46.52039+00,,,,f
74352fce-8286-492b-8320-065f2b7ebfda,82728988-d739-4851-8718-cb574126d861,fcd3fa75-6fa7-45a6-b9f7-b803ffc0b9c6,,2026-08-19,14,,,,,,,,,,,3.56,6.11,,,"{""mball"": ""Fraco"", ""square"": ""Fraco""}",,,2026-08-19 12:05:40.078543+00,2026-08-19 13:02:14.299746+00,,,,f
ba97946e-8bdc-4f47-afa3-1f502a25be31,82728988-d739-4851-8718-cb574126d861,e2926806-33ca-4537-9380-8ca877a8817d,,2026-08-19,13,,,,,,,,,,,4.59,5.63,,,"{""mball"": ""Razoável"", ""square"": ""Razoável""}",,,2026-08-19 12:05:02.916077+00,2026-08-19 13:03:40.561592+00,,,,f
1d22c18c-1099-4639-a880-66c1daba215d,82728988-d739-4851-8718-cb574126d861,7b49a8b0-3380-4ac3-9d75-4414148aaaf8,,2026-09-01,13,45.00,167.00,,,,16.14,,,,,,,,,"{""imc"": ""Excelente""}",,,2026-09-01 10:09:11.679695+00,2026-09-01 10:09:11.679695+00,,,,f
