id,tenant_id,class_id,group_id,full_name,sex,birth_date,cpf,phone,email,mother_name,father_name,photo_url,notes,sport_modality,weekly_frequency,practice_time_months,has_disability,disability_type,medical_notes,is_active,created_at,updated_at,demo_data,rg,guardian_name,guardian_relationship,guardian_phone,guardian_email,address_zip,address_street,address_number,address_complement,address_neighborhood,address_city,address_state,portal_enabled,portal_token,portal_token_created_at,portal_last_access,portal_views,portal_slug
fb7e22df-a871-4393-b310-1eebf3fc0364,819b08a7-38d4-4d1d-87f0-82f74eba90a9,,,Teste aluno,male,2015-03-17,,,,,,,,,,,f,,,t,2026-06-17 22:00:28.596843+00,2026-06-17 22:00:28.596843+00,f,,,,,,,,,,,,,f,,,,0,
7508f2a1-5347-4805-ae93-39ac8ac700e4,07cc7290-5d3f-421b-a514-b21d6a683494,db9e5ccc-f3d9-41b6-9adf-2ebaa1d9c283,,Gustavo Pinto Araújo,male,2015-09-21,775.925.575-75,(85) 99825-7275,gustavo.pinto75@demo.aluno.com,Maria Pinto Araújo,José Pinto Araújo,,,,,,f,,,t,2026-06-19 09:12:14.107688+00,2026-06-21 16:47:59.841799+00,t,25.825.725-5,Maria Pinto Araújo,Pai,(25) 97475-6675,resp.0075@demo.aluno.com,01275-075,Rua Tiradentes,1726,,Centro,Guarulhos,SP,f,,,,0,
76af782e-60ca-442c-b223-338d08345d2c,07cc7290-5d3f-421b-a514-b21d6a683494,014c1331-0acd-4e6a-b880-df8da0af4fea,fc328287-0a14-4985-b9e4-6cc56fbe6dd6,Felipe Gomes Rocha,male,2012-07-25,012.844.996-88,(92) 99956-7372,felipe.gomes76@demo.aluno.com,Sandra Gomes Rocha,Marcos Gomes Rocha,,,Atletismo,2,58,f,,,t,2026-06-19 09:12:14.107688+00,2026-06-21 16:47:59.841799+00,t,56.036.228-6,Sandra Gomes Rocha,Mãe,(36) 97708-6764,resp.0076@demo.aluno.com,01292-116,Rua do Comércio,1749,Apto 77,Mooca,Contagem,MG,f,,,,0,
776c21d0-dd6e-4c07-b6ed-ad0e66450522,07cc7290-5d3f-421b-a514-b21d6a683494,df7d4151-8c32-4eea-bca8-7df20787ab0a,a9c30b1c-70a8-4bab-a6cb-fbed65d54c20,Bianca Ramos Santos,female,2008-10-01,249.763.417-01,(99) 90087-7469,bianca.ramos77@demo.aluno.com,Mônica Ramos Santos,André Ramos Santos,,,Natação,3,65,f,,,t,2026-06-19 09:12:14.107688+00,2026-06-21 16:47:59.841799+00,t,87.247.731-7,Mônica Ramos Santos,Mãe,(47) 97941-6853,resp.0077@demo.aluno.com,01309-157,Rua General Câmara,1772,,Pinheiros,Santo André,SP,f,,,,0,
77795eb4-fd27-4a8f-a249-e5631c0ef3ce,07cc7290-5d3f-421b-a514-b21d6a683494,1ebcd8e5-851e-48fb-b8b3-88ca95a326b7,,Tainá Freitas Carvalho,female,2009-06-09,486.682.838-14,(16) 90218-7566,taina.freitas78@demo.aluno.com,Cristina Freitas Carvalho,José Freitas Carvalho,,,Futebol,4,12,f,,,t,2026-06-19 09:12:14.107688+00,2026-06-21 16:47:59.841799+00,t,18.458.234-8,Cristina Freitas Carvalho,Mãe,(58) 98174-6942,resp.0078@demo.aluno.com,01326-198,Av. Getúlio Vargas,1795,,Boa Vista,Belo Horizonte,MG,f,,,,0,
779f50e0-b76e-4ed7-a1fa-501497223139,07cc7290-5d3f-421b-a514-b21d6a683494,3d9c94c7-2fe4-44e3-88b4-dcfa0a656e75,,João Nascimento Nascimento,male,2014-11-23,723.601.259-27,(23) 90349-7663,joao.nascimento79@demo.aluno.com,Juliana Nascimento Nascimento,Marcos Nascimento Nascimento,,,,,,f,,,t,2026-06-19 09:12:14.107688+00,2026-06-21 16:47:59.841799+00,t,49.669.737-9,Juliana Nascimento Nascimento,Mãe,(69) 98407-7031,resp.0079@demo.aluno.com,01343-239,Av. Beira-Mar,1818,,Sumaré,Campinas,SP,f,,,,0,
79703351-7d9e-443e-ab7b-889e4ae83fd5,07cc7290-5d3f-421b-a514-b21d6a683494,db9e5ccc-f3d9-41b6-9adf-2ebaa1d9c283,,Igor Mendes Mendes,male,2015-03-03,960.520.680-40,(30) 90480-7760,igor.mendes80@demo.aluno.com,Maria Mendes Mendes,André Mendes Mendes,,,Ginástica,2,26,f,,,t,2026-06-19 09:12:14.107688+00,2026-06-21 16:47:59.841799+00,t,80.880.240-0,Maria Mendes Mendes,Pai,(80) 98640-7120,resp.0080@demo.aluno.com,01360-280,Rua das Acácias,1841,Apto 81,Tatuapé,São Bernardo,SP,f,,,,0,
7b90d202-8ddd-42eb-bf7b-3ed6f18e0d8b,07cc7290-5d3f-421b-a514-b21d6a683494,198f8843-c411-4d10-bc14-21142a59c69d,3a152c3d-909d-4c67-89ff-1a674a3196dc,Caio Ferreira Teixeira,male,2014-01-22,197.439.101-53,(37) 90611-7857,caio.ferreira81@demo.aluno.com,Sandra Ferreira Teixeira,José Ferreira Teixeira,,,Futsal,3,33,f,,,t,2026-06-19 09:12:14.107688+00,2026-06-21 16:47:59.841799+00,t,11.091.743-1,Sandra Ferreira Teixeira,Mãe,(91) 98873-7209,resp.0081@demo.aluno.com,01377-321,Rua XV de Novembro,1864,,Liberdade,São Paulo,SP,f,,,,0,
7cd886bd-c6d9-4025-a753-65fbf43dfd08,07cc7290-5d3f-421b-a514-b21d6a683494,df7d4151-8c32-4eea-bca8-7df20787ab0a,675b336a-7f53-4547-afca-ffa67a950b38,Samuel Rocha Gomes,male,2009-07-01,434.358.522-66,(44) 90742-7954,samuel.rocha82@demo.aluno.com,Mônica Rocha Gomes,Marcos Rocha Gomes,,,Vôlei,4,40,f,,,t,2026-06-19 09:12:14.107688+00,2026-06-21 16:47:59.841799+00,t,42.302.246-2,Mônica Rocha Gomes,Mãe,(12) 99106-7298,resp.0082@demo.aluno.com,01394-362,Rua das Palmeiras,1887,,Vila Mariana,Osasco,SP,f,,,,0,
7d26c28e-b9f4-4297-9274-f707bbe7fdec,07cc7290-5d3f-421b-a514-b21d6a683494,a41bdeea-4193-4142-a090-727b70dd9f16,,Miguel Rodrigues Oliveira,male,2013-03-15,671.277.943-79,(51) 90873-8051,miguel.rodrigues83@demo.aluno.com,Cristina Rodrigues Oliveira,André Rodrigues Oliveira,,,,,,f,,,t,2026-06-19 09:12:14.107688+00,2026-06-21 16:47:59.841799+00,t,73.513.749-3,Cristina Rodrigues Oliveira,Mãe,(23) 99339-7387,resp.0083@demo.aluno.com,01411-403,Av. Paulista,1910,,Perdizes,Uberlândia,MG,f,,,,0,
7df71955-e4e9-4b60-aa28-4cfb48fbd812,07cc7290-5d3f-421b-a514-b21d6a683494,d5f63646-432f-4cdf-866f-b68b0273e056,,João Nascimento Nascimento,male,2011-05-26,908.196.364-92,(58) 91004-8148,joao.nascimento84@demo.aluno.com,Juliana Nascimento Nascimento,José Nascimento Nascimento,,,Handebol,2,54,f,,,t,2026-06-19 09:12:14.107688+00,2026-06-21 16:47:59.841799+00,t,04.724.252-4,Juliana Nascimento Nascimento,Mãe,(34) 99572-7476,resp.0084@demo.aluno.com,01428-444,Av. Independência,1933,Apto 85,Vila Nova,Guarulhos,SP,f,,,,0,
7eb56b5d-22d7-4828-90bb-9308cbf9fe63,07cc7290-5d3f-421b-a514-b21d6a683494,198f8843-c411-4d10-bc14-21142a59c69d,fc328287-0a14-4985-b9e4-6cc56fbe6dd6,Felipe Gomes Rocha,male,2014-01-22,145.115.785-05,(65) 91135-8245,felipe.gomes85@demo.aluno.com,Maria Gomes Rocha,Marcos Gomes Rocha,,,Atletismo,3,61,f,,,t,2026-06-19 09:12:14.107688+00,2026-06-21 16:47:59.841799+00,t,35.935.755-5,Maria Gomes Rocha,Pai,(45) 99805-7565,resp.0085@demo.aluno.com,01445-485,Rua São João,1956,,Bela Vista,Contagem,MG,f,,,,0,
7f04fa8e-4b36-4148-89c7-459e8503a90c,07cc7290-5d3f-421b-a514-b21d6a683494,db9e5ccc-f3d9-41b6-9adf-2ebaa1d9c283,,Mariana Cardoso Moreira,female,2014-12-03,382.034.206-18,(72) 91266-8342,mariana.cardoso86@demo.aluno.com,Sandra Cardoso Moreira,André Cardoso Moreira,,,Natação,4,8,f,,,t,2026-06-19 09:12:14.107688+00,2026-06-21 16:47:59.841799+00,t,66.146.258-6,Sandra Cardoso Moreira,Mãe,(56) 90038-7654,resp.0086@demo.aluno.com,01462-526,Rua Sete de Setembro,1979,,Jardim América,Santo André,SP,f,,,,0,
7fde3f18-9bdb-481b-a978-607b2c6b425c,07cc7290-5d3f-421b-a514-b21d6a683494,df7d4151-8c32-4eea-bca8-7df20787ab0a,675b336a-7f53-4547-afca-ffa67a950b38,Samuel Rocha Gomes,male,2009-01-10,619.953.627-31,(79) 91397-8439,samuel.rocha87@demo.aluno.com,Mônica Rocha Gomes,José Rocha Gomes,,,Futebol,5,15,f,,,t,2026-06-19 09:12:14.107688+00,2026-06-21 16:47:59.841799+00,t,97.357.761-7,Mônica Rocha Gomes,Mãe,(67) 90271-7743,resp.0087@demo.aluno.com,01479-567,Rua dos Andradas,2,,Higienópolis,Belo Horizonte,MG,f,,,,0,
80a7108b-98e2-45a0-8fcf-554608ac4c56,07cc7290-5d3f-421b-a514-b21d6a683494,3d9c94c7-2fe4-44e3-88b4-dcfa0a656e75,,Helena Dias Souza,female,2013-02-23,856.872.048-44,(86) 91528-8536,helena.dias88@demo.aluno.com,Cristina Dias Souza,Marcos Dias Souza,,,Judô,2,22,f,,,t,2026-06-19 09:12:14.107688+00,2026-06-21 16:47:59.841799+00,t,28.568.264-8,Cristina Dias Souza,Mãe,(78) 90504-7832,resp.0088@demo.aluno.com,01496-608,Av. Santos Dumont,25,Apto 89,Moema,Campinas,SP,f,,,,0,
838c9da4-bddb-4453-a8b1-817da5535e21,07cc7290-5d3f-421b-a514-b21d6a683494,3d9c94c7-2fe4-44e3-88b4-dcfa0a656e75,,Olivia Souza Dias,female,2013-02-05,093.791.469-57,(93) 91659-8633,olivia.souza89@demo.aluno.com,Juliana Souza Dias,André Souza Dias,,,,,,f,,,t,2026-06-19 09:12:14.107688+00,2026-06-21 16:47:59.841799+00,t,59.779.767-9,Juliana Souza Dias,Mãe,(89) 90737-7921,resp.0089@demo.aluno.com,01513-649,Av. Brasil,48,,Santa Cecília,São Bernardo,SP,f,,,,0,
84b1b850-e533-41af-810a-037bcf50b1f7,07cc7290-5d3f-421b-a514-b21d6a683494,db9e5ccc-f3d9-41b6-9adf-2ebaa1d9c283,,Mariane Moreira Cardoso,female,2014-06-03,330.710.890-70,(10) 91790-8730,mariane.moreira90@demo.aluno.com,Maria Moreira Cardoso,José Moreira Cardoso,,,Futsal,4,36,f,,Histórico de rinite alérgica — sem restrição para atividade física.,t,2026-06-19 09:12:14.107688+00,2026-06-21 16:47:59.841799+00,t,90.990.270-0,Maria Moreira Cardoso,Pai,(10) 90970-8010,resp.0090@demo.aluno.com,01530-690,Rua Marechal Deodoro,71,,Centro,São Paulo,SP,f,,,,0,
85d8a8ba-c7e1-4309-8381-55f56d81382b,07cc7290-5d3f-421b-a514-b21d6a683494,014c1331-0acd-4e6a-b880-df8da0af4fea,3a152c3d-909d-4c67-89ff-1a674a3196dc,Caio Ferreira Teixeira,male,2012-01-07,567.629.311-83,(17) 91921-8827,caio.ferreira91@demo.aluno.com,Sandra Ferreira Teixeira,Marcos Ferreira Teixeira,,,Vôlei,5,43,f,,,t,2026-06-19 09:12:14.107688+00,2026-06-21 16:47:59.841799+00,t,21.201.773-1,Sandra Ferreira Teixeira,Mãe,(21) 91203-8099,resp.0091@demo.aluno.com,01547-731,Rua Barão do Rio Branco,94,,Mooca,Osasco,SP,f,,,,0,
883a4cdd-6a73-4531-88ee-58ed70d1e509,07cc7290-5d3f-421b-a514-b21d6a683494,a41bdeea-4193-4142-a090-727b70dd9f16,,Fernanda Lima Lima,female,2012-12-15,041.467.153-09,(31) 92183-9021,fernanda.lima93@demo.aluno.com,Cristina Lima Lima,José Lima Lima,,,,,,f,,,t,2026-06-19 09:12:14.107688+00,2026-06-21 16:47:59.841799+00,t,83.623.779-3,Cristina Lima Lima,Mãe,(43) 91669-8277,resp.0093@demo.aluno.com,01581-813,Av. Atlântica,140,,Boa Vista,Guarulhos,SP,f,,,,0,
d6d5013d-31e7-4e9c-9b90-b0b82d001a2c,82728988-d739-4851-8718-cb574126d861,,,João Antônio da Silva ,male,2015-06-19,,,,,,,,,,,f,,,f,2026-06-19 22:45:06.796098+00,2026-06-22 12:44:54.544525+00,f,,,,,,,,,,,,,f,,,,0,
89657ae1-d371-4d46-9686-5a6a396870a1,07cc7290-5d3f-421b-a514-b21d6a683494,014c1331-0acd-4e6a-b880-df8da0af4fea,e915b8b1-7eee-4bb0-a9f4-ea84692f2840,Sabrina Almeida Castro,female,2011-10-16,278.386.574-22,(38) 92314-9118,sabrina.almeida94@demo.aluno.com,Juliana Almeida Castro,Marcos Almeida Castro,,,Atletismo,4,64,f,,,t,2026-06-19 09:12:14.107688+00,2026-06-21 16:47:59.841799+00,t,14.834.282-4,Juliana Almeida Castro,Mãe,(54) 91902-8366,resp.0094@demo.aluno.com,01598-854,Av. Pres. Vargas,163,,Sumaré,Contagem,MG,f,,,,0,
8a45c4ef-f1cf-46d9-8bf1-f46bacfdb412,07cc7290-5d3f-421b-a514-b21d6a683494,198f8843-c411-4d10-bc14-21142a59c69d,fc328287-0a14-4985-b9e4-6cc56fbe6dd6,Felipe Gomes Rocha,male,2014-07-13,515.305.995-35,(45) 92445-9215,felipe.gomes95@demo.aluno.com,Maria Gomes Rocha,André Gomes Rocha,,,Natação,5,11,f,,,t,2026-06-19 09:12:14.107688+00,2026-06-21 16:47:59.841799+00,t,45.045.785-5,Maria Gomes Rocha,Pai,(65) 92135-8455,resp.0095@demo.aluno.com,01615-895,Rua Tiradentes,186,,Tatuapé,Santo André,SP,f,,,,0,
8aba7c62-c14e-4f84-969d-8a6ad4a1ea31,07cc7290-5d3f-421b-a514-b21d6a683494,2d5c2126-b3e1-499c-a42f-28fc5b482cb6,,Helena Dias Souza,female,2014-02-11,752.224.416-48,(52) 92576-9312,helena.dias96@demo.aluno.com,Sandra Dias Souza,José Dias Souza,,,Futebol,2,18,f,,,t,2026-06-19 09:12:14.107688+00,2026-06-21 16:47:59.841799+00,t,76.256.288-6,Sandra Dias Souza,Mãe,(76) 92368-8544,resp.0096@demo.aluno.com,01632-936,Rua do Comércio,209,Apto 97,Liberdade,Belo Horizonte,MG,f,,,,0,
8b9f999a-7eb7-4139-b2c5-322466ec1d48,07cc7290-5d3f-421b-a514-b21d6a683494,198f8843-c411-4d10-bc14-21142a59c69d,e8ede3ac-c4cb-41a1-bef1-adc3625a968f,Daniela Castro Almeida,female,2013-04-22,989.143.837-61,(59) 92707-9409,daniela.castro97@demo.aluno.com,Mônica Castro Almeida,Marcos Castro Almeida,,,Judô,3,25,f,,,t,2026-06-19 09:12:14.107688+00,2026-06-21 16:47:59.841799+00,t,07.467.791-7,Mônica Castro Almeida,Mãe,(87) 92601-8633,resp.0097@demo.aluno.com,01649-977,Rua General Câmara,232,,Vila Mariana,Campinas,SP,f,,,,0,
8bc881c1-e5de-40f7-a2ad-b7b2b167af9f,07cc7290-5d3f-421b-a514-b21d6a683494,2d5c2126-b3e1-499c-a42f-28fc5b482cb6,,Olivia Souza Dias,female,2014-02-20,226.062.258-74,(66) 92838-9506,olivia.souza98@demo.aluno.com,Cristina Souza Dias,André Souza Dias,,,Ginástica,4,32,f,,,t,2026-06-19 09:12:14.107688+00,2026-06-21 16:47:59.841799+00,t,38.678.294-8,Cristina Souza Dias,Mãe,(98) 92834-8722,resp.0098@demo.aluno.com,01666-018,Av. Getúlio Vargas,255,,Perdizes,São Bernardo,SP,f,,,,0,
8f2cbd00-10b8-48b9-a59b-d1645765c66d,07cc7290-5d3f-421b-a514-b21d6a683494,198f8843-c411-4d10-bc14-21142a59c69d,e9fd72e5-eef3-4421-8223-5552fae3d744,Davi Teixeira Ferreira,male,2014-07-22,700.900.100-00,(80) 93100-9700,davi.teixeira0@demo.aluno.com,Maria Teixeira Ferreira,Marcos Teixeira Ferreira,,,Vôlei,2,46,t,Asma leve controlada,,t,2026-06-19 09:12:14.107688+00,2026-06-21 16:47:59.841799+00,t,00.100.300-0,Maria Teixeira Ferreira,Pai,(30) 93300-8900,resp.0100@demo.aluno.com,01700-100,Rua das Acácias,301,Apto 101,Bela Vista,Osasco,SP,f,,,,0,
8fef0a94-4f01-44e7-9fcf-e09c2102b100,07cc7290-5d3f-421b-a514-b21d6a683494,2d5c2126-b3e1-499c-a42f-28fc5b482cb6,,Theo Cavalcanti Reis,male,2015-11-20,937.819.521-13,(87) 93231-9797,theo.cavalcanti1@demo.aluno.com,Sandra Cavalcanti Reis,André Cavalcanti Reis,,,,,,f,,,t,2026-06-19 09:12:14.107688+00,2026-06-21 16:47:59.841799+00,t,31.311.803-1,Sandra Cavalcanti Reis,Mãe,(41) 93533-8989,resp.0101@demo.aluno.com,01717-141,Rua XV de Novembro,324,,Jardim América,Uberlândia,MG,f,,,,0,
9044596c-7a92-499f-a3c8-692cf0dd813c,07cc7290-5d3f-421b-a514-b21d6a683494,2d5c2126-b3e1-499c-a42f-28fc5b482cb6,,Yara Martins Costa,female,2014-02-02,174.738.942-26,(94) 93362-9894,yara.martins2@demo.aluno.com,Mônica Martins Costa,José Martins Costa,,,Handebol,4,60,f,,,t,2026-06-19 09:12:14.107688+00,2026-06-21 16:47:59.841799+00,t,62.522.306-2,Mônica Martins Costa,Mãe,(52) 93766-9078,resp.0102@demo.aluno.com,01734-182,Rua das Palmeiras,347,,Higienópolis,Guarulhos,SP,f,,,,0,
906f5d6c-6c8b-42da-925b-0661de419241,07cc7290-5d3f-421b-a514-b21d6a683494,df7d4151-8c32-4eea-bca8-7df20787ab0a,e915b8b1-7eee-4bb0-a9f4-ea84692f2840,Sabrina Almeida Castro,female,2008-10-10,411.657.363-39,(11) 93493-9991,sabrina.almeida3@demo.aluno.com,Cristina Almeida Castro,Marcos Almeida Castro,,,Atletismo,5,7,f,,,t,2026-06-19 09:12:14.107688+00,2026-06-21 16:47:59.841799+00,t,93.733.809-3,Cristina Almeida Castro,Mãe,(63) 93999-9167,resp.0103@demo.aluno.com,01751-223,Av. Paulista,370,,Moema,Contagem,MG,f,,,,0,
91e0aa6c-50a7-4a58-8bb3-1109ec7bee70,07cc7290-5d3f-421b-a514-b21d6a683494,014c1331-0acd-4e6a-b880-df8da0af4fea,a9c30b1c-70a8-4bab-a6cb-fbed65d54c20,Bianca Ramos Santos,female,2011-10-07,648.576.784-52,(18) 93624-0088,bianca.ramos4@demo.aluno.com,Juliana Ramos Santos,André Ramos Santos,,,Natação,2,14,f,,,t,2026-06-19 09:12:14.107688+00,2026-06-21 16:47:59.841799+00,t,24.944.312-4,Juliana Ramos Santos,Mãe,(74) 94232-9256,resp.0104@demo.aluno.com,01768-264,Av. Independência,393,Apto 105,Santa Cecília,Santo André,SP,f,,,,0,
93241dfc-7db9-4d12-b601-e000ccb7dc2c,07cc7290-5d3f-421b-a514-b21d6a683494,3d9c94c7-2fe4-44e3-88b4-dcfa0a656e75,,Murilo Pereira Barbosa,male,2014-05-05,885.495.205-65,(25) 93755-0185,murilo.pereira5@demo.aluno.com,Maria Pereira Barbosa,José Pereira Barbosa,,,,,,f,,,t,2026-06-19 09:12:14.107688+00,2026-06-21 16:47:59.841799+00,t,55.155.815-5,Maria Pereira Barbosa,Pai,(85) 94465-9345,resp.0105@demo.aluno.com,01785-305,Rua São João,416,,Centro,Belo Horizonte,MG,f,,,,0,
93855dc9-9963-4357-b242-a3e1b8bf6b66,07cc7290-5d3f-421b-a514-b21d6a683494,2d5c2126-b3e1-499c-a42f-28fc5b482cb6,,Yara Martins Costa,female,2014-08-11,122.414.626-78,(32) 93886-0282,yara.martins6@demo.aluno.com,Sandra Martins Costa,Marcos Martins Costa,,,Judô,4,28,f,,,t,2026-06-19 09:12:14.107688+00,2026-06-21 16:47:59.841799+00,t,86.366.318-6,Sandra Martins Costa,Mãe,(96) 94698-9434,resp.0106@demo.aluno.com,01802-346,Rua Sete de Setembro,439,,Mooca,Campinas,SP,f,,,,0,
94a495d5-bcb0-4e8e-89c9-956123866f27,07cc7290-5d3f-421b-a514-b21d6a683494,a41bdeea-4193-4142-a090-727b70dd9f16,,Mariane Moreira Cardoso,female,2012-12-06,359.333.047-91,(39) 94017-0379,mariane.moreira7@demo.aluno.com,Mônica Moreira Cardoso,André Moreira Cardoso,,,,,,f,,,t,2026-06-19 09:12:14.107688+00,2026-06-21 16:47:59.841799+00,t,17.577.821-7,Mônica Moreira Cardoso,Mãe,(17) 94931-9523,resp.0107@demo.aluno.com,01819-387,Rua dos Andradas,462,,Pinheiros,São Bernardo,SP,f,,,,0,
9595797d-3609-4837-a554-305f8725f526,07cc7290-5d3f-421b-a514-b21d6a683494,014c1331-0acd-4e6a-b880-df8da0af4fea,675b336a-7f53-4547-afca-ffa67a950b38,Samuel Rocha Gomes,male,2012-01-25,596.252.468-04,(46) 94148-0476,samuel.rocha8@demo.aluno.com,Cristina Rocha Gomes,José Rocha Gomes,,,Futsal,2,42,f,,,t,2026-06-19 09:12:14.107688+00,2026-06-21 16:47:59.841799+00,t,48.788.324-8,Cristina Rocha Gomes,Mãe,(28) 95164-9612,resp.0108@demo.aluno.com,01836-428,Av. Santos Dumont,485,Apto 109,Boa Vista,São Paulo,SP,f,,,,0,
998a61ff-9ac9-4755-bb7a-5da91d2b71d2,07cc7290-5d3f-421b-a514-b21d6a683494,df7d4151-8c32-4eea-bca8-7df20787ab0a,d8e90835-f967-49b7-8f4e-e5393a34174d,Lucas Silva Silva,male,2009-01-19,833.171.889-17,(53) 94279-0573,lucas.silva9@demo.aluno.com,Juliana Silva Silva,Marcos Silva Silva,,,Vôlei,3,49,f,,,t,2026-06-19 09:12:14.107688+00,2026-06-21 16:47:59.841799+00,t,79.999.827-9,Juliana Silva Silva,Mãe,(39) 95397-9701,resp.0109@demo.aluno.com,01853-469,Av. Brasil,508,,Sumaré,Osasco,SP,f,,,,0,
9cfda25e-79bc-4267-b9be-d435cc038c4f,07cc7290-5d3f-421b-a514-b21d6a683494,db9e5ccc-f3d9-41b6-9adf-2ebaa1d9c283,,Mariana Cardoso Moreira,female,2014-06-21,070.090.310-30,(60) 94410-0670,mariana.cardoso10@demo.aluno.com,Maria Cardoso Moreira,André Cardoso Moreira,,,Basquete,4,56,f,,,t,2026-06-19 09:12:14.107688+00,2026-06-21 16:47:59.841799+00,t,10.210.330-0,Maria Cardoso Moreira,Pai,(50) 95630-9790,resp.0110@demo.aluno.com,01870-510,Rua Marechal Deodoro,531,,Tatuapé,Uberlândia,MG,f,,,,0,
a012e8ee-ddbf-4165-bbd1-c63d50ed5bd4,07cc7290-5d3f-421b-a514-b21d6a683494,df7d4151-8c32-4eea-bca8-7df20787ab0a,78c15c34-48c6-4064-94eb-9711e4a67c25,Julia Santos Ramos,female,2008-10-10,307.009.731-43,(67) 94541-0767,julia.santos11@demo.aluno.com,Sandra Santos Ramos,José Santos Ramos,,,Handebol,5,63,f,,Apto sem restrições. Avaliação cardiológica em dia.,t,2026-06-19 09:12:14.107688+00,2026-06-21 16:47:59.841799+00,t,41.421.833-1,Sandra Santos Ramos,Mãe,(61) 95863-9879,resp.0111@demo.aluno.com,01887-551,Rua Barão do Rio Branco,554,,Liberdade,Guarulhos,SP,f,,,,0,
a0ef1255-5848-40a9-9534-bac087dbbe18,07cc7290-5d3f-421b-a514-b21d6a683494,1ebcd8e5-851e-48fb-b8b3-88ca95a326b7,,Igor Mendes Mendes,male,2010-09-27,544.928.152-56,(74) 94672-0864,igor.mendes12@demo.aluno.com,Mônica Mendes Mendes,Marcos Mendes Mendes,,,Atletismo,2,10,f,,,t,2026-06-19 09:12:14.107688+00,2026-06-21 16:47:59.841799+00,t,72.632.336-2,Mônica Mendes Mendes,Mãe,(72) 96096-9968,resp.0112@demo.aluno.com,01904-592,Rua das Flores,577,Apto 113,Vila Mariana,Contagem,MG,f,,,,0,
a194c47b-8122-4e78-96e6-b6ba713d26ac,07cc7290-5d3f-421b-a514-b21d6a683494,198f8843-c411-4d10-bc14-21142a59c69d,e9fd72e5-eef3-4421-8223-5552fae3d744,Davi Teixeira Ferreira,male,2014-01-04,781.847.573-69,(81) 94803-0961,davi.teixeira13@demo.aluno.com,Cristina Teixeira Ferreira,André Teixeira Ferreira,,,Natação,3,17,f,,,t,2026-06-19 09:12:14.107688+00,2026-06-21 16:47:59.841799+00,t,03.843.839-3,Cristina Teixeira Ferreira,Mãe,(83) 96329-0057,resp.0113@demo.aluno.com,01921-633,Av. Atlântica,600,,Perdizes,Santo André,SP,f,,,,0,
a2a77c68-f2d9-4d90-b458-ca11adfe64f1,07cc7290-5d3f-421b-a514-b21d6a683494,198f8843-c411-4d10-bc14-21142a59c69d,e915b8b1-7eee-4bb0-a9f4-ea84692f2840,Sabrina Almeida Castro,female,2013-04-13,018.766.994-82,(88) 94934-1058,sabrina.almeida14@demo.aluno.com,Juliana Almeida Castro,José Almeida Castro,,,Futebol,4,24,f,,,t,2026-06-19 09:12:14.107688+00,2026-06-21 16:47:59.841799+00,t,34.054.342-4,Juliana Almeida Castro,Mãe,(94) 96562-0146,resp.0114@demo.aluno.com,01938-674,Av. Pres. Vargas,623,,Vila Nova,Belo Horizonte,MG,f,,,,0,
a5e4ba86-08fb-4233-a2dd-b810aef95a9b,07cc7290-5d3f-421b-a514-b21d6a683494,2d5c2126-b3e1-499c-a42f-28fc5b482cb6,,Yara Martins Costa,female,2014-08-20,255.685.415-95,(95) 95065-1155,yara.martins15@demo.aluno.com,Maria Martins Costa,Marcos Martins Costa,,,,,,f,,,t,2026-06-19 09:12:14.107688+00,2026-06-21 16:47:59.841799+00,t,65.265.845-5,Maria Martins Costa,Pai,(15) 96795-0235,resp.0115@demo.aluno.com,01955-715,Rua Tiradentes,646,,Bela Vista,Campinas,SP,f,,,,0,
a601a1b5-1ad9-45b1-b9b7-257898deedca,07cc7290-5d3f-421b-a514-b21d6a683494,d5f63646-432f-4cdf-866f-b68b0273e056,,Beatriz Costa Martins,female,2010-08-17,492.604.836-08,(12) 95196-1252,beatriz.costa16@demo.aluno.com,Sandra Costa Martins,André Costa Martins,,,Ginástica,2,38,f,,,t,2026-06-19 09:12:14.107688+00,2026-06-21 16:47:59.841799+00,t,96.476.348-6,Sandra Costa Martins,Mãe,(26) 97028-0324,resp.0116@demo.aluno.com,01972-756,Rua do Comércio,669,Apto 117,Jardim América,São Bernardo,SP,f,,,,0,
a76695c8-db6c-471a-9674-d08ed4ac1473,07cc7290-5d3f-421b-a514-b21d6a683494,014c1331-0acd-4e6a-b880-df8da0af4fea,e8ede3ac-c4cb-41a1-bef1-adc3625a968f,Daniela Castro Almeida,female,2011-10-07,729.523.257-21,(19) 95327-1349,daniela.castro17@demo.aluno.com,Mônica Castro Almeida,José Castro Almeida,,,Futsal,3,45,f,,,t,2026-06-19 09:12:14.107688+00,2026-06-21 16:47:59.841799+00,t,27.687.851-7,Mônica Castro Almeida,Mãe,(37) 97261-0413,resp.0117@demo.aluno.com,01989-797,Rua General Câmara,692,,Higienópolis,São Paulo,SP,f,,,,0,
ab6a9b2f-5b4a-42f5-8d74-42bb44a8f4a0,07cc7290-5d3f-421b-a514-b21d6a683494,2d5c2126-b3e1-499c-a42f-28fc5b482cb6,,João Nascimento Nascimento,male,2015-11-11,966.442.678-34,(26) 95458-1446,joao.nascimento18@demo.aluno.com,Cristina Nascimento Nascimento,Marcos Nascimento Nascimento,,,Vôlei,4,52,f,,,t,2026-06-19 09:12:14.107688+00,2026-06-21 16:47:59.841799+00,t,58.898.354-8,Cristina Nascimento Nascimento,Mãe,(48) 97494-0502,resp.0118@demo.aluno.com,02006-838,Av. Getúlio Vargas,715,,Moema,Osasco,SP,f,,,,0,
ac5f71e6-2627-4e3a-a523-0b4bd4469311,07cc7290-5d3f-421b-a514-b21d6a683494,db9e5ccc-f3d9-41b6-9adf-2ebaa1d9c283,,Vitor Oliveira Rodrigues,male,2015-09-03,203.361.099-47,(33) 95589-1543,vitor.oliveira19@demo.aluno.com,Juliana Oliveira Rodrigues,André Oliveira Rodrigues,,,,,,f,,,t,2026-06-19 09:12:14.107688+00,2026-06-21 16:47:59.841799+00,t,89.109.857-9,Juliana Oliveira Rodrigues,Mãe,(59) 97727-0591,resp.0119@demo.aluno.com,02023-879,Av. Beira-Mar,738,,Santa Cecília,Uberlândia,MG,f,,,,0,
ad40b001-86e9-4a8f-83b8-d82eaddd6407,07cc7290-5d3f-421b-a514-b21d6a683494,198f8843-c411-4d10-bc14-21142a59c69d,78c15c34-48c6-4064-94eb-9711e4a67c25,Julia Santos Ramos,female,2013-10-22,440.280.520-60,(40) 95720-1640,julia.santos20@demo.aluno.com,Maria Santos Ramos,José Santos Ramos,,,Handebol,2,6,f,,Histórico de rinite alérgica — sem restrição para atividade física.,t,2026-06-19 09:12:14.107688+00,2026-06-21 16:47:59.841799+00,t,20.320.360-0,Maria Santos Ramos,Pai,(70) 97960-0680,resp.0120@demo.aluno.com,02040-920,Rua das Acácias,761,Apto 121,Centro,Guarulhos,SP,f,,,,0,
ad603bdf-b9af-4f86-b83f-ee133b597565,07cc7290-5d3f-421b-a514-b21d6a683494,3d9c94c7-2fe4-44e3-88b4-dcfa0a656e75,,Beatriz Costa Martins,female,2013-02-14,677.199.941-73,(47) 95851-1737,beatriz.costa21@demo.aluno.com,Sandra Costa Martins,Marcos Costa Martins,,,,,,f,,,t,2026-06-19 09:12:14.107688+00,2026-06-21 16:47:59.841799+00,t,51.531.863-1,Sandra Costa Martins,Mãe,(81) 98193-0769,resp.0121@demo.aluno.com,02057-961,Rua XV de Novembro,784,,Mooca,Contagem,MG,f,,,,0,
adfee1f5-1aa8-4419-806b-3227f802780f,07cc7290-5d3f-421b-a514-b21d6a683494,014c1331-0acd-4e6a-b880-df8da0af4fea,d8e90835-f967-49b7-8f4e-e5393a34174d,Lucas Silva Silva,male,2012-01-07,914.118.362-86,(54) 95982-1834,lucas.silva22@demo.aluno.com,Mônica Silva Silva,André Silva Silva,,,Natação,4,20,f,,,t,2026-06-19 09:12:14.107688+00,2026-06-21 16:47:59.841799+00,t,82.742.366-2,Mônica Silva Silva,Mãe,(92) 98426-0858,resp.0122@demo.aluno.com,02074-002,Rua das Palmeiras,807,,Pinheiros,Santo André,SP,f,,,,0,
ae236b17-1da2-4e53-8fcb-7d27aff8e779,07cc7290-5d3f-421b-a514-b21d6a683494,3d9c94c7-2fe4-44e3-88b4-dcfa0a656e75,,Helena Dias Souza,female,2013-08-14,151.037.783-99,(61) 96113-1931,helena.dias23@demo.aluno.com,Cristina Dias Souza,José Dias Souza,,,,,,f,,,t,2026-06-19 09:12:14.107688+00,2026-06-21 16:47:59.841799+00,t,13.953.869-3,Cristina Dias Souza,Mãe,(13) 98659-0947,resp.0123@demo.aluno.com,02091-043,Av. Paulista,830,,Boa Vista,Belo Horizonte,MG,f,,,,0,
af264bfe-04dd-4c58-987f-4ef90f892c05,07cc7290-5d3f-421b-a514-b21d6a683494,db9e5ccc-f3d9-41b6-9adf-2ebaa1d9c283,,Mariana Cardoso Moreira,female,2014-12-12,388.956.204-12,(68) 96244-2028,mariana.cardoso24@demo.aluno.com,Juliana Cardoso Moreira,Marcos Cardoso Moreira,,,Judô,2,34,f,,,t,2026-06-19 09:12:14.107688+00,2026-06-21 16:47:59.841799+00,t,44.164.372-4,Juliana Cardoso Moreira,Mãe,(24) 98892-1036,resp.0124@demo.aluno.com,02108-084,Av. Independência,853,Apto 125,Sumaré,Campinas,SP,f,,,,0,
b02771c8-a876-48e7-8425-dc036fb8dac5,07cc7290-5d3f-421b-a514-b21d6a683494,d5f63646-432f-4cdf-866f-b68b0273e056,,Helena Dias Souza,female,2010-08-08,625.875.625-25,(75) 96375-2125,helena.dias25@demo.aluno.com,Maria Dias Souza,André Dias Souza,,,,,,f,,,t,2026-06-19 09:12:14.107688+00,2026-06-21 16:47:59.841799+00,t,75.375.875-5,Maria Dias Souza,Pai,(35) 99125-1125,resp.0125@demo.aluno.com,02125-125,Rua São João,876,,Tatuapé,São Bernardo,SP,f,,,,0,
b1b574a8-4c19-4c0e-8d65-594d119c756b,07cc7290-5d3f-421b-a514-b21d6a683494,df7d4151-8c32-4eea-bca8-7df20787ab0a,3a152c3d-909d-4c67-89ff-1a674a3196dc,Caio Ferreira Teixeira,male,2009-07-10,862.794.046-38,(82) 96506-2222,caio.ferreira26@demo.aluno.com,Sandra Ferreira Teixeira,José Ferreira Teixeira,,,Futsal,4,48,f,,,t,2026-06-19 09:12:14.107688+00,2026-06-21 16:47:59.841799+00,t,06.586.378-6,Sandra Ferreira Teixeira,Mãe,(46) 99358-1214,resp.0126@demo.aluno.com,02142-166,Rua Sete de Setembro,899,,Liberdade,São Paulo,SP,f,,,,0,
b259bead-313e-423f-aaa4-614561e9ada9,07cc7290-5d3f-421b-a514-b21d6a683494,1ebcd8e5-851e-48fb-b8b3-88ca95a326b7,,Gustavo Pinto Araújo,male,2010-09-09,099.713.467-51,(89) 96637-2319,gustavo.pinto27@demo.aluno.com,Mônica Pinto Araújo,Marcos Pinto Araújo,,,,,,f,,,t,2026-06-19 09:12:14.107688+00,2026-06-21 16:47:59.841799+00,t,37.797.881-7,Mônica Pinto Araújo,Mãe,(57) 99591-1303,resp.0127@demo.aluno.com,02159-207,Rua dos Andradas,922,,Vila Mariana,Osasco,SP,f,,,,0,
b3e0cca2-6925-4fb8-a3c0-ba772f785192,07cc7290-5d3f-421b-a514-b21d6a683494,d5f63646-432f-4cdf-866f-b68b0273e056,,Rafael Reis Cavalcanti,male,2011-11-08,336.632.888-64,(96) 96768-2416,rafael.reis28@demo.aluno.com,Cristina Reis Cavalcanti,André Reis Cavalcanti,,,Basquete,2,62,f,,,t,2026-06-19 09:12:14.107688+00,2026-06-21 16:47:59.841799+00,t,68.008.384-8,Cristina Reis Cavalcanti,Mãe,(68) 99824-1392,resp.0128@demo.aluno.com,02176-248,Av. Santos Dumont,945,Apto 129,Perdizes,Uberlândia,MG,f,,,,0,
b690438c-a8bd-435b-af07-5f88723d1b84,07cc7290-5d3f-421b-a514-b21d6a683494,d5f63646-432f-4cdf-866f-b68b0273e056,,Helena Dias Souza,female,2010-08-26,573.551.309-77,(13) 96899-2513,helena.dias29@demo.aluno.com,Juliana Dias Souza,José Dias Souza,,,,,,f,,,t,2026-06-19 09:12:14.107688+00,2026-06-21 16:47:59.841799+00,t,99.219.887-9,Juliana Dias Souza,Mãe,(79) 90057-1481,resp.0129@demo.aluno.com,02193-289,Av. Brasil,968,,Vila Nova,Guarulhos,SP,f,,,,0,
b742340b-6969-4b4e-8c2f-5e7dbe2a641e,07cc7290-5d3f-421b-a514-b21d6a683494,014c1331-0acd-4e6a-b880-df8da0af4fea,a9c30b1c-70a8-4bab-a6cb-fbed65d54c20,Bianca Ramos Santos,female,2011-04-25,810.470.730-90,(20) 97030-2610,bianca.ramos30@demo.aluno.com,Maria Ramos Santos,Marcos Ramos Santos,,,Atletismo,4,16,f,,,t,2026-06-19 09:12:14.107688+00,2026-06-21 16:47:59.841799+00,t,30.430.390-0,Maria Ramos Santos,Pai,(90) 90290-1570,resp.0130@demo.aluno.com,02210-330,Rua Marechal Deodoro,991,,Bela Vista,Contagem,MG,f,,,,0,
b742e3cc-188d-4833-90d8-bf5e29339991,07cc7290-5d3f-421b-a514-b21d6a683494,db9e5ccc-f3d9-41b6-9adf-2ebaa1d9c283,,Mariane Moreira Cardoso,female,2014-12-12,047.389.151-03,(27) 97161-2707,mariane.moreira31@demo.aluno.com,Sandra Moreira Cardoso,André Moreira Cardoso,,,,,,f,,,t,2026-06-19 09:12:14.107688+00,2026-06-21 16:47:59.841799+00,t,61.641.893-1,Sandra Moreira Cardoso,Mãe,(11) 90523-1659,resp.0131@demo.aluno.com,02227-371,Rua Barão do Rio Branco,1014,,Jardim América,Santo André,SP,f,,,,0,
0820c748-d8fa-4b04-9680-3d878ba0182f,82728988-d739-4851-8718-cb574126d861,2fa6150f-347f-4b8a-8176-7e2e33efdf49,,Julia Cordeiro de Faria,female,2013-03-04,,,,,,,,,,,f,,,t,2026-06-22 12:40:15.71399+00,2026-08-03 14:13:21.393979+00,f,,Renato,,,,,,,,,,,t,b9bfad89d7d64b2fa3d661a1b82102df2aef03b98345486188878c3276bf03b0,2026-08-03 14:13:12.649182+00,2026-08-03 14:13:21.393979+00,1,julia-cordeiro-de-faria-f1fd
b7aa253e-694d-4acb-99d4-834fad50c6cb,07cc7290-5d3f-421b-a514-b21d6a683494,3d9c94c7-2fe4-44e3-88b4-dcfa0a656e75,,Theo Cavalcanti Reis,male,2014-11-05,284.308.572-16,(34) 97292-2804,theo.cavalcanti32@demo.aluno.com,Mônica Cavalcanti Reis,José Cavalcanti Reis,,,Futebol,2,30,f,,,t,2026-06-19 09:12:14.107688+00,2026-06-21 16:47:59.841799+00,t,92.852.396-2,Mônica Cavalcanti Reis,Mãe,(22) 90756-1748,resp.0132@demo.aluno.com,02244-412,Rua das Flores,1037,Apto 133,Higienópolis,Belo Horizonte,MG,f,,,,0,
b7c9f126-a913-4535-8952-17e3fa2cdd25,07cc7290-5d3f-421b-a514-b21d6a683494,2d5c2126-b3e1-499c-a42f-28fc5b482cb6,,João Nascimento Nascimento,male,2015-05-20,521.227.993-29,(41) 97423-2901,joao.nascimento33@demo.aluno.com,Cristina Nascimento Nascimento,Marcos Nascimento Nascimento,,,,,,f,,,t,2026-06-19 09:12:14.107688+00,2026-06-21 16:47:59.841799+00,t,23.063.899-3,Cristina Nascimento Nascimento,Mãe,(33) 90989-1837,resp.0133@demo.aluno.com,02261-453,Av. Atlântica,1060,,Moema,Campinas,SP,f,,,,0,
b8f26dce-e597-463a-b9f2-fa51bb99a16a,07cc7290-5d3f-421b-a514-b21d6a683494,198f8843-c411-4d10-bc14-21142a59c69d,d8e90835-f967-49b7-8f4e-e5393a34174d,Lucas Silva Silva,male,2014-01-13,758.146.414-42,(48) 97554-2998,lucas.silva34@demo.aluno.com,Juliana Silva Silva,André Silva Silva,,,Ginástica,4,44,f,,,t,2026-06-19 09:12:14.107688+00,2026-06-21 16:47:59.841799+00,t,54.274.402-4,Juliana Silva Silva,Mãe,(44) 91222-1926,resp.0134@demo.aluno.com,02278-494,Av. Pres. Vargas,1083,,Santa Cecília,São Bernardo,SP,f,,,,0,
b95fc470-5255-4e89-9717-9baa9d4cc4a8,07cc7290-5d3f-421b-a514-b21d6a683494,df7d4151-8c32-4eea-bca8-7df20787ab0a,d8e90835-f967-49b7-8f4e-e5393a34174d,Lucas Silva Silva,male,2009-07-10,995.065.835-55,(55) 97685-3095,lucas.silva35@demo.aluno.com,Maria Silva Silva,José Silva Silva,,,Futsal,5,51,f,,,t,2026-06-19 09:12:14.107688+00,2026-06-21 16:47:59.841799+00,t,85.485.905-5,Maria Silva Silva,Pai,(55) 91455-2015,resp.0135@demo.aluno.com,02295-535,Rua Tiradentes,1106,,Centro,São Paulo,SP,f,,,,0,
b9855ec0-f4aa-489a-90f0-9c080dbcc9a1,07cc7290-5d3f-421b-a514-b21d6a683494,db9e5ccc-f3d9-41b6-9adf-2ebaa1d9c283,,Igor Mendes Mendes,male,2015-09-12,232.984.256-68,(62) 97816-3192,igor.mendes36@demo.aluno.com,Sandra Mendes Mendes,Marcos Mendes Mendes,,,Vôlei,2,58,f,,,t,2026-06-19 09:12:14.107688+00,2026-06-21 16:47:59.841799+00,t,16.696.408-6,Sandra Mendes Mendes,Mãe,(66) 91688-2104,resp.0136@demo.aluno.com,02312-576,Rua do Comércio,1129,Apto 137,Mooca,Osasco,SP,f,,,,0,
ba15a717-e82b-49b7-9922-9e5873abb691,07cc7290-5d3f-421b-a514-b21d6a683494,198f8843-c411-4d10-bc14-21142a59c69d,15977e9d-3f54-4aa6-994b-df3bf60f8939,Rafaela Ribeiro Ribeiro,female,2013-04-22,469.903.677-81,(69) 97947-3289,rafaela.ribeiro37@demo.aluno.com,Mônica Ribeiro Ribeiro,André Ribeiro Ribeiro,,,Basquete,3,65,f,,,t,2026-06-19 09:12:14.107688+00,2026-06-21 16:47:59.841799+00,t,47.907.911-7,Mônica Ribeiro Ribeiro,Mãe,(77) 91921-2193,resp.0137@demo.aluno.com,02329-617,Rua General Câmara,1152,,Pinheiros,Uberlândia,MG,f,,,,0,
bb5788fb-8de3-4c25-8047-697e967927fb,07cc7290-5d3f-421b-a514-b21d6a683494,db9e5ccc-f3d9-41b6-9adf-2ebaa1d9c283,,Miguel Rodrigues Oliveira,male,2015-03-21,706.822.098-94,(76) 98078-3386,miguel.rodrigues38@demo.aluno.com,Cristina Rodrigues Oliveira,José Rodrigues Oliveira,,,Handebol,4,12,f,,,t,2026-06-19 09:12:14.107688+00,2026-06-21 16:47:59.841799+00,t,78.118.414-8,Cristina Rodrigues Oliveira,Mãe,(88) 92154-2282,resp.0138@demo.aluno.com,02346-658,Av. Getúlio Vargas,1175,,Boa Vista,Guarulhos,SP,f,,,,0,
bbaaecc7-e412-4b73-a2e5-9d03893b5fa3,07cc7290-5d3f-421b-a514-b21d6a683494,df7d4151-8c32-4eea-bca8-7df20787ab0a,e9fd72e5-eef3-4421-8223-5552fae3d744,Davi Teixeira Ferreira,male,2009-07-01,943.741.519-07,(83) 98209-3483,davi.teixeira39@demo.aluno.com,Juliana Teixeira Ferreira,Marcos Teixeira Ferreira,,,Atletismo,5,19,f,,,t,2026-06-19 09:12:14.107688+00,2026-06-21 16:47:59.841799+00,t,09.329.917-9,Juliana Teixeira Ferreira,Mãe,(99) 92387-2371,resp.0139@demo.aluno.com,02363-699,Av. Beira-Mar,1198,,Sumaré,Contagem,MG,f,,,,0,
bc92a16c-46f3-44fc-9702-ea141dd22131,07cc7290-5d3f-421b-a514-b21d6a683494,2d5c2126-b3e1-499c-a42f-28fc5b482cb6,,Murilo Pereira Barbosa,male,2015-11-02,180.660.940-20,(90) 98340-3580,murilo.pereira40@demo.aluno.com,Maria Pereira Barbosa,André Pereira Barbosa,,,Natação,2,26,f,,,t,2026-06-19 09:12:14.107688+00,2026-06-21 16:47:59.841799+00,t,40.540.420-0,Maria Pereira Barbosa,Pai,(20) 92620-2460,resp.0140@demo.aluno.com,02380-740,Rua das Acácias,1221,Apto 141,Tatuapé,Santo André,SP,f,,,,0,
bce757fb-60b5-4890-bf86-51b6f34af9d3,07cc7290-5d3f-421b-a514-b21d6a683494,1ebcd8e5-851e-48fb-b8b3-88ca95a326b7,,Gustavo Pinto Araújo,male,2010-03-18,417.579.361-33,(97) 98471-3677,gustavo.pinto41@demo.aluno.com,Sandra Pinto Araújo,José Pinto Araújo,,,,,,f,,,t,2026-06-19 09:12:14.107688+00,2026-06-21 16:47:59.841799+00,t,71.751.923-1,Sandra Pinto Araújo,Mãe,(31) 92853-2549,resp.0141@demo.aluno.com,02397-781,Rua XV de Novembro,1244,,Liberdade,Belo Horizonte,MG,f,,,,0,
bd1f8e07-2126-4347-a0c9-951bc56c5ba4,07cc7290-5d3f-421b-a514-b21d6a683494,2d5c2126-b3e1-499c-a42f-28fc5b482cb6,,Rafael Reis Cavalcanti,male,2015-11-20,654.498.782-46,(14) 98602-3774,rafael.reis42@demo.aluno.com,Mônica Reis Cavalcanti,Marcos Reis Cavalcanti,,,Judô,4,40,f,,,t,2026-06-19 09:12:14.107688+00,2026-06-21 16:47:59.841799+00,t,02.962.426-2,Mônica Reis Cavalcanti,Mãe,(42) 93086-2638,resp.0142@demo.aluno.com,02414-822,Rua das Palmeiras,1267,,Vila Mariana,Campinas,SP,f,,,,0,
be4264b6-4b8d-4c87-8986-2086172c97c9,07cc7290-5d3f-421b-a514-b21d6a683494,1ebcd8e5-851e-48fb-b8b3-88ca95a326b7,,Gustavo Pinto Araújo,male,2010-09-27,891.417.203-59,(21) 98733-3871,gustavo.pinto43@demo.aluno.com,Cristina Pinto Araújo,André Pinto Araújo,,,,,,f,,,t,2026-06-19 09:12:14.107688+00,2026-06-21 16:47:59.841799+00,t,33.173.929-3,Cristina Pinto Araújo,Mãe,(53) 93319-2727,resp.0143@demo.aluno.com,02431-863,Av. Paulista,1290,,Perdizes,São Bernardo,SP,f,,,,0,
beb9980b-c42f-48a0-8d58-d6b755b74969,07cc7290-5d3f-421b-a514-b21d6a683494,a41bdeea-4193-4142-a090-727b70dd9f16,,Gustavo Pinto Araújo,male,2013-03-24,128.336.624-72,(28) 98864-3968,gustavo.pinto44@demo.aluno.com,Juliana Pinto Araújo,José Pinto Araújo,,,Futsal,2,54,f,,,t,2026-06-19 09:12:14.107688+00,2026-06-21 16:47:59.841799+00,t,64.384.432-4,Juliana Pinto Araújo,Mãe,(64) 93552-2816,resp.0144@demo.aluno.com,02448-904,Av. Independência,1313,Apto 145,Vila Nova,São Paulo,SP,f,,,,0,
c1c7d3fc-485f-41d4-b7da-32d740ebadf6,07cc7290-5d3f-421b-a514-b21d6a683494,df7d4151-8c32-4eea-bca8-7df20787ab0a,e8ede3ac-c4cb-41a1-bef1-adc3625a968f,Daniela Castro Almeida,female,2008-04-10,365.255.045-85,(35) 98995-4065,daniela.castro45@demo.aluno.com,Maria Castro Almeida,Marcos Castro Almeida,,,Vôlei,3,61,f,,,t,2026-06-19 09:12:14.107688+00,2026-06-21 16:47:59.841799+00,t,95.595.935-5,Maria Castro Almeida,Pai,(75) 93785-2905,resp.0145@demo.aluno.com,02465-945,Rua São João,1336,,Bela Vista,Osasco,SP,f,,,,0,
c602ab92-fcae-4dc6-bbe0-addf37b99e03,07cc7290-5d3f-421b-a514-b21d6a683494,198f8843-c411-4d10-bc14-21142a59c69d,675b336a-7f53-4547-afca-ffa67a950b38,Samuel Rocha Gomes,male,2014-07-13,602.174.466-98,(42) 99126-4162,samuel.rocha46@demo.aluno.com,Sandra Rocha Gomes,André Rocha Gomes,,,Basquete,4,8,f,,,t,2026-06-19 09:12:14.107688+00,2026-06-21 16:47:59.841799+00,t,26.806.438-6,Sandra Rocha Gomes,Mãe,(86) 94018-2994,resp.0146@demo.aluno.com,02482-986,Rua Sete de Setembro,1359,,Jardim América,Uberlândia,MG,f,,,,0,
c618edb6-6bbb-44e2-90c1-685401b3cb23,07cc7290-5d3f-421b-a514-b21d6a683494,a41bdeea-4193-4142-a090-727b70dd9f16,,Mariana Cardoso Moreira,female,2012-06-15,839.093.887-11,(49) 99257-4259,mariana.cardoso47@demo.aluno.com,Mônica Cardoso Moreira,José Cardoso Moreira,,,,,,f,,,t,2026-06-19 09:12:14.107688+00,2026-06-21 16:47:59.841799+00,t,57.017.941-7,Mônica Cardoso Moreira,Mãe,(97) 94251-3083,resp.0147@demo.aluno.com,02499-027,Rua dos Andradas,1382,,Higienópolis,Guarulhos,SP,f,,,,0,
c804d31c-c05d-4c2f-95be-73ff9e58d3a3,07cc7290-5d3f-421b-a514-b21d6a683494,198f8843-c411-4d10-bc14-21142a59c69d,e915b8b1-7eee-4bb0-a9f4-ea84692f2840,Sabrina Almeida Castro,female,2013-10-04,076.012.308-24,(56) 99388-4356,sabrina.almeida48@demo.aluno.com,Cristina Almeida Castro,Marcos Almeida Castro,,,Atletismo,2,22,f,,Apto sem restrições. Avaliação cardiológica em dia.,t,2026-06-19 09:12:14.107688+00,2026-06-21 16:47:59.841799+00,t,88.228.444-8,Cristina Almeida Castro,Mãe,(18) 94484-3172,resp.0148@demo.aluno.com,02516-068,Av. Santos Dumont,1405,Apto 149,Moema,Contagem,MG,f,,,,0,
c864f611-95de-4ab4-9834-c3cf695131b9,07cc7290-5d3f-421b-a514-b21d6a683494,db9e5ccc-f3d9-41b6-9adf-2ebaa1d9c283,,Fernanda Lima Lima,female,2014-12-21,313.931.729-37,(63) 99519-4453,fernanda.lima49@demo.aluno.com,Juliana Lima Lima,André Lima Lima,,,,,,f,,,t,2026-06-19 09:12:14.107688+00,2026-06-21 16:47:59.841799+00,t,19.439.947-9,Juliana Lima Lima,Mãe,(29) 94717-3261,resp.0149@demo.aluno.com,02533-109,Av. Brasil,1428,,Santa Cecília,Santo André,SP,f,,,,0,
cd4d7694-1c72-4c24-ad4a-3f36d3d98c7c,07cc7290-5d3f-421b-a514-b21d6a683494,1ebcd8e5-851e-48fb-b8b3-88ca95a326b7,,Letícia Carvalho Freitas,female,2009-06-27,550.850.150-50,(70) 99650-4550,leticia.carvalho50@demo.aluno.com,Maria Carvalho Freitas,José Carvalho Freitas,,,Futebol,4,36,t,Asma leve controlada,Histórico de rinite alérgica — sem restrição para atividade física.,t,2026-06-19 09:12:14.107688+00,2026-06-21 16:47:59.841799+00,t,50.650.450-0,Maria Carvalho Freitas,Pai,(40) 94950-3350,resp.0150@demo.aluno.com,02550-150,Rua Marechal Deodoro,1451,,Centro,Belo Horizonte,MG,f,,,,0,
cd601d0b-65c7-436c-ae8b-b84d3968fa93,07cc7290-5d3f-421b-a514-b21d6a683494,014c1331-0acd-4e6a-b880-df8da0af4fea,78c15c34-48c6-4064-94eb-9711e4a67c25,Julia Santos Ramos,female,2011-04-25,787.769.571-63,(77) 99781-4647,julia.santos51@demo.aluno.com,Sandra Santos Ramos,Marcos Santos Ramos,,,Judô,5,43,f,,,t,2026-06-19 09:12:14.107688+00,2026-06-21 16:47:59.841799+00,t,81.861.953-1,Sandra Santos Ramos,Mãe,(51) 95183-3439,resp.0151@demo.aluno.com,02567-191,Rua Barão do Rio Branco,1474,,Mooca,Campinas,SP,f,,,,0,
ce092b77-1c2c-4d48-a33e-eb88066252be,07cc7290-5d3f-421b-a514-b21d6a683494,014c1331-0acd-4e6a-b880-df8da0af4fea,3a152c3d-909d-4c67-89ff-1a674a3196dc,Caio Ferreira Teixeira,male,2012-07-25,024.688.992-76,(84) 99912-4744,caio.ferreira52@demo.aluno.com,Mônica Ferreira Teixeira,André Ferreira Teixeira,,,Ginástica,2,50,f,,,t,2026-06-19 09:12:14.107688+00,2026-06-21 16:47:59.841799+00,t,12.072.456-2,Mônica Ferreira Teixeira,Mãe,(62) 95416-3528,resp.0152@demo.aluno.com,02584-232,Rua das Flores,1497,Apto 153,Pinheiros,São Bernardo,SP,f,,,,0,
cf807cdf-b228-4e6b-be8f-5df355bb6a7e,07cc7290-5d3f-421b-a514-b21d6a683494,3d9c94c7-2fe4-44e3-88b4-dcfa0a656e75,,Nicole Correia Correia,female,2013-08-14,261.607.413-89,(91) 90043-4841,nicole.correia53@demo.aluno.com,Cristina Correia Correia,José Correia Correia,,,,,,f,,,t,2026-06-19 09:12:14.107688+00,2026-06-21 16:47:59.841799+00,t,43.283.959-3,Cristina Correia Correia,Mãe,(73) 95649-3617,resp.0153@demo.aluno.com,02601-273,Av. Atlântica,1520,,Boa Vista,São Paulo,SP,f,,,,0,
cfa6663d-c5ae-4646-8bd3-ed9305153691,07cc7290-5d3f-421b-a514-b21d6a683494,d5f63646-432f-4cdf-866f-b68b0273e056,,Rafael Reis Cavalcanti,male,2011-05-17,498.526.834-02,(98) 90174-4938,rafael.reis54@demo.aluno.com,Juliana Reis Cavalcanti,Marcos Reis Cavalcanti,,,Vôlei,4,64,f,,,t,2026-06-19 09:12:14.107688+00,2026-06-21 16:47:59.841799+00,t,74.494.462-4,Juliana Reis Cavalcanti,Mãe,(84) 95882-3706,resp.0154@demo.aluno.com,02618-314,Av. Pres. Vargas,1543,,Sumaré,Osasco,SP,f,,,,0,
cfdeeadc-06e8-4772-9b92-f8c4ffeed387,07cc7290-5d3f-421b-a514-b21d6a683494,df7d4151-8c32-4eea-bca8-7df20787ab0a,78c15c34-48c6-4064-94eb-9711e4a67c25,Julia Santos Ramos,female,2008-10-01,735.445.255-15,(15) 90305-5035,julia.santos55@demo.aluno.com,Maria Santos Ramos,André Santos Ramos,,,Basquete,5,11,f,,,t,2026-06-19 09:12:14.107688+00,2026-06-21 16:47:59.841799+00,t,05.705.965-5,Maria Santos Ramos,Pai,(95) 96115-3795,resp.0155@demo.aluno.com,02635-355,Rua Tiradentes,1566,,Tatuapé,Uberlândia,MG,f,,,,0,
d0b39105-e2f0-4f02-a7c2-69f8f5afc665,07cc7290-5d3f-421b-a514-b21d6a683494,1ebcd8e5-851e-48fb-b8b3-88ca95a326b7,,Miguel Rodrigues Oliveira,male,2010-09-18,972.364.676-28,(22) 90436-5132,miguel.rodrigues56@demo.aluno.com,Sandra Rodrigues Oliveira,José Rodrigues Oliveira,,,Handebol,2,18,f,,,t,2026-06-19 09:12:14.107688+00,2026-06-21 16:47:59.841799+00,t,36.916.468-6,Sandra Rodrigues Oliveira,Mãe,(16) 96348-3884,resp.0156@demo.aluno.com,02652-396,Rua do Comércio,1589,Apto 157,Liberdade,Guarulhos,SP,f,,,,0,
d15c5e7b-ae98-4cf6-82c5-12aab35e33f3,07cc7290-5d3f-421b-a514-b21d6a683494,2d5c2126-b3e1-499c-a42f-28fc5b482cb6,,Beatriz Costa Martins,female,2014-02-02,209.283.097-41,(29) 90567-5229,beatriz.costa57@demo.aluno.com,Mônica Costa Martins,Marcos Costa Martins,,,,,,f,,,t,2026-06-19 09:12:14.107688+00,2026-06-21 16:47:59.841799+00,t,67.127.971-7,Mônica Costa Martins,Mãe,(27) 96581-3973,resp.0157@demo.aluno.com,02669-437,Rua General Câmara,1612,,Vila Mariana,Contagem,MG,f,,,,0,
d214b29f-23f8-433e-b320-f1c0f4a9391c,07cc7290-5d3f-421b-a514-b21d6a683494,d5f63646-432f-4cdf-866f-b68b0273e056,,Murilo Pereira Barbosa,male,2011-05-26,446.202.518-54,(36) 90698-5326,murilo.pereira58@demo.aluno.com,Cristina Pereira Barbosa,André Pereira Barbosa,,,Natação,4,32,f,,,t,2026-06-19 09:12:14.107688+00,2026-06-21 16:47:59.841799+00,t,98.338.474-8,Cristina Pereira Barbosa,Mãe,(38) 96814-4062,resp.0158@demo.aluno.com,02686-478,Av. Getúlio Vargas,1635,,Perdizes,Santo André,SP,f,,,,0,
d26a60c8-3a8c-46ac-a0f1-f4ef5a4e06ec,07cc7290-5d3f-421b-a514-b21d6a683494,198f8843-c411-4d10-bc14-21142a59c69d,78c15c34-48c6-4064-94eb-9711e4a67c25,Julia Santos Ramos,female,2013-04-13,683.121.939-67,(43) 90829-5423,julia.santos59@demo.aluno.com,Juliana Santos Ramos,José Santos Ramos,,,Futebol,5,39,f,,,t,2026-06-19 09:12:14.107688+00,2026-06-21 16:47:59.841799+00,t,29.549.977-9,Juliana Santos Ramos,Mãe,(49) 97047-4151,resp.0159@demo.aluno.com,02703-519,Av. Beira-Mar,1658,,Vila Nova,Belo Horizonte,MG,f,,,,0,
d3046c32-baaf-4883-9590-533f8b390881,07cc7290-5d3f-421b-a514-b21d6a683494,2d5c2126-b3e1-499c-a42f-28fc5b482cb6,,Helena Dias Souza,female,2014-08-20,920.040.360-80,(50) 90960-5520,helena.dias60@demo.aluno.com,Maria Dias Souza,Marcos Dias Souza,,,Judô,2,46,f,,,t,2026-06-19 09:12:14.107688+00,2026-06-21 16:47:59.841799+00,t,60.760.480-0,Maria Dias Souza,Pai,(60) 97280-4240,resp.0160@demo.aluno.com,02720-560,Rua das Acácias,1681,Apto 161,Bela Vista,Campinas,SP,f,,,,0,
d3d66b4a-4695-48e0-902c-b85289fcb181,07cc7290-5d3f-421b-a514-b21d6a683494,d5f63646-432f-4cdf-866f-b68b0273e056,,João Nascimento Nascimento,male,2011-11-17,157.959.781-93,(57) 91091-5617,joao.nascimento61@demo.aluno.com,Sandra Nascimento Nascimento,André Nascimento Nascimento,,,,,,f,,,t,2026-06-19 09:12:14.107688+00,2026-06-21 16:47:59.841799+00,t,91.971.983-1,Sandra Nascimento Nascimento,Mãe,(71) 97513-4329,resp.0161@demo.aluno.com,02737-601,Rua XV de Novembro,1704,,Jardim América,São Bernardo,SP,f,,,,0,
d5d65e30-2ff4-4925-8255-994529a2e235,07cc7290-5d3f-421b-a514-b21d6a683494,df7d4151-8c32-4eea-bca8-7df20787ab0a,a9c30b1c-70a8-4bab-a6cb-fbed65d54c20,Bianca Ramos Santos,female,2008-04-10,394.878.202-06,(64) 91222-5714,bianca.ramos62@demo.aluno.com,Mônica Ramos Santos,José Ramos Santos,,,Futsal,4,60,f,,,t,2026-06-19 09:12:14.107688+00,2026-06-21 16:47:59.841799+00,t,22.182.486-2,Mônica Ramos Santos,Mãe,(82) 97746-4418,resp.0162@demo.aluno.com,02754-642,Rua das Palmeiras,1727,,Higienópolis,São Paulo,SP,f,,,,0,
d7385ccb-541d-4a4a-accf-3228d9b63a6b,07cc7290-5d3f-421b-a514-b21d6a683494,3d9c94c7-2fe4-44e3-88b4-dcfa0a656e75,,João Nascimento Nascimento,male,2014-05-14,631.797.623-19,(71) 91353-5811,joao.nascimento63@demo.aluno.com,Cristina Nascimento Nascimento,Marcos Nascimento Nascimento,,,,,,f,,,t,2026-06-19 09:12:14.107688+00,2026-06-21 16:47:59.841799+00,t,53.393.989-3,Cristina Nascimento Nascimento,Mãe,(93) 97979-4507,resp.0163@demo.aluno.com,02771-683,Av. Paulista,1750,,Moema,Osasco,SP,f,,,,0,
d803b080-44ec-4100-9442-c79f02e2e8c4,07cc7290-5d3f-421b-a514-b21d6a683494,1ebcd8e5-851e-48fb-b8b3-88ca95a326b7,,Tainá Freitas Carvalho,female,2009-12-27,868.716.044-32,(78) 91484-5908,taina.freitas64@demo.aluno.com,Juliana Freitas Carvalho,André Freitas Carvalho,,,Basquete,2,14,f,,,t,2026-06-19 09:12:14.107688+00,2026-06-21 16:47:59.841799+00,t,84.604.492-4,Juliana Freitas Carvalho,Mãe,(14) 98212-4596,resp.0164@demo.aluno.com,02788-724,Av. Independência,1773,Apto 165,Santa Cecília,Uberlândia,MG,f,,,,0,
d90ba5b5-b553-4878-82d7-94085a6810aa,07cc7290-5d3f-421b-a514-b21d6a683494,1ebcd8e5-851e-48fb-b8b3-88ca95a326b7,,Igor Mendes Mendes,male,2010-03-09,105.635.465-45,(85) 91615-6005,igor.mendes65@demo.aluno.com,Maria Mendes Mendes,José Mendes Mendes,,,,,,f,,,t,2026-06-19 09:12:14.107688+00,2026-06-21 16:47:59.841799+00,t,15.815.995-5,Maria Mendes Mendes,Pai,(25) 98445-4685,resp.0165@demo.aluno.com,02805-765,Rua São João,1796,,Centro,Guarulhos,SP,f,,,,0,
d90f1fb5-d2e4-4146-8fb4-94798601f6b9,07cc7290-5d3f-421b-a514-b21d6a683494,a41bdeea-4193-4142-a090-727b70dd9f16,,Miguel Rodrigues Oliveira,male,2013-03-06,342.554.886-58,(92) 91746-6102,miguel.rodrigues66@demo.aluno.com,Sandra Rodrigues Oliveira,Marcos Rodrigues Oliveira,,,Atletismo,4,28,f,,,t,2026-06-19 09:12:14.107688+00,2026-06-21 16:47:59.841799+00,t,46.026.498-6,Sandra Rodrigues Oliveira,Mãe,(36) 98678-4774,resp.0166@demo.aluno.com,02822-806,Rua Sete de Setembro,1819,,Mooca,Contagem,MG,f,,,,0,
d9b9f8b9-2d5e-4465-af23-84d153d95dd2,07cc7290-5d3f-421b-a514-b21d6a683494,2d5c2126-b3e1-499c-a42f-28fc5b482cb6,,Nicole Correia Correia,female,2014-02-11,579.473.307-71,(99) 91877-6199,nicole.correia67@demo.aluno.com,Mônica Correia Correia,André Correia Correia,,,,,,f,,,t,2026-06-19 09:12:14.107688+00,2026-06-21 16:47:59.841799+00,t,77.237.001-7,Mônica Correia Correia,Mãe,(47) 98911-4863,resp.0167@demo.aluno.com,02839-847,Rua dos Andradas,1842,,Pinheiros,Santo André,SP,f,,,,0,
010166af-79c8-45bb-94f9-84d341307a63,07cc7290-5d3f-421b-a514-b21d6a683494,d5f63646-432f-4cdf-866f-b68b0273e056,,Olivia Souza Dias,female,2010-02-26,237.919.421-13,(17) 90131-0097,olivia.souza1@demo.aluno.com,Sandra Souza Dias,Marcos Souza Dias,,,,,,f,,,t,2026-06-19 09:12:14.107688+00,2026-06-21 16:47:59.841799+00,t,31.211.503-1,Sandra Souza Dias,Mãe,(21) 90233-0089,resp.0001@demo.aluno.com,00017-041,Rua XV de Novembro,24,,Mooca,Osasco,SP,f,,,,0,
015c0cf2-812a-4b73-a14b-2cc5c20e1ce5,07cc7290-5d3f-421b-a514-b21d6a683494,a41bdeea-4193-4142-a090-727b70dd9f16,,Letícia Carvalho Freitas,female,2012-06-06,474.838.842-26,(24) 90262-0194,leticia.carvalho2@demo.aluno.com,Mônica Carvalho Freitas,André Carvalho Freitas,,,Basquete,4,20,f,,,t,2026-06-19 09:12:14.107688+00,2026-06-21 16:47:59.841799+00,t,62.422.006-2,Mônica Carvalho Freitas,Mãe,(32) 90466-0178,resp.0002@demo.aluno.com,00034-082,Rua das Palmeiras,47,,Pinheiros,Uberlândia,MG,f,,,,0,
01936d5e-7b56-4496-a9cf-2e5ac1324deb,07cc7290-5d3f-421b-a514-b21d6a683494,1ebcd8e5-851e-48fb-b8b3-88ca95a326b7,,Letícia Carvalho Freitas,female,2009-12-09,711.757.263-39,(31) 90393-0291,leticia.carvalho3@demo.aluno.com,Cristina Carvalho Freitas,José Carvalho Freitas,,,,,,f,,,t,2026-06-19 09:12:14.107688+00,2026-06-21 16:47:59.841799+00,t,93.633.509-3,Cristina Carvalho Freitas,Mãe,(43) 90699-0267,resp.0003@demo.aluno.com,00051-123,Av. Paulista,70,,Boa Vista,Guarulhos,SP,f,,,,0,
0613cd16-df85-4553-a9ff-d8580f817ac0,07cc7290-5d3f-421b-a514-b21d6a683494,db9e5ccc-f3d9-41b6-9adf-2ebaa1d9c283,,Gabriel Araújo Pinto,male,2015-03-21,948.676.684-52,(38) 90524-0388,gabriel.araujo4@demo.aluno.com,Juliana Araújo Pinto,Marcos Araújo Pinto,,,Atletismo,2,34,f,,,t,2026-06-19 09:12:14.107688+00,2026-06-21 16:47:59.841799+00,t,24.844.012-4,Juliana Araújo Pinto,Mãe,(54) 90932-0356,resp.0004@demo.aluno.com,00068-164,Av. Independência,93,Apto 5,Sumaré,Contagem,MG,f,,,,0,
06dd7a24-ceab-4e41-99c7-1dcc0cee107b,07cc7290-5d3f-421b-a514-b21d6a683494,1ebcd8e5-851e-48fb-b8b3-88ca95a326b7,,Miguel Rodrigues Oliveira,male,2010-03-27,185.595.105-65,(45) 90655-0485,miguel.rodrigues5@demo.aluno.com,Maria Rodrigues Oliveira,André Rodrigues Oliveira,,,,,,f,,,t,2026-06-19 09:12:14.107688+00,2026-06-21 16:47:59.841799+00,t,55.055.515-5,Maria Rodrigues Oliveira,Pai,(65) 91165-0445,resp.0005@demo.aluno.com,00085-205,Rua São João,116,,Tatuapé,Santo André,SP,f,,,,0,
0726f6a5-aad2-4a25-af9b-c554ad67cd2a,07cc7290-5d3f-421b-a514-b21d6a683494,1ebcd8e5-851e-48fb-b8b3-88ca95a326b7,,Mariana Cardoso Moreira,female,2009-06-27,422.514.526-78,(52) 90786-0582,mariana.cardoso6@demo.aluno.com,Sandra Cardoso Moreira,José Cardoso Moreira,,,Futebol,4,48,f,,,t,2026-06-19 09:12:14.107688+00,2026-06-21 16:47:59.841799+00,t,86.266.018-6,Sandra Cardoso Moreira,Mãe,(76) 91398-0534,resp.0006@demo.aluno.com,00102-246,Rua Sete de Setembro,139,,Liberdade,Belo Horizonte,MG,f,,,,0,
09b8a742-7fac-4f6a-ae41-665035a1eb11,07cc7290-5d3f-421b-a514-b21d6a683494,d5f63646-432f-4cdf-866f-b68b0273e056,,Murilo Pereira Barbosa,male,2011-11-08,659.433.947-91,(59) 90917-0679,murilo.pereira7@demo.aluno.com,Mônica Pereira Barbosa,Marcos Pereira Barbosa,,,,,,f,,,t,2026-06-19 09:12:14.107688+00,2026-06-21 16:47:59.841799+00,t,17.477.521-7,Mônica Pereira Barbosa,Mãe,(87) 91631-0623,resp.0007@demo.aluno.com,00119-287,Rua dos Andradas,162,,Vila Mariana,Campinas,SP,f,,,,0,
0af486ee-8627-47c6-86e7-7598e2697438,07cc7290-5d3f-421b-a514-b21d6a683494,2d5c2126-b3e1-499c-a42f-28fc5b482cb6,,Rafael Reis Cavalcanti,male,2015-05-11,896.352.368-04,(66) 91048-0776,rafael.reis8@demo.aluno.com,Cristina Reis Cavalcanti,André Reis Cavalcanti,,,Ginástica,2,62,f,,,t,2026-06-19 09:12:14.107688+00,2026-06-21 16:47:59.841799+00,t,48.688.024-8,Cristina Reis Cavalcanti,Mãe,(98) 91864-0712,resp.0008@demo.aluno.com,00136-328,Av. Santos Dumont,185,Apto 9,Perdizes,São Bernardo,SP,f,,,,0,
0b1c3a81-b4dc-4358-80c8-839761cb06ad,07cc7290-5d3f-421b-a514-b21d6a683494,2d5c2126-b3e1-499c-a42f-28fc5b482cb6,,Theo Cavalcanti Reis,male,2015-05-02,133.271.789-17,(73) 91179-0873,theo.cavalcanti9@demo.aluno.com,Juliana Cavalcanti Reis,José Cavalcanti Reis,,,,,,f,,,t,2026-06-19 09:12:14.107688+00,2026-06-21 16:47:59.841799+00,t,79.899.527-9,Juliana Cavalcanti Reis,Mãe,(19) 92097-0801,resp.0009@demo.aluno.com,00153-369,Av. Brasil,208,,Vila Nova,São Paulo,SP,f,,,,0,
0ca35391-ddd0-4d39-94a1-fb7965c731ef,07cc7290-5d3f-421b-a514-b21d6a683494,3d9c94c7-2fe4-44e3-88b4-dcfa0a656e75,,Nicole Correia Correia,female,2013-02-05,370.190.210-30,(80) 91310-0970,nicole.correia10@demo.aluno.com,Maria Correia Correia,Marcos Correia Correia,,,Vôlei,4,16,f,,,t,2026-06-19 09:12:14.107688+00,2026-06-21 16:47:59.841799+00,t,10.110.030-0,Maria Correia Correia,Pai,(30) 92330-0890,resp.0010@demo.aluno.com,00170-410,Rua Marechal Deodoro,231,,Bela Vista,Osasco,SP,f,,,,0,
13034d46-54bb-4867-b3d3-aebb7ff918a4,07cc7290-5d3f-421b-a514-b21d6a683494,a41bdeea-4193-4142-a090-727b70dd9f16,,Vitor Oliveira Rodrigues,male,2013-09-15,844.028.052-56,(94) 91572-1164,vitor.oliveira12@demo.aluno.com,Mônica Oliveira Rodrigues,José Oliveira Rodrigues,,,Handebol,2,30,f,,,t,2026-06-19 09:12:14.107688+00,2026-06-21 16:47:59.841799+00,t,72.532.036-2,Mônica Oliveira Rodrigues,Mãe,(52) 92796-1068,resp.0012@demo.aluno.com,00204-492,Rua das Flores,277,Apto 13,Higienópolis,Guarulhos,SP,f,,,,0,
133d3929-9692-442c-ad1a-e9079ca6e212,07cc7290-5d3f-421b-a514-b21d6a683494,d5f63646-432f-4cdf-866f-b68b0273e056,,Theo Cavalcanti Reis,male,2011-11-26,081.947.473-69,(11) 91703-1261,theo.cavalcanti13@demo.aluno.com,Cristina Cavalcanti Reis,Marcos Cavalcanti Reis,,,,,,f,,,t,2026-06-19 09:12:14.107688+00,2026-06-21 16:47:59.841799+00,t,03.743.539-3,Cristina Cavalcanti Reis,Mãe,(63) 93029-1157,resp.0013@demo.aluno.com,00221-533,Av. Atlântica,300,,Moema,Contagem,MG,f,,,,0,
1bb63937-2bc4-4416-88ab-d0bf47190382,07cc7290-5d3f-421b-a514-b21d6a683494,a41bdeea-4193-4142-a090-727b70dd9f16,,Gustavo Pinto Araújo,male,2013-09-15,029.623.157-21,(39) 92227-1649,gustavo.pinto17@demo.aluno.com,Mônica Pinto Araújo,André Pinto Araújo,,,,,,f,,,t,2026-06-19 09:12:14.107688+00,2026-06-21 16:47:59.841799+00,t,27.587.551-7,Mônica Pinto Araújo,Mãe,(17) 93961-1513,resp.0017@demo.aluno.com,00289-697,Rua General Câmara,392,,Pinheiros,São Bernardo,SP,f,,,,0,
1dc4fe95-f2d4-43af-9e9d-3bce3f02965a,07cc7290-5d3f-421b-a514-b21d6a683494,014c1331-0acd-4e6a-b880-df8da0af4fea,fc328287-0a14-4985-b9e4-6cc56fbe6dd6,Felipe Gomes Rocha,male,2012-01-16,266.542.578-34,(46) 92358-1746,felipe.gomes18@demo.aluno.com,Cristina Gomes Rocha,José Gomes Rocha,,,Futsal,4,12,f,,,t,2026-06-19 09:12:14.107688+00,2026-06-21 16:47:59.841799+00,t,58.798.054-8,Cristina Gomes Rocha,Mãe,(28) 94194-1602,resp.0018@demo.aluno.com,00306-738,Av. Getúlio Vargas,415,,Boa Vista,São Paulo,SP,f,,,,0,
1e7fdaba-6eb7-427f-b646-dd813040cc54,07cc7290-5d3f-421b-a514-b21d6a683494,db9e5ccc-f3d9-41b6-9adf-2ebaa1d9c283,,Tainá Freitas Carvalho,female,2014-06-03,503.461.999-47,(53) 92489-1843,taina.freitas19@demo.aluno.com,Juliana Freitas Carvalho,Marcos Freitas Carvalho,,,,,,f,,,t,2026-06-19 09:12:14.107688+00,2026-06-21 16:47:59.841799+00,t,89.009.557-9,Juliana Freitas Carvalho,Mãe,(39) 94427-1691,resp.0019@demo.aluno.com,00323-779,Av. Beira-Mar,438,,Sumaré,Osasco,SP,f,,,,0,
29a0fe3e-28fd-4ddc-9c18-a26083957776,07cc7290-5d3f-421b-a514-b21d6a683494,db9e5ccc-f3d9-41b6-9adf-2ebaa1d9c283,,Letícia Carvalho Freitas,female,2014-12-03,214.218.262-86,(74) 92882-2134,leticia.carvalho22@demo.aluno.com,Mônica Carvalho Freitas,Marcos Carvalho Freitas,,,Atletismo,4,40,f,,,t,2026-06-19 09:12:14.107688+00,2026-06-21 16:47:59.841799+00,t,82.642.066-2,Mônica Carvalho Freitas,Mãe,(72) 95126-1958,resp.0022@demo.aluno.com,00374-902,Rua das Palmeiras,507,,Vila Mariana,Contagem,MG,f,,,,0,
3258b5fe-a778-48a6-b467-d59592a41af9,07cc7290-5d3f-421b-a514-b21d6a683494,014c1331-0acd-4e6a-b880-df8da0af4fea,e8ede3ac-c4cb-41a1-bef1-adc3625a968f,Daniela Castro Almeida,female,2011-04-16,451.137.683-99,(81) 93013-2231,daniela.castro23@demo.aluno.com,Cristina Castro Almeida,André Castro Almeida,,,Natação,5,47,f,,,t,2026-06-19 09:12:14.107688+00,2026-06-21 16:47:59.841799+00,t,13.853.569-3,Cristina Castro Almeida,Mãe,(83) 95359-2047,resp.0023@demo.aluno.com,00391-943,Av. Paulista,530,,Perdizes,Santo André,SP,f,,,,0,
32f67178-f54a-4c3e-9aed-a649f3923122,07cc7290-5d3f-421b-a514-b21d6a683494,d5f63646-432f-4cdf-866f-b68b0273e056,,Yara Martins Costa,female,2010-02-08,688.056.104-12,(88) 93144-2328,yara.martins24@demo.aluno.com,Juliana Martins Costa,José Martins Costa,,,Futebol,2,54,f,,,t,2026-06-19 09:12:14.107688+00,2026-06-21 16:47:59.841799+00,t,44.064.072-4,Juliana Martins Costa,Mãe,(94) 95592-2136,resp.0024@demo.aluno.com,00408-984,Av. Independência,553,Apto 25,Vila Nova,Belo Horizonte,MG,f,,,,0,
33cea03a-7701-4425-b07e-0f9de56a6e5a,07cc7290-5d3f-421b-a514-b21d6a683494,a41bdeea-4193-4142-a090-727b70dd9f16,,Igor Mendes Mendes,male,2013-03-24,925.975.525-25,(95) 93275-2425,igor.mendes25@demo.aluno.com,Maria Mendes Mendes,Marcos Mendes Mendes,,,,,,f,,,t,2026-06-19 09:12:14.107688+00,2026-06-21 16:47:59.841799+00,t,75.275.575-5,Maria Mendes Mendes,Pai,(15) 95825-2225,resp.0025@demo.aluno.com,00425-025,Rua São João,576,,Bela Vista,Campinas,SP,f,,,,0,
3648e4e0-7efc-4ca5-a706-9c6aa087673b,07cc7290-5d3f-421b-a514-b21d6a683494,a41bdeea-4193-4142-a090-727b70dd9f16,,Mariane Moreira Cardoso,female,2012-06-15,162.894.946-38,(12) 93406-2522,mariane.moreira26@demo.aluno.com,Sandra Moreira Cardoso,André Moreira Cardoso,,,Ginástica,4,8,f,,,t,2026-06-19 09:12:14.107688+00,2026-06-21 16:47:59.841799+00,t,06.486.078-6,Sandra Moreira Cardoso,Mãe,(26) 96058-2314,resp.0026@demo.aluno.com,00442-066,Rua Sete de Setembro,599,,Jardim América,São Bernardo,SP,f,,,,0,
3796012e-0b97-41a0-8215-ebc6e1b0dc54,07cc7290-5d3f-421b-a514-b21d6a683494,d5f63646-432f-4cdf-866f-b68b0273e056,,Helena Dias Souza,female,2010-02-17,399.813.367-51,(19) 93537-2619,helena.dias27@demo.aluno.com,Mônica Dias Souza,José Dias Souza,,,,,,f,,,t,2026-06-19 09:12:14.107688+00,2026-06-21 16:47:59.841799+00,t,37.697.581-7,Mônica Dias Souza,Mãe,(37) 96291-2403,resp.0027@demo.aluno.com,00459-107,Rua dos Andradas,622,,Higienópolis,São Paulo,SP,f,,,,0,
385bff3f-6326-4972-b503-8e4188718034,07cc7290-5d3f-421b-a514-b21d6a683494,1ebcd8e5-851e-48fb-b8b3-88ca95a326b7,,Mariane Moreira Cardoso,female,2009-12-18,636.732.788-64,(26) 93668-2716,mariane.moreira28@demo.aluno.com,Cristina Moreira Cardoso,Marcos Moreira Cardoso,,,Vôlei,2,22,f,,,t,2026-06-19 09:12:14.107688+00,2026-06-21 16:47:59.841799+00,t,68.908.084-8,Cristina Moreira Cardoso,Mãe,(48) 96524-2492,resp.0028@demo.aluno.com,00476-148,Av. Santos Dumont,645,Apto 29,Moema,Osasco,SP,f,,,,0,
387f296c-f6c7-455d-9f45-cfb327240b31,07cc7290-5d3f-421b-a514-b21d6a683494,198f8843-c411-4d10-bc14-21142a59c69d,e8ede3ac-c4cb-41a1-bef1-adc3625a968f,Daniela Castro Almeida,female,2013-10-13,873.651.209-77,(33) 93799-2813,daniela.castro29@demo.aluno.com,Juliana Castro Almeida,André Castro Almeida,,,Basquete,3,29,f,,,t,2026-06-19 09:12:14.107688+00,2026-06-21 16:47:59.841799+00,t,99.119.587-9,Juliana Castro Almeida,Mãe,(59) 96757-2581,resp.0029@demo.aluno.com,00493-189,Av. Brasil,668,,Santa Cecília,Uberlândia,MG,f,,,,0,
39bfb330-5f38-4e88-bb14-1b17a5d0e412,07cc7290-5d3f-421b-a514-b21d6a683494,1ebcd8e5-851e-48fb-b8b3-88ca95a326b7,,Mariana Cardoso Moreira,female,2009-12-18,110.570.630-90,(40) 93930-2910,mariana.cardoso30@demo.aluno.com,Maria Cardoso Moreira,José Cardoso Moreira,,,Handebol,4,36,f,,Histórico de rinite alérgica — sem restrição para atividade física.,t,2026-06-19 09:12:14.107688+00,2026-06-21 16:47:59.841799+00,t,30.330.090-0,Maria Cardoso Moreira,Pai,(70) 96990-2670,resp.0030@demo.aluno.com,00510-230,Rua Marechal Deodoro,691,,Centro,Guarulhos,SP,f,,,,0,
403a0c50-50fe-44f2-9617-5b28bc960672,07cc7290-5d3f-421b-a514-b21d6a683494,d5f63646-432f-4cdf-866f-b68b0273e056,,Yara Martins Costa,female,2010-08-26,821.327.893-29,(61) 94323-3201,yara.martins33@demo.aluno.com,Cristina Martins Costa,José Martins Costa,,,,,,f,,,t,2026-06-19 09:12:14.107688+00,2026-06-21 16:47:59.841799+00,t,23.963.599-3,Cristina Martins Costa,Mãe,(13) 97689-2937,resp.0033@demo.aluno.com,00561-353,Av. Atlântica,760,,Boa Vista,Belo Horizonte,MG,f,,,,0,
433d640c-52ed-4b1e-82cf-656ceb84eef9,07cc7290-5d3f-421b-a514-b21d6a683494,198f8843-c411-4d10-bc14-21142a59c69d,d8e90835-f967-49b7-8f4e-e5393a34174d,Lucas Silva Silva,male,2014-07-04,295.165.735-55,(75) 94585-3395,lucas.silva35@demo.aluno.com,Maria Silva Silva,André Silva Silva,,,Ginástica,5,11,f,,,t,2026-06-19 09:12:14.107688+00,2026-06-21 16:47:59.841799+00,t,85.385.605-5,Maria Silva Silva,Pai,(35) 98155-3115,resp.0035@demo.aluno.com,00595-435,Rua Tiradentes,806,,Tatuapé,São Bernardo,SP,f,,,,0,
43ebe1e2-ebab-4caf-b8e3-3fa7f2af75f1,07cc7290-5d3f-421b-a514-b21d6a683494,3d9c94c7-2fe4-44e3-88b4-dcfa0a656e75,,Yara Martins Costa,female,2013-02-23,532.084.156-68,(82) 94716-3492,yara.martins36@demo.aluno.com,Sandra Martins Costa,José Martins Costa,,,Futsal,2,18,f,,,t,2026-06-19 09:12:14.107688+00,2026-06-21 16:47:59.841799+00,t,16.596.108-6,Sandra Martins Costa,Mãe,(46) 98388-3204,resp.0036@demo.aluno.com,00612-476,Rua do Comércio,829,Apto 37,Liberdade,São Paulo,SP,f,,,,0,
459e15ff-ef57-4648-ae1d-5b7a8f8c7479,07cc7290-5d3f-421b-a514-b21d6a683494,d5f63646-432f-4cdf-866f-b68b0273e056,,Nicole Correia Correia,female,2010-02-26,769.003.577-81,(89) 94847-3589,nicole.correia37@demo.aluno.com,Mônica Correia Correia,Marcos Correia Correia,,,,,,f,,Apto sem restrições. Avaliação cardiológica em dia.,t,2026-06-19 09:12:14.107688+00,2026-06-21 16:47:59.841799+00,t,47.807.611-7,Mônica Correia Correia,Mãe,(57) 98621-3293,resp.0037@demo.aluno.com,00629-517,Rua General Câmara,852,,Vila Mariana,Osasco,SP,f,,,,0,
46035e79-b322-4513-8564-be20e185b23a,07cc7290-5d3f-421b-a514-b21d6a683494,d5f63646-432f-4cdf-866f-b68b0273e056,,Nicole Correia Correia,female,2010-08-08,006.922.998-94,(96) 94978-3686,nicole.correia38@demo.aluno.com,Cristina Correia Correia,André Correia Correia,,,Basquete,4,32,f,,,t,2026-06-19 09:12:14.107688+00,2026-06-21 16:47:59.841799+00,t,78.018.114-8,Cristina Correia Correia,Mãe,(68) 98854-3382,resp.0038@demo.aluno.com,00646-558,Av. Getúlio Vargas,875,,Perdizes,Uberlândia,MG,f,,,,0,
475444c3-b9ad-43aa-bcda-62e58fdef537,07cc7290-5d3f-421b-a514-b21d6a683494,a41bdeea-4193-4142-a090-727b70dd9f16,,Tainá Freitas Carvalho,female,2012-12-06,243.841.419-07,(13) 95109-3783,taina.freitas39@demo.aluno.com,Juliana Freitas Carvalho,José Freitas Carvalho,,,,,,f,,,t,2026-06-19 09:12:14.107688+00,2026-06-21 16:47:59.841799+00,t,09.229.617-9,Juliana Freitas Carvalho,Mãe,(79) 99087-3471,resp.0039@demo.aluno.com,00663-599,Av. Beira-Mar,898,,Vila Nova,Guarulhos,SP,f,,,,0,
4a6c031a-e212-4d18-9260-338b7a1736ea,07cc7290-5d3f-421b-a514-b21d6a683494,3d9c94c7-2fe4-44e3-88b4-dcfa0a656e75,,Beatriz Costa Martins,female,2013-08-05,480.760.840-20,(20) 95240-3880,beatriz.costa40@demo.aluno.com,Maria Costa Martins,Marcos Costa Martins,,,Atletismo,2,46,f,,,t,2026-06-19 09:12:14.107688+00,2026-06-21 16:47:59.841799+00,t,40.440.120-0,Maria Costa Martins,Pai,(90) 99320-3560,resp.0040@demo.aluno.com,00680-640,Rua das Acácias,921,Apto 41,Bela Vista,Contagem,MG,f,,,,0,
4d9fa599-16b9-4623-840e-c4025152f438,07cc7290-5d3f-421b-a514-b21d6a683494,a41bdeea-4193-4142-a090-727b70dd9f16,,Gabriel Araújo Pinto,male,2013-03-15,717.679.261-33,(27) 95371-3977,gabriel.araujo41@demo.aluno.com,Sandra Araújo Pinto,André Araújo Pinto,,,,,,f,,,t,2026-06-19 09:12:14.107688+00,2026-06-21 16:47:59.841799+00,t,71.651.623-1,Sandra Araújo Pinto,Mãe,(11) 99553-3649,resp.0041@demo.aluno.com,00697-681,Rua XV de Novembro,944,,Jardim América,Santo André,SP,f,,,,0,
4dd66103-746b-4174-8a3e-82f6289a3a0c,07cc7290-5d3f-421b-a514-b21d6a683494,a41bdeea-4193-4142-a090-727b70dd9f16,,Vitor Oliveira Rodrigues,male,2013-03-06,954.598.682-46,(34) 95502-4074,vitor.oliveira42@demo.aluno.com,Mônica Oliveira Rodrigues,José Oliveira Rodrigues,,,Futebol,4,60,f,,,t,2026-06-19 09:12:14.107688+00,2026-06-21 16:47:59.841799+00,t,02.862.126-2,Mônica Oliveira Rodrigues,Mãe,(22) 99786-3738,resp.0042@demo.aluno.com,00714-722,Rua das Palmeiras,967,,Higienópolis,Belo Horizonte,MG,f,,,,0,
4e56c71f-b960-4157-967a-ff03ceb52e9b,07cc7290-5d3f-421b-a514-b21d6a683494,198f8843-c411-4d10-bc14-21142a59c69d,e9fd72e5-eef3-4421-8223-5552fae3d744,Davi Teixeira Ferreira,male,2014-01-13,191.517.103-59,(41) 95633-4171,davi.teixeira43@demo.aluno.com,Cristina Teixeira Ferreira,Marcos Teixeira Ferreira,,,Judô,5,7,f,,,t,2026-06-19 09:12:14.107688+00,2026-06-21 16:47:59.841799+00,t,33.073.629-3,Cristina Teixeira Ferreira,Mãe,(33) 90019-3827,resp.0043@demo.aluno.com,00731-763,Av. Paulista,990,,Moema,Campinas,SP,f,,,,0,
4e5bcbe9-59fa-4f75-b0aa-b04b48e6d375,07cc7290-5d3f-421b-a514-b21d6a683494,014c1331-0acd-4e6a-b880-df8da0af4fea,78c15c34-48c6-4064-94eb-9711e4a67c25,Julia Santos Ramos,female,2011-10-16,428.436.524-72,(48) 95764-4268,julia.santos44@demo.aluno.com,Juliana Santos Ramos,André Santos Ramos,,,Ginástica,2,14,f,,,t,2026-06-19 09:12:14.107688+00,2026-06-21 16:47:59.841799+00,t,64.284.132-4,Juliana Santos Ramos,Mãe,(44) 90252-3916,resp.0044@demo.aluno.com,00748-804,Av. Independência,1013,Apto 45,Santa Cecília,São Bernardo,SP,f,,,,0,
4e921456-a54f-4794-8c9b-bc3d98e17dad,07cc7290-5d3f-421b-a514-b21d6a683494,3d9c94c7-2fe4-44e3-88b4-dcfa0a656e75,,Olivia Souza Dias,female,2013-02-14,665.355.945-85,(55) 95895-4365,olivia.souza45@demo.aluno.com,Maria Souza Dias,José Souza Dias,,,,,,f,,,t,2026-06-19 09:12:14.107688+00,2026-06-21 16:47:59.841799+00,t,95.495.635-5,Maria Souza Dias,Pai,(55) 90485-4005,resp.0045@demo.aluno.com,00765-845,Rua São João,1036,,Centro,São Paulo,SP,f,,,,0,
4e9d5c93-7b14-42f4-a571-cd5701fd8376,07cc7290-5d3f-421b-a514-b21d6a683494,d5f63646-432f-4cdf-866f-b68b0273e056,,Olivia Souza Dias,female,2010-08-17,902.274.366-98,(62) 96026-4462,olivia.souza46@demo.aluno.com,Sandra Souza Dias,Marcos Souza Dias,,,Vôlei,4,28,f,,,t,2026-06-19 09:12:14.107688+00,2026-06-21 16:47:59.841799+00,t,26.706.138-6,Sandra Souza Dias,Mãe,(66) 90718-4094,resp.0046@demo.aluno.com,00782-886,Rua Sete de Setembro,1059,,Mooca,Osasco,SP,f,,,,0,
4f1da679-554b-4d7c-a0ee-d72cfb4d5015,07cc7290-5d3f-421b-a514-b21d6a683494,a41bdeea-4193-4142-a090-727b70dd9f16,,Igor Mendes Mendes,male,2013-09-06,139.193.787-11,(69) 96157-4559,igor.mendes47@demo.aluno.com,Mônica Mendes Mendes,André Mendes Mendes,,,,,,f,,,t,2026-06-19 09:12:14.107688+00,2026-06-21 16:47:59.841799+00,t,57.917.641-7,Mônica Mendes Mendes,Mãe,(77) 90951-4183,resp.0047@demo.aluno.com,00799-927,Rua dos Andradas,1082,,Pinheiros,Uberlândia,MG,f,,,,0,
502d9acb-65f2-446c-9f1a-8fef4e635bcf,07cc7290-5d3f-421b-a514-b21d6a683494,a41bdeea-4193-4142-a090-727b70dd9f16,,Fernanda Lima Lima,female,2012-06-06,376.112.208-24,(76) 96288-4656,fernanda.lima48@demo.aluno.com,Cristina Lima Lima,José Lima Lima,,,Handebol,2,42,f,,,t,2026-06-19 09:12:14.107688+00,2026-06-21 16:47:59.841799+00,t,88.128.144-8,Cristina Lima Lima,Mãe,(88) 91184-4272,resp.0048@demo.aluno.com,00816-968,Av. Santos Dumont,1105,Apto 49,Boa Vista,Guarulhos,SP,f,,,,0,
e2926806-33ca-4537-9380-8ca877a8817d,82728988-d739-4851-8718-cb574126d861,2fa6150f-347f-4b8a-8176-7e2e33efdf49,,Arthur Thomaz Gorini,male,2013-05-30,,,,,,,,,,,f,,,t,2026-06-22 12:40:14.552247+00,2026-06-22 12:40:14.552247+00,f,,Sandro,,,,,,,,,,,f,,,,0,
d62936ec-df1d-4bc4-9565-fae199471dc2,82728988-d739-4851-8718-cb574126d861,2fa6150f-347f-4b8a-8176-7e2e33efdf49,,Matheus Mariano Chambela,male,2013-02-01,,,,,,,,,,,f,,,t,2026-06-22 12:40:16.166093+00,2026-06-22 12:40:16.166093+00,f,,Cleuber,,,,,,,,,,,f,,,,0,
5137415a-6e53-48d8-8f36-2f7841812e18,07cc7290-5d3f-421b-a514-b21d6a683494,014c1331-0acd-4e6a-b880-df8da0af4fea,e9fd72e5-eef3-4421-8223-5552fae3d744,Davi Teixeira Ferreira,male,2012-07-16,613.031.629-37,(83) 96419-4753,davi.teixeira49@demo.aluno.com,Juliana Teixeira Ferreira,Marcos Teixeira Ferreira,,,Atletismo,3,49,f,,,t,2026-06-19 09:12:14.107688+00,2026-06-21 16:47:59.841799+00,t,19.339.647-9,Juliana Teixeira Ferreira,Mãe,(99) 91417-4361,resp.0049@demo.aluno.com,00833-009,Av. Brasil,1128,,Sumaré,Contagem,MG,f,,,,0,
513975dc-b057-44ec-b5c2-e8471a6d28fc,07cc7290-5d3f-421b-a514-b21d6a683494,014c1331-0acd-4e6a-b880-df8da0af4fea,d8e90835-f967-49b7-8f4e-e5393a34174d,Lucas Silva Silva,male,2012-07-16,850.950.050-50,(90) 96550-4850,lucas.silva50@demo.aluno.com,Maria Silva Silva,André Silva Silva,,,Natação,4,56,t,Asma leve controlada,,t,2026-06-19 09:12:14.107688+00,2026-06-21 16:47:59.841799+00,t,50.550.150-0,Maria Silva Silva,Pai,(20) 91650-4450,resp.0050@demo.aluno.com,00850-050,Rua Marechal Deodoro,1151,,Tatuapé,Santo André,SP,f,,,,0,
514eefde-c79b-4fb0-810b-b6612e3d0e24,07cc7290-5d3f-421b-a514-b21d6a683494,1ebcd8e5-851e-48fb-b8b3-88ca95a326b7,,Tainá Freitas Carvalho,female,2009-06-18,087.869.471-63,(97) 96681-4947,taina.freitas51@demo.aluno.com,Sandra Freitas Carvalho,José Freitas Carvalho,,,,,,f,,,t,2026-06-19 09:12:14.107688+00,2026-06-21 16:47:59.841799+00,t,81.761.653-1,Sandra Freitas Carvalho,Mãe,(31) 91883-4539,resp.0051@demo.aluno.com,00867-091,Rua Barão do Rio Branco,1174,,Liberdade,Belo Horizonte,MG,f,,,,0,
52a2a4f0-5a41-41b4-8137-6c0732c8f911,07cc7290-5d3f-421b-a514-b21d6a683494,1ebcd8e5-851e-48fb-b8b3-88ca95a326b7,,Vitor Oliveira Rodrigues,male,2010-09-09,324.788.892-76,(14) 96812-5044,vitor.oliveira52@demo.aluno.com,Mônica Oliveira Rodrigues,Marcos Oliveira Rodrigues,,,Judô,2,10,f,,,t,2026-06-19 09:12:14.107688+00,2026-06-21 16:47:59.841799+00,t,12.972.156-2,Mônica Oliveira Rodrigues,Mãe,(42) 92116-4628,resp.0052@demo.aluno.com,00884-132,Rua das Flores,1197,Apto 53,Vila Mariana,Campinas,SP,f,,,,0,
52d8a320-7819-4c95-9c79-354ae06b1899,07cc7290-5d3f-421b-a514-b21d6a683494,1ebcd8e5-851e-48fb-b8b3-88ca95a326b7,,Gabriel Araújo Pinto,male,2010-03-09,561.707.313-89,(21) 96943-5141,gabriel.araujo53@demo.aluno.com,Cristina Araújo Pinto,André Araújo Pinto,,,,,,f,,,t,2026-06-19 09:12:14.107688+00,2026-06-21 16:47:59.841799+00,t,43.183.659-3,Cristina Araújo Pinto,Mãe,(53) 92349-4717,resp.0053@demo.aluno.com,00901-173,Av. Atlântica,1220,,Perdizes,São Bernardo,SP,f,,,,0,
5684433c-01ad-4cae-9828-c0063c0078e5,07cc7290-5d3f-421b-a514-b21d6a683494,db9e5ccc-f3d9-41b6-9adf-2ebaa1d9c283,,Fernanda Lima Lima,female,2014-06-12,798.626.734-02,(28) 97074-5238,fernanda.lima54@demo.aluno.com,Juliana Lima Lima,José Lima Lima,,,Futsal,4,24,f,,,t,2026-06-19 09:12:14.107688+00,2026-06-21 16:47:59.841799+00,t,74.394.162-4,Juliana Lima Lima,Mãe,(64) 92582-4806,resp.0054@demo.aluno.com,00918-214,Av. Pres. Vargas,1243,,Vila Nova,São Paulo,SP,f,,,,0,
57feb5ae-f85f-4db6-974e-88a1551d14ed,07cc7290-5d3f-421b-a514-b21d6a683494,df7d4151-8c32-4eea-bca8-7df20787ab0a,15977e9d-3f54-4aa6-994b-df3bf60f8939,Rafaela Ribeiro Ribeiro,female,2008-04-01,035.545.155-15,(35) 97205-5335,rafaela.ribeiro55@demo.aluno.com,Maria Ribeiro Ribeiro,Marcos Ribeiro Ribeiro,,,Vôlei,5,31,f,,,t,2026-06-19 09:12:14.107688+00,2026-06-21 16:47:59.841799+00,t,05.605.665-5,Maria Ribeiro Ribeiro,Pai,(75) 92815-4895,resp.0055@demo.aluno.com,00935-255,Rua Tiradentes,1266,,Bela Vista,Osasco,SP,f,,,,0,
58c9f3b6-c6c2-4304-9a67-41fcc63c6389,07cc7290-5d3f-421b-a514-b21d6a683494,1ebcd8e5-851e-48fb-b8b3-88ca95a326b7,,Mariane Moreira Cardoso,female,2009-06-09,272.464.576-28,(42) 97336-5432,mariane.moreira56@demo.aluno.com,Sandra Moreira Cardoso,André Moreira Cardoso,,,Basquete,2,38,f,,,t,2026-06-19 09:12:14.107688+00,2026-06-21 16:47:59.841799+00,t,36.816.168-6,Sandra Moreira Cardoso,Mãe,(86) 93048-4984,resp.0056@demo.aluno.com,00952-296,Rua do Comércio,1289,Apto 57,Jardim América,Uberlândia,MG,f,,,,0,
58d25b2c-d532-41e8-8117-8935a072bbcf,07cc7290-5d3f-421b-a514-b21d6a683494,198f8843-c411-4d10-bc14-21142a59c69d,a9c30b1c-70a8-4bab-a6cb-fbed65d54c20,Bianca Ramos Santos,female,2013-04-04,509.383.997-41,(49) 97467-5529,bianca.ramos57@demo.aluno.com,Mônica Ramos Santos,José Ramos Santos,,,Handebol,3,45,f,,,t,2026-06-19 09:12:14.107688+00,2026-06-21 16:47:59.841799+00,t,67.027.671-7,Mônica Ramos Santos,Mãe,(97) 93281-5073,resp.0057@demo.aluno.com,00969-337,Rua General Câmara,1312,,Higienópolis,Guarulhos,SP,f,,,,0,
5c55bab2-1a76-49d9-a9a2-3df5c651ba21,07cc7290-5d3f-421b-a514-b21d6a683494,db9e5ccc-f3d9-41b6-9adf-2ebaa1d9c283,,Gabriel Araújo Pinto,male,2015-09-12,983.221.839-67,(63) 97729-5723,gabriel.araujo59@demo.aluno.com,Juliana Araújo Pinto,André Araújo Pinto,,,,,,f,,,t,2026-06-19 09:12:14.107688+00,2026-06-21 16:47:59.841799+00,t,29.449.677-9,Juliana Araújo Pinto,Mãe,(29) 93747-5251,resp.0059@demo.aluno.com,01003-419,Av. Beira-Mar,1358,,Santa Cecília,Santo André,SP,f,,,,0,
5dd6be2c-edd0-496b-a17a-74b70d0c7953,07cc7290-5d3f-421b-a514-b21d6a683494,a41bdeea-4193-4142-a090-727b70dd9f16,,Tainá Freitas Carvalho,female,2012-06-24,220.140.260-80,(70) 97860-5820,taina.freitas60@demo.aluno.com,Maria Freitas Carvalho,José Freitas Carvalho,,,Futebol,2,6,f,,Histórico de rinite alérgica — sem restrição para atividade física.,t,2026-06-19 09:12:14.107688+00,2026-06-21 16:47:59.841799+00,t,60.660.180-0,Maria Freitas Carvalho,Pai,(40) 93980-5340,resp.0060@demo.aluno.com,01020-460,Rua das Acácias,1381,Apto 61,Centro,Belo Horizonte,MG,f,,,,0,
5e8b797b-6dd5-4f2b-a752-2c43ac11bec3,07cc7290-5d3f-421b-a514-b21d6a683494,1ebcd8e5-851e-48fb-b8b3-88ca95a326b7,,Vitor Oliveira Rodrigues,male,2010-03-27,457.059.681-93,(77) 97991-5917,vitor.oliveira61@demo.aluno.com,Sandra Oliveira Rodrigues,Marcos Oliveira Rodrigues,,,,,,f,,,t,2026-06-19 09:12:14.107688+00,2026-06-21 16:47:59.841799+00,t,91.871.683-1,Sandra Oliveira Rodrigues,Mãe,(51) 94213-5429,resp.0061@demo.aluno.com,01037-501,Rua XV de Novembro,1404,,Mooca,Campinas,SP,f,,,,0,
5ff9c10c-b1fe-47a4-a0d6-6061087a6e95,07cc7290-5d3f-421b-a514-b21d6a683494,198f8843-c411-4d10-bc14-21142a59c69d,a9c30b1c-70a8-4bab-a6cb-fbed65d54c20,Bianca Ramos Santos,female,2013-10-22,694.978.102-06,(84) 98122-6014,bianca.ramos62@demo.aluno.com,Mônica Ramos Santos,André Ramos Santos,,,Ginástica,4,20,f,,,t,2026-06-19 09:12:14.107688+00,2026-06-21 16:47:59.841799+00,t,22.082.186-2,Mônica Ramos Santos,Mãe,(62) 94446-5518,resp.0062@demo.aluno.com,01054-542,Rua das Palmeiras,1427,,Pinheiros,São Bernardo,SP,f,,,,0,
60084f70-9bec-4a28-b887-09844c4eb0d2,07cc7290-5d3f-421b-a514-b21d6a683494,db9e5ccc-f3d9-41b6-9adf-2ebaa1d9c283,,Vitor Oliveira Rodrigues,male,2015-03-12,931.897.523-19,(91) 98253-6111,vitor.oliveira63@demo.aluno.com,Cristina Oliveira Rodrigues,José Oliveira Rodrigues,,,,,,f,,,t,2026-06-19 09:12:14.107688+00,2026-06-21 16:47:59.841799+00,t,53.293.689-3,Cristina Oliveira Rodrigues,Mãe,(73) 94679-5607,resp.0063@demo.aluno.com,01071-583,Av. Paulista,1450,,Boa Vista,São Paulo,SP,f,,,,0,
60704ac7-09e0-4c3a-901c-00e21563516b,07cc7290-5d3f-421b-a514-b21d6a683494,198f8843-c411-4d10-bc14-21142a59c69d,3a152c3d-909d-4c67-89ff-1a674a3196dc,Caio Ferreira Teixeira,male,2014-07-04,168.816.944-32,(98) 98384-6208,caio.ferreira64@demo.aluno.com,Juliana Ferreira Teixeira,Marcos Ferreira Teixeira,,,Vôlei,2,34,f,,,t,2026-06-19 09:12:14.107688+00,2026-06-21 16:47:59.841799+00,t,84.504.192-4,Juliana Ferreira Teixeira,Mãe,(84) 94912-5696,resp.0064@demo.aluno.com,01088-624,Av. Independência,1473,Apto 65,Sumaré,Osasco,SP,f,,,,0,
61d1b1be-03bd-40bf-bfd2-e38de9328ead,07cc7290-5d3f-421b-a514-b21d6a683494,db9e5ccc-f3d9-41b6-9adf-2ebaa1d9c283,,Tainá Freitas Carvalho,female,2014-12-21,405.735.365-45,(15) 98515-6305,taina.freitas65@demo.aluno.com,Maria Freitas Carvalho,André Freitas Carvalho,,,,,,f,,,t,2026-06-19 09:12:14.107688+00,2026-06-21 16:47:59.841799+00,t,15.715.695-5,Maria Freitas Carvalho,Pai,(95) 95145-5785,resp.0065@demo.aluno.com,01105-665,Rua São João,1496,,Tatuapé,Uberlândia,MG,f,,,,0,
6b123027-fb5d-4961-a807-ba6aa376d7cb,07cc7290-5d3f-421b-a514-b21d6a683494,df7d4151-8c32-4eea-bca8-7df20787ab0a,e8ede3ac-c4cb-41a1-bef1-adc3625a968f,Daniela Castro Almeida,female,2008-10-19,879.573.207-71,(29) 98777-6499,daniela.castro67@demo.aluno.com,Mônica Castro Almeida,Marcos Castro Almeida,,,Atletismo,5,55,f,,,t,2026-06-19 09:12:14.107688+00,2026-06-21 16:47:59.841799+00,t,77.137.701-7,Mônica Castro Almeida,Mãe,(27) 95611-5963,resp.0067@demo.aluno.com,01139-747,Rua dos Andradas,1542,,Vila Mariana,Contagem,MG,f,,,,0,
7dff207c-a034-47ec-8d1f-89e863aa721f,82728988-d739-4851-8718-cb574126d861,2fa6150f-347f-4b8a-8176-7e2e33efdf49,,Rian Chambella,male,2012-08-08,,,,,,,,,,,f,,,t,2026-06-22 12:40:16.320138+00,2026-06-22 12:40:16.320138+00,f,,Raphael,,,,,,,,,,,f,,,,0,
49e4e9ee-42bf-4de7-a4e3-52d592a98550,82728988-d739-4851-8718-cb574126d861,,,Maria da Conceição Oliveira ,female,2015-06-11,,,,,,,,,,,f,,,f,2026-06-19 22:45:51.417336+00,2026-06-22 12:44:54.544525+00,f,,,,,,,,,,,,,f,,,,0,
d1694b2b-7872-4824-8b80-6108262c8cdc,82728988-d739-4851-8718-cb574126d861,aed45503-8f7b-4268-bcf8-117194b396a6,,Aroldo Degli Esposti Marques,male,2014-09-28,,,,,,,,,,,f,,,t,2026-07-02 12:49:53.978376+00,2026-07-02 12:49:53.978376+00,f,,Gilberto,,,,,,,,,,,f,,,,0,
7addcba4-85c8-43c2-bd13-4ded7de445c8,82728988-d739-4851-8718-cb574126d861,aed45503-8f7b-4268-bcf8-117194b396a6,,Helena Gonçalves da Silva Chambela Costa,female,2014-05-14,,,,,,,,,,,f,,,t,2026-07-02 12:49:55.505989+00,2026-07-02 12:49:55.505989+00,f,,Eduardo,,,,,,,,,,,f,,,,0,
13b51b2c-b337-4d5d-890e-247e96495faa,07cc7290-5d3f-421b-a514-b21d6a683494,df7d4151-8c32-4eea-bca8-7df20787ab0a,e915b8b1-7eee-4bb0-a9f4-ea84692f2840,Sabrina Almeida Castro,female,2008-04-01,318.866.894-82,(18) 91834-1358,sabrina.almeida14@demo.aluno.com,Juliana Almeida Castro,André Almeida Castro,,,Natação,4,44,f,,,t,2026-06-19 09:12:14.107688+00,2026-06-21 16:47:59.841799+00,t,34.954.042-4,Juliana Almeida Castro,Mãe,(74) 93262-1246,resp.0014@demo.aluno.com,00238-574,Av. Pres. Vargas,323,,Santa Cecília,Santo André,SP,f,,,,0,
1abf9685-0382-4abd-b2fd-216fbe095ac8,07cc7290-5d3f-421b-a514-b21d6a683494,198f8843-c411-4d10-bc14-21142a59c69d,e8ede3ac-c4cb-41a1-bef1-adc3625a968f,Daniela Castro Almeida,female,2013-04-04,792.704.736-08,(32) 92096-1552,daniela.castro16@demo.aluno.com,Sandra Castro Almeida,Marcos Castro Almeida,,,Judô,2,58,f,,,t,2026-06-19 09:12:14.107688+00,2026-06-21 16:47:59.841799+00,t,96.376.048-6,Sandra Castro Almeida,Mãe,(96) 93728-1424,resp.0016@demo.aluno.com,00272-656,Rua do Comércio,369,Apto 17,Mooca,Campinas,SP,f,,,,0,
29747f52-1c33-46ff-83b8-7d014f0dc6c2,07cc7290-5d3f-421b-a514-b21d6a683494,a41bdeea-4193-4142-a090-727b70dd9f16,,Letícia Carvalho Freitas,female,2012-12-24,977.299.841-73,(67) 92751-2037,leticia.carvalho21@demo.aluno.com,Sandra Carvalho Freitas,José Carvalho Freitas,,,,,,f,,,t,2026-06-19 09:12:14.107688+00,2026-06-21 16:47:59.841799+00,t,51.431.563-1,Sandra Carvalho Freitas,Mãe,(61) 94893-1869,resp.0021@demo.aluno.com,00357-861,Rua XV de Novembro,484,,Liberdade,Guarulhos,SP,f,,,,0,
87026f97-9900-40e1-b4f1-4047cb9b9df1,07cc7290-5d3f-421b-a514-b21d6a683494,3d9c94c7-2fe4-44e3-88b4-dcfa0a656e75,e9fd72e5-eef3-4421-8223-5552fae3d744,André Barbosa Pereira,male,2014-05-14,804.548.732-96,(24) 92052-8924,andre.barbosa92@demo.aluno.com,Mônica Barbosa Pereira,André Barbosa Pereira,,,Basquete,2,50,f,,,t,2026-06-19 09:12:14.107688+00,2026-06-24 10:46:11.388573+00,t,52.412.276-2,Mônica Barbosa Pereira,Mãe,(32) 91436-8188,resp.0092@demo.aluno.com,01564-772,Rua das Flores,117,Apto 93,Pinheiros,Uberlândia,MG,t,de0575cfc8674b8994c078c0c305fc4ca7f96f0ede73449db0eccb56ffe6cf42,2026-06-24 10:45:59.027033+00,2026-06-24 10:46:11.388573+00,3,andre-barbosa-pereira-7fdb
5889bd93-412d-4a8a-ab73-b16fb489fc86,82728988-d739-4851-8718-cb574126d861,2fa6150f-347f-4b8a-8176-7e2e33efdf49,,Daniel Pimenta Costa Portilho,male,2013-06-05,,,,,,,,,,,f,,,t,2026-06-22 12:40:14.852389+00,2026-06-22 12:40:14.852389+00,f,,Francisco,,,,,,,,,,,f,,,,0,
92e5bfee-b212-4d38-bce7-e012a0bf44de,82728988-d739-4851-8718-cb574126d861,2fa6150f-347f-4b8a-8176-7e2e33efdf49,,Alice Escoralique Rubio,female,2012-07-09,,,,,,,,,,,f,,,t,2026-06-22 12:40:14.100281+00,2026-09-03 12:22:42.368002+00,f,,Leonardo,Pai,"","",36830-000,"","",,,Espera Feliz,MG,t,c5fc5696d4344a8795bc2b08bbdac9dd323024ced389480c86a8dc60933676c0,2026-06-23 11:36:23.827493+00,2026-09-03 12:19:05.591952+00,13,alice-escoralique-rubio-f3e5
91b92016-32b4-47e5-a20e-1e971e33ed40,82728988-d739-4851-8718-cb574126d861,aed45503-8f7b-4268-bcf8-117194b396a6,,Clara Mendes Lopes,female,2014-07-06,,,,,,,,,,,f,,,t,2026-07-02 12:49:54.13514+00,2026-07-02 12:49:54.13514+00,f,,Anselmo,,,,,,,,,,,f,,,,0,
d2f00440-68be-408a-8501-b0f8296bef33,82728988-d739-4851-8718-cb574126d861,aed45503-8f7b-4268-bcf8-117194b396a6,,Isabela Luquetti Lanes Leite,female,2014-09-09,,,,,,,,,,,f,,,t,2026-07-02 12:49:55.656269+00,2026-07-02 12:49:55.656269+00,f,,Antonio,,,,,,,,,,,f,,,,0,
c688aece-adb8-4bde-9270-a3794c553486,82728988-d739-4851-8718-cb574126d861,aed45503-8f7b-4268-bcf8-117194b396a6,,Mateus Lourenço Louback Linger,male,2014-06-11,,,,,,,,,,,f,,,t,2026-07-02 12:49:57.002784+00,2026-07-02 12:49:57.002784+00,f,,Kesley,,,,,,,,,,,f,,,,0,
c164df53-5e4b-491b-96b4-17b2232733d9,82728988-d739-4851-8718-cb574126d861,aed45503-8f7b-4268-bcf8-117194b396a6,,Nicollas de Paula Cruz,male,2015-03-10,,,,,,,,,,,f,,,t,2026-07-02 12:49:57.149195+00,2026-07-02 12:49:57.149195+00,f,,Everton,,,,,,,,,,,f,,,,0,
0fd137a6-0949-45eb-9c49-31320cf449d2,82728988-d739-4851-8718-cb574126d861,f5f61e67-0704-4085-9edd-d3d3fe4063c3,,Gabriel Almeida Geraldeli,male,2013-04-25,,,,,,,,,,,f,,,t,2026-07-02 12:49:58.514566+00,2026-07-02 12:49:58.514566+00,f,,Flavio,,,,,,,,,,,f,,,,0,
3ec0add0-4eb6-4523-8315-b423cdcc1123,07cc7290-5d3f-421b-a514-b21d6a683494,2d5c2126-b3e1-499c-a42f-28fc5b482cb6,,André Barbosa Pereira,male,2015-05-02,584.408.472-16,(54) 94192-3104,andre.barbosa32@demo.aluno.com,Mônica Barbosa Pereira,André Barbosa Pereira,,,Natação,2,50,f,,,f,2026-06-19 09:12:14.107688+00,2026-06-23 14:02:45.600252+00,t,92.752.096-2,Mônica Barbosa Pereira,Mãe,(92) 97456-2848,resp.0032@demo.aluno.com,00544-312,Rua das Flores,737,Apto 33,Pinheiros,Santo André,SP,f,,,,0,
398c0c96-1382-4b0a-a0f1-34b2860e35d5,82728988-d739-4851-8718-cb574126d861,f5f61e67-0704-4085-9edd-d3d3fe4063c3,,Gabriel Alves Cabral,male,2012-08-22,,,,,,,,,,,f,,,t,2026-07-02 12:49:58.665079+00,2026-07-02 12:49:58.665079+00,f,,Sérgio,,,,,,,,,,,f,,,,0,
fa242f91-c9ba-496a-8b7a-69a010a8558f,82728988-d739-4851-8718-cb574126d861,f5f61e67-0704-4085-9edd-d3d3fe4063c3,,Pedro Viana Faria,male,2012-07-05,,,,,,,,,,,f,,,t,2026-07-02 12:50:00.024626+00,2026-07-02 12:50:00.024626+00,f,,Adilson,,,,,,,,,,,f,,,,0,
1bfe6d48-d443-48ff-915b-2c19aee1e7d8,82728988-d739-4851-8718-cb574126d861,f5f61e67-0704-4085-9edd-d3d3fe4063c3,,Rafael Gomes de Assis,male,2012-09-13,,,,,,,,,,,f,,,t,2026-07-02 12:50:00.183234+00,2026-07-02 12:50:00.183234+00,f,,Michel,,,,,,,,,,,f,,,,0,
21e59e1a-4eb3-49cb-978d-eeea8d885b5c,82728988-d739-4851-8718-cb574126d861,09c03682-dbe6-4f7a-9891-64affd9a49f4,,Bella Nazário Saigg,female,2013-07-04,,,,,,,,,,,f,,,t,2026-07-02 12:50:01.54845+00,2026-07-02 12:50:01.54845+00,f,,Mahrcus,,,,,,,,,,,f,,,,0,
700ea6ec-be4d-417d-aa17-6dde43f5a600,82728988-d739-4851-8718-cb574126d861,09c03682-dbe6-4f7a-9891-64affd9a49f4,,Bernardo Gerardel Gonçalves,male,2013-10-18,,,,,,,,,,,f,,,t,2026-07-02 12:50:01.697778+00,2026-07-02 12:50:01.697778+00,f,,Billy,,,,,,,,,,,f,,,,0,
885d7a50-d5fe-43be-83ff-8252737ac6c8,82728988-d739-4851-8718-cb574126d861,09c03682-dbe6-4f7a-9891-64affd9a49f4,,Lucas Leite Cosenza,male,2013-07-01,,,,,,,,,,,f,,,t,2026-07-02 12:50:03.076734+00,2026-07-02 12:50:03.076734+00,f,,Gabriel,,,,,,,,,,,f,,,,0,
0adbd897-9bb8-40ff-ba79-1f160c0e74aa,82728988-d739-4851-8718-cb574126d861,09c03682-dbe6-4f7a-9891-64affd9a49f4,,Lucas Moraes Villa Verde,male,2013-11-11,,,,,,,,,,,f,,,t,2026-07-02 12:50:03.232871+00,2026-07-02 12:50:03.232871+00,f,,Wagner,,,,,,,,,,,f,,,,0,
877234ef-339f-4e0f-b9c7-ea4926a559d7,82728988-d739-4851-8718-cb574126d861,09c03682-dbe6-4f7a-9891-64affd9a49f4,,Tayler Grillo Otaviano,male,2013-12-20,,,,,,,,,,,f,,,t,2026-07-02 12:50:04.582381+00,2026-07-02 12:50:04.582381+00,f,,Kaio,,,,,,,,,,,f,,,,0,
4e27fe41-c055-43e4-8c6d-05094a983389,82728988-d739-4851-8718-cb574126d861,09c03682-dbe6-4f7a-9891-64affd9a49f4,,Valentina Eduardo Aleixo de Almeida Pinheiro,female,2013-08-25,,,,,,,,,,,f,,,t,2026-07-02 12:50:04.735214+00,2026-07-02 12:50:04.735214+00,f,,Murilo,,,,,,,,,,,f,,,,0,
a84d3a0e-0acb-4d97-9951-a9368874292e,82728988-d739-4851-8718-cb574126d861,c67a18f9-ed10-4e8b-b5ba-1108265cf2bc,,Enzo Fernandes Amaral,male,2012-02-07,,,,,,,,,,,f,,,t,2026-07-02 12:50:05.808295+00,2026-07-02 12:50:05.808295+00,f,,Sergio,,,,,,,,,,,f,,,,0,
d78a2668-3c00-4dea-bb2e-a768baf16900,82728988-d739-4851-8718-cb574126d861,c67a18f9-ed10-4e8b-b5ba-1108265cf2bc,,Gabriel Carlos Vertele,male,2011-11-03,,,,,,,,,,,f,,,t,2026-07-02 12:50:06.111866+00,2026-07-02 12:50:06.111866+00,f,,Jacimar,,,,,,,,,,,f,,,,0,
793f325d-80d1-4e72-9d76-b8221433f912,82728988-d739-4851-8718-cb574126d861,c67a18f9-ed10-4e8b-b5ba-1108265cf2bc,,Heitor Santana de Souza,male,2011-07-04,,,,,,,,,,,f,,,t,2026-07-02 12:50:06.262431+00,2026-07-02 12:50:06.262431+00,f,,Wilcimar,,,,,,,,,,,f,,,,0,
2d1b69ff-c6e0-442b-a118-6401f5f5066d,82728988-d739-4851-8718-cb574126d861,c67a18f9-ed10-4e8b-b5ba-1108265cf2bc,,Lucas Martins Maggi,male,2011-08-11,,,,,,,,,,,f,,,t,2026-07-02 12:50:07.30912+00,2026-07-02 12:50:07.30912+00,f,,Vinicios,,,,,,,,,,,f,,,,0,
ce55f681-ce9f-4020-a8ad-8c0b58c11a9e,82728988-d739-4851-8718-cb574126d861,c67a18f9-ed10-4e8b-b5ba-1108265cf2bc,,Maria Isadora Paquiel Lima,female,2012-02-27,,,,,,,,,,,f,,,t,2026-07-02 12:50:07.606978+00,2026-07-02 12:50:07.606978+00,f,,Alípio,,,,,,,,,,,f,,,,0,
a3f1f5e7-0fe4-4c8c-99c3-135cd8f0ba46,82728988-d739-4851-8718-cb574126d861,c67a18f9-ed10-4e8b-b5ba-1108265cf2bc,,Maria Valentina Borges de Lacerda Leite,female,2011-06-09,,,,,,,,,,,f,,,t,2026-07-02 12:50:07.757377+00,2026-07-02 12:50:07.757377+00,f,,Fernando,,,,,,,,,,,f,,,,0,
0d1e7555-7701-4bff-9297-581a0fcc8105,82728988-d739-4851-8718-cb574126d861,2fa6150f-347f-4b8a-8176-7e2e33efdf49,,Valentina Silva da Costa,female,2013-06-25,,,,,,,,,,,f,,,t,2026-06-22 12:40:16.464455+00,2026-08-03 14:13:56.287884+00,f,,Emerson,,,,,,,,,,,t,65e64f8c0d1f468ea9e9592ef4705733e6bddd97527646758633a82defaaab85,2026-08-03 14:13:56.287884+00,,0,valentina-silva-da-costa-8cac
c6a24107-8e03-4b76-ab72-37c7ed8f0829,82728988-d739-4851-8718-cb574126d861,2fa6150f-347f-4b8a-8176-7e2e33efdf49,,Ana Luiza Torrente Simião,female,2013-05-06,,,,,,,,,,,f,,,t,2026-06-22 12:40:14.252558+00,2026-06-23 09:32:52.178091+00,f,,Edson,,,,,,,,,,,f,,,,0,
0e09ea1b-582d-4736-bd35-a0777a5014d4,82728988-d739-4851-8718-cb574126d861,2fa6150f-347f-4b8a-8176-7e2e33efdf49,,AAluno Teste da SIlva,male,2015-10-05,,32984699080,alicetdom@gmail.com,,,,,,,,f,,,t,2026-06-25 17:25:10.878144+00,2026-07-07 19:09:48.730375+00,f,,,,,,,,,,,,,f,eee60e046cc04473a3b2fe8c095f289b0042d68b991e4c66a6c7df0198e688fa,2026-06-25 17:51:57.911609+00,2026-07-07 19:09:29.112742+00,16,aaluno-teste-da-silva-1f69
ea035fe3-268c-4552-b69d-c42f728de1d4,82728988-d739-4851-8718-cb574126d861,2fa6150f-347f-4b8a-8176-7e2e33efdf49,,Bernardo Souza França,male,2012-07-18,,,,,,,,,,,f,,,t,2026-06-22 12:40:14.705265+00,2026-09-08 18:40:22.328792+00,f,,Tiago,,,,,,,,,,,t,abb783da5ede4a1e93d5cbd384b2b9354c4d408cbcab44e6818128721353669c,2026-07-02 11:50:58.368698+00,2026-09-08 18:40:22.328792+00,4,bernardo-souza-franca-8744
7b49a8b0-3380-4ac3-9d75-4414148aaaf8,82728988-d739-4851-8718-cb574126d861,2fa6150f-347f-4b8a-8176-7e2e33efdf49,,Davi Zini Rodrigues,male,2013-04-15,,,,,,,,,,,f,,,t,2026-06-22 12:40:15.102776+00,2026-09-11 09:36:31.622129+00,f,,Lucas,,,,,,,,,,,t,33403f187c564d3e8d5a0ad9b60c86b0313259d11c814f57b06bce8896d2ad3b,2026-08-03 14:14:28.720936+00,2026-09-11 09:36:31.622129+00,5,davi-zini-rodrigues-1b1a
0562a121-0963-4807-b4f3-97c80ef58393,82728988-d739-4851-8718-cb574126d861,aed45503-8f7b-4268-bcf8-117194b396a6,,Davi Barboza Brinati,male,2015-04-24,,,,,,,,,,,f,,,t,2026-07-02 12:49:54.292518+00,2026-07-02 12:49:54.292518+00,f,,Cesar,,,,,,,,,,,f,,,,0,
ea6fd2be-4b9a-428c-906c-9377358a5c11,82728988-d739-4851-8718-cb574126d861,aed45503-8f7b-4268-bcf8-117194b396a6,,João Pedro Oliveira Gualandi,male,2015-07-22,,,,,,,,,,,f,,,t,2026-07-02 12:49:55.808347+00,2026-07-02 12:49:55.808347+00,f,,Diego,,,,,,,,,,,f,,,,0,
f633029d-8a49-4ad4-a232-c8c8056808dc,82728988-d739-4851-8718-cb574126d861,aed45503-8f7b-4268-bcf8-117194b396a6,,Nycollas Assunção Soares,male,2015-03-23,,,,,,,,,,,f,,,t,2026-07-02 12:49:57.298731+00,2026-07-02 12:49:57.298731+00,f,,Rodrigo,,,,,,,,,,,f,,,,0,
d72ec48a-31cd-4da0-b3aa-a2c63eabeea1,82728988-d739-4851-8718-cb574126d861,f5f61e67-0704-4085-9edd-d3d3fe4063c3,,Gabriel Alves de Souza Sampaio,male,2012-12-21,,,,,,,,,,,f,,,t,2026-07-02 12:49:58.814046+00,2026-07-02 12:49:58.814046+00,f,,Felipe,,,,,,,,,,,f,,,,0,
4bb28055-39d0-425c-82cc-942b41f5cfa5,82728988-d739-4851-8718-cb574126d861,f5f61e67-0704-4085-9edd-d3d3fe4063c3,,Ruan Azevedo Ramos,male,2012-06-04,,,,,,,,,,,f,,,t,2026-07-02 12:50:00.344736+00,2026-07-02 12:50:00.344736+00,f,,Bruno,,,,,,,,,,,f,,,,0,
a5fe6706-1a4b-4060-9499-e3e21b647d1c,82728988-d739-4851-8718-cb574126d861,09c03682-dbe6-4f7a-9891-64affd9a49f4,,Camile Sampaio de Azevedo,female,2013-08-20,,,,,,,,,,,f,,,t,2026-07-02 12:50:01.849382+00,2026-07-02 12:50:01.849382+00,f,,Ricardo,,,,,,,,,,,f,,,,0,
ad877906-0f38-428f-936f-4e9a77994619,82728988-d739-4851-8718-cb574126d861,09c03682-dbe6-4f7a-9891-64affd9a49f4,,Heitor Alexandre Xavier de Freitas Silva,male,2013-09-26,,,,,,,,,,,f,,,t,2026-07-02 12:50:02.464323+00,2026-07-02 12:50:02.464323+00,f,,Alexandre,,,,,,,,,,,f,,,,0,
192c20cc-714a-4b18-8274-6645f1de9dcc,82728988-d739-4851-8718-cb574126d861,09c03682-dbe6-4f7a-9891-64affd9a49f4,,Marcela Gomes Marinho,female,2014-04-08,,,,,,,,,,,f,,,t,2026-07-02 12:50:03.38721+00,2026-07-02 12:50:03.38721+00,f,,Marcelo,,,,,,,,,,,f,,,,0,
3c3b24bb-4f73-4f91-8d20-a05d838b3dff,82728988-d739-4851-8718-cb574126d861,09c03682-dbe6-4f7a-9891-64affd9a49f4,,Otávio Moraes Zanuti,male,2013-08-23,,,,,,,,,,,f,,,t,2026-07-02 12:50:03.986898+00,2026-07-02 12:50:03.986898+00,f,,Walker,,,,,,,,,,,f,,,,0,
49354d79-2faa-4ffa-a589-c88ad19a8181,82728988-d739-4851-8718-cb574126d861,c67a18f9-ed10-4e8b-b5ba-1108265cf2bc,,Emanuele Rodrigues Lacerda Araujo,female,2011-12-19,,,,,,,,,,,f,,,t,2026-07-02 12:50:05.505883+00,2026-07-02 12:50:05.505883+00,f,,Kinsley,,,,,,,,,,,f,,,,0,
339d2cbc-383b-4c14-b195-3115762daaae,82728988-d739-4851-8718-cb574126d861,c67a18f9-ed10-4e8b-b5ba-1108265cf2bc,,João Morais Grillo,male,2012-03-06,,,,,,,,,,,f,,,t,2026-07-02 12:50:06.410892+00,2026-07-02 12:50:06.410892+00,f,,Ernesto,,,,,,,,,,,f,,,,0,
e22194bc-ae39-4bd2-80a5-31a27229baef,82728988-d739-4851-8718-cb574126d861,c67a18f9-ed10-4e8b-b5ba-1108265cf2bc,,Leonardo Bottecchia Barcelos Pelegrine,male,2011-12-23,,,,,,,,,,,f,,,t,2026-07-02 12:50:07.012055+00,2026-07-02 12:50:07.012055+00,f,,Chtarlles,,,,,,,,,,,f,,,,0,
64bbcd2a-df91-4af9-86d6-e0b6efc2f3cc,82728988-d739-4851-8718-cb574126d861,c67a18f9-ed10-4e8b-b5ba-1108265cf2bc,,Marina Gonçalves da Silva C. Costa,female,2011-07-18,,,,,,,,,,,f,,,t,2026-07-02 12:50:07.907772+00,2026-07-02 12:50:07.907772+00,f,,Eduardo,,,,,,,,,,,f,,,,0,
26dbae51-d281-434c-ab5c-e47820523b04,82728988-d739-4851-8718-cb574126d861,c67a18f9-ed10-4e8b-b5ba-1108265cf2bc,,Thiago Nazário Saigg,male,2011-10-18,,,,,,,,,,,f,,,t,2026-07-02 12:50:08.513445+00,2026-07-02 12:50:08.513445+00,f,,Mahrcus,,,,,,,,,,,f,,,,0,
d86002f4-ffaf-4c3e-98a6-20d08aa8deca,82728988-d739-4851-8718-cb574126d861,2fa6150f-347f-4b8a-8176-7e2e33efdf49,,Felipe Hosken Ribeiro Neris,male,2012-11-13,,,,,,,,,,,f,,,t,2026-06-22 12:40:15.256317+00,2026-06-22 12:40:15.256317+00,f,,Ricardo,,,,,,,,,,,f,,,,0,
889268eb-65e3-40a1-9b66-40da1d7c66c0,82728988-d739-4851-8718-cb574126d861,aed45503-8f7b-4268-bcf8-117194b396a6,,Davi Martins Maggi,male,2014-07-10,,,,,,,,,,,f,,,t,2026-07-02 12:49:54.446347+00,2026-07-02 12:49:54.446347+00,f,,Vinícius,,,,,,,,,,,f,,,,0,
b583d20a-7664-4d3e-a2a4-1fcd9ad8955e,82728988-d739-4851-8718-cb574126d861,aed45503-8f7b-4268-bcf8-117194b396a6,,Lara Concolato de Souza Rubio,female,2015-04-03,,,,,,,,,,,f,,,t,2026-07-02 12:49:55.958581+00,2026-07-02 12:49:55.958581+00,f,,Tarcisio,,,,,,,,,,,f,,,,0,
81d5cc5f-26f2-4e9b-8463-13c9022d5929,82728988-d739-4851-8718-cb574126d861,aed45503-8f7b-4268-bcf8-117194b396a6,,Vicente Vita B. Cancela M de Mello,male,2015-06-15,,,,,,,,,,,f,,,t,2026-07-02 12:49:57.44761+00,2026-07-02 12:49:57.44761+00,f,,Vinícius,,,,,,,,,,,f,,,,0,
d9d7834c-248e-4ade-8d86-2d0ce8c973b0,82728988-d739-4851-8718-cb574126d861,f5f61e67-0704-4085-9edd-d3d3fe4063c3,,Gabriel Otaviano Castro,male,2013-04-04,,,,,,,,,,,f,,,t,2026-07-02 12:49:58.963793+00,2026-07-02 12:49:58.963793+00,f,,Tulio,,,,,,,,,,,f,,,,0,
c6b86810-0177-4173-a42e-e5da7d3df18b,82728988-d739-4851-8718-cb574126d861,09c03682-dbe6-4f7a-9891-64affd9a49f4,,Davi Oliveira Brinati,male,2014-03-15,,,,,,,,,,,f,,,t,2026-07-02 12:50:02.003099+00,2026-07-02 12:50:02.003099+00,f,,Alessandro,,,,,,,,,,,f,,,,0,
afbb4fd3-a993-44ab-89d8-f9d3b9384472,82728988-d739-4851-8718-cb574126d861,09c03682-dbe6-4f7a-9891-64affd9a49f4,,João Vitor Martins Grigato,male,2013-08-22,,,,,,,,,,,f,,,t,2026-07-02 12:50:02.923246+00,2026-07-02 12:50:02.923246+00,f,,Juliano,,,,,,,,,,,f,,,,0,
1f783d2a-41e0-4349-a742-f3555d3f0117,82728988-d739-4851-8718-cb574126d861,09c03682-dbe6-4f7a-9891-64affd9a49f4,,Maria Fernanda Borges de Lacerda Leite,female,2014-06-25,,,,,,,,,,,f,,,t,2026-07-02 12:50:03.537634+00,2026-07-02 12:50:03.537634+00,f,,Fernando,,,,,,,,,,,f,,,,0,
dc9589dd-2e31-47c0-a5d3-e1cbda4d14c2,82728988-d739-4851-8718-cb574126d861,09c03682-dbe6-4f7a-9891-64affd9a49f4,,Raphael Rodrigues Reis,male,2014-03-25,,,,,,,,,,,f,,,t,2026-07-02 12:50:04.432377+00,2026-07-02 12:50:04.432377+00,f,,Getúlio,,,,,,,,,,,f,,,,0,
39c8ea2e-7ce8-478c-be01-e460732e086d,82728988-d739-4851-8718-cb574126d861,c67a18f9-ed10-4e8b-b5ba-1108265cf2bc,,Alice Nunes Ferreira Gomes,female,2012-02-16,,,,,,,,,,,f,,,t,2026-07-02 12:50:05.04523+00,2026-07-02 12:50:05.04523+00,f,,Fábio,,,,,,,,,,,f,,,,0,
df34b39e-a69b-4c80-ade5-931c26442a72,82728988-d739-4851-8718-cb574126d861,c67a18f9-ed10-4e8b-b5ba-1108265cf2bc,,Estevão Alves Muniz de Almeida,male,2012-02-13,,,,,,,,,,,f,,,t,2026-07-02 12:50:05.9595+00,2026-07-02 12:50:05.9595+00,f,,Jadson,,,,,,,,,,,f,,,,0,
0731600c-91d1-4ec2-a7f4-20da4d131c84,82728988-d739-4851-8718-cb574126d861,c67a18f9-ed10-4e8b-b5ba-1108265cf2bc,,Joaquim Xavier Chambela Pedrosa,male,2012-01-06,,,,,,,,,,,f,,,t,2026-07-02 12:50:06.56009+00,2026-07-02 12:50:06.56009+00,f,,Janylson,,,,,,,,,,,f,,,,0,
2e226218-161f-4c16-aaab-b6aa88b0084d,82728988-d739-4851-8718-cb574126d861,c67a18f9-ed10-4e8b-b5ba-1108265cf2bc,,Lyz Aghata Ferreira Machado,female,2011-10-26,,,,,,,,,,,f,,,t,2026-07-02 12:50:07.457255+00,2026-07-02 12:50:07.457255+00,f,,Vinicius,,,,,,,,,,,f,,,,0,
70b459fb-eab8-4f3b-8d40-c0940109ee60,82728988-d739-4851-8718-cb574126d861,c67a18f9-ed10-4e8b-b5ba-1108265cf2bc,,Mayra da Silva Oliveira,female,2021-09-03,,,,,,,,,,,f,,,t,2026-07-02 12:50:08.059248+00,2026-07-02 12:50:08.059248+00,f,,Edvaldo,,,,,,,,,,,f,,,,0,
fcd3fa75-6fa7-45a6-b9f7-b803ffc0b9c6,82728988-d739-4851-8718-cb574126d861,2fa6150f-347f-4b8a-8176-7e2e33efdf49,,Arthur Gouveia Silvares,male,2012-08-08,,,,,,,,,,,f,,,t,2026-06-22 12:40:14.402086+00,2026-09-12 11:41:57.62533+00,f,,Osias,,,,,,,,,,,t,22483bcdd5054d98a397966f9fd635525932b63016784f2397dfd9fcff0141eb,2026-08-03 12:42:50.23753+00,2026-09-12 11:41:57.62533+00,5,arthur-gouveia-silvares-3614
ee2d0a97-4ac2-4aed-b0c8-93325a5056e3,82728988-d739-4851-8718-cb574126d861,2fa6150f-347f-4b8a-8176-7e2e33efdf49,,João Rodrigues Vitório,male,2012-04-05,,,,,,,,,,,f,,,t,2026-06-22 12:40:15.562173+00,2026-09-14 09:30:13.703565+00,f,,Jader,,,,,,,,,,,t,7629b5e6d12a48388a55784b2ac76be16195889afee742b18a8625f262733e49,2026-09-14 09:30:06.227052+00,2026-09-14 09:30:13.703565+00,1,joao-rodrigues-vitorio-d125
fdf76391-bb3a-4843-8ccb-8201a6ebada4,82728988-d739-4851-8718-cb574126d861,2fa6150f-347f-4b8a-8176-7e2e33efdf49,,Giovanna Milanez Rúbio Nogueira,female,2012-12-10,,,,,,,,,,,f,,,t,2026-06-22 12:40:15.405563+00,2026-06-22 12:40:15.405563+00,f,,Ernani,,,,,,,,,,,f,,,,0,
16f99590-19b6-46d4-8106-40f996119bdb,07cc7290-5d3f-421b-a514-b21d6a683494,3d9c94c7-2fe4-44e3-88b4-dcfa0a656e75,15977e9d-3f54-4aa6-994b-df3bf60f8939,André Barbosa Pereira,male,2014-11-05,555.785.315-95,(25) 91965-1455,andre.barbosa15@demo.aluno.com,Maria Barbosa Pereira,José Barbosa Pereira,,,Futebol,5,51,f,,,f,2026-06-19 09:12:14.107688+00,2026-06-24 14:09:32.059943+00,t,65.165.545-5,Maria Barbosa Pereira,Pai,(85) 93495-1335,resp.0015@demo.aluno.com,00255-615,Rua Tiradentes,346,,Centro,Belo Horizonte,MG,t,2bbe1e440cf04b6fa49dd7ad4d8b9f3db2f2c58498804a2090543bd8b10d8ad0,2026-06-24 14:09:32.059943+00,,0,andre-barbosa-pereira-ccfc
cecaa1f1-9f41-4d2b-9e79-2a5daeacfc94,82728988-d739-4851-8718-cb574126d861,aed45503-8f7b-4268-bcf8-117194b396a6,,Eros Tarden Dias,male,2014-08-04,,,,,,,,,,,f,,,t,2026-07-02 12:49:54.597457+00,2026-07-02 12:49:54.597457+00,f,,Leovan,,,,,,,,,,,f,,,,0,
661f010f-3402-4db7-bf9c-d7ece70a771d,82728988-d739-4851-8718-cb574126d861,aed45503-8f7b-4268-bcf8-117194b396a6,,Gabriel Bicalho Arêas,male,2014-10-09,,,,,,,,,,,f,,,t,2026-07-02 12:49:55.056612+00,2026-07-02 12:49:55.056612+00,f,,Mario,,,,,,,,,,,f,,,,0,
ce56f9b8-3b9c-42b9-b8ae-5d2ba0cdf8df,82728988-d739-4851-8718-cb574126d861,aed45503-8f7b-4268-bcf8-117194b396a6,,Larissa Duarte Rezende,female,2014-12-15,,,,,,,,,,,f,,,t,2026-07-02 12:49:56.107851+00,2026-07-02 12:49:56.107851+00,f,,Leonardo,,,,,,,,,,,f,,,,0,
c4b902fc-ad24-4f41-a946-175221997334,82728988-d739-4851-8718-cb574126d861,aed45503-8f7b-4268-bcf8-117194b396a6,,Luís Augusto de Oliveira Silva,male,2014-08-22,,,,,,,,,,,f,,,t,2026-07-02 12:49:56.556372+00,2026-07-02 12:49:56.556372+00,f,,Cássio,,,,,,,,,,,f,,,,0,
f55527ae-3e53-4847-99ef-36b00e413c90,82728988-d739-4851-8718-cb574126d861,f5f61e67-0704-4085-9edd-d3d3fe4063c3,,Beatriz Miranda de S Hocayen Padilha,female,2013-04-04,,,,,,,,,,,f,,,t,2026-07-02 12:49:58.063387+00,2026-07-02 12:49:58.063387+00,f,,João Paulo,,,,,,,,,,,f,,,,0,
e9d52e0c-a863-43d7-a2ab-b03d6dc1251c,82728988-d739-4851-8718-cb574126d861,f5f61e67-0704-4085-9edd-d3d3fe4063c3,,Guilherme Barreto Xavier Pereira,male,2013-01-08,,,,,,,,,,,f,,,t,2026-07-02 12:49:59.114985+00,2026-07-02 12:49:59.114985+00,f,,Regis,,,,,,,,,,,f,,,,0,
6256d1fe-50f6-4ba8-95a8-b6e1f5570603,82728988-d739-4851-8718-cb574126d861,f5f61e67-0704-4085-9edd-d3d3fe4063c3,,Julia Caon Leal,female,2012-07-17,,,,,,,,,,,f,,,t,2026-07-02 12:49:59.564967+00,2026-07-02 12:49:59.564967+00,f,,Adalberto,,,,,,,,,,,f,,,,0,
904e0b89-8326-424d-b579-3f17103e3c7e,82728988-d739-4851-8718-cb574126d861,09c03682-dbe6-4f7a-9891-64affd9a49f4,,Alice Dutra de Souza,female,2014-01-22,,,,,,,,,,,f,,,t,2026-07-02 12:50:00.648118+00,2026-07-02 12:50:00.648118+00,f,,José Hélio,,,,,,,,,,,f,,,,0,
baaf443b-a946-40fa-8781-44b5616a2ff5,82728988-d739-4851-8718-cb574126d861,09c03682-dbe6-4f7a-9891-64affd9a49f4,,Arthur Henrique Gripp de Magalhães Gomes,male,2014-02-26,,,,,,,,,,,f,,,t,2026-07-02 12:50:01.095537+00,2026-07-02 12:50:01.095537+00,f,,Arthur,,,,,,,,,,,f,,,,0,
1896edad-26a7-4301-a8bf-5f3c11025289,82728988-d739-4851-8718-cb574126d861,09c03682-dbe6-4f7a-9891-64affd9a49f4,,Davi Zanon Mota,male,2013-09-19,,,,,,,,,,,f,,,t,2026-07-02 12:50:02.156074+00,2026-07-02 12:50:02.156074+00,f,,Thiago,,,,,,,,,,,f,,,,0,
2401e532-0a46-43c5-99b4-50e42b1509c5,82728988-d739-4851-8718-cb574126d861,09c03682-dbe6-4f7a-9891-64affd9a49f4,,Higor Soares Andrade,male,2013-09-17,,,,,,,,,,,f,,,t,2026-07-02 12:50:02.615478+00,2026-07-02 12:50:02.615478+00,f,,Vinicius,,,,,,,,,,,f,,,,0,
034e0271-bbb6-4149-93fe-464bc9edf50e,82728988-d739-4851-8718-cb574126d861,09c03682-dbe6-4f7a-9891-64affd9a49f4,,Maria Martins Linhares,female,2014-02-24,,,,,,,,,,,f,,,t,2026-07-02 12:50:03.685876+00,2026-07-02 12:50:03.685876+00,f,,Valdério,,,,,,,,,,,f,,,,0,
b52f4d92-b717-4fe5-a573-689bd38118d7,82728988-d739-4851-8718-cb574126d861,09c03682-dbe6-4f7a-9891-64affd9a49f4,,Pedro Milanez Furtado,male,2013-11-18,,,,,,,,,,,f,,,t,2026-07-02 12:50:04.136518+00,2026-07-02 12:50:04.136518+00,f,,Matheus,,,,,,,,,,,f,,,,0,
eb37ab77-fc52-455e-9fd6-a0e089889a2c,82728988-d739-4851-8718-cb574126d861,c67a18f9-ed10-4e8b-b5ba-1108265cf2bc,,Antony Grillo Santana,male,2012-04-25,,,,,,,,,,,f,,,t,2026-07-02 12:50:05.203399+00,2026-07-02 12:50:05.203399+00,f,,Suêder,,,,,,,,,,,f,,,,0,
eecfee6a-6664-4a98-9fe9-309aded31bf0,82728988-d739-4851-8718-cb574126d861,c67a18f9-ed10-4e8b-b5ba-1108265cf2bc,,Augusto Silva Souza Pacheco,male,2011-12-01,,,,,,,,,,,f,,,t,2026-07-02 12:50:05.35332+00,2026-07-02 12:50:05.35332+00,f,,José,,,,,,,,,,,f,,,,0,
8a2aa0e7-1f98-4a8c-a74a-2f524f072cb1,82728988-d739-4851-8718-cb574126d861,c67a18f9-ed10-4e8b-b5ba-1108265cf2bc,,Emmanuel Chambela Valadão,male,2012-06-15,,,,,,,,,,,f,,,t,2026-07-02 12:50:05.657624+00,2026-07-02 12:50:05.657624+00,f,,Juliano,,,,,,,,,,,f,,,,0,
b85d35e6-6342-4173-ba44-fa3ca48f2b23,82728988-d739-4851-8718-cb574126d861,c67a18f9-ed10-4e8b-b5ba-1108265cf2bc,,Kaio de Oliveira Vargas,male,2011-11-21,,,,,,,,,,,f,,,t,2026-07-02 12:50:06.711221+00,2026-07-02 12:50:06.711221+00,f,,Davi,,,,,,,,,,,f,,,,0,
38a6c4e7-7ea2-44c3-9e49-92a175a07542,82728988-d739-4851-8718-cb574126d861,c67a18f9-ed10-4e8b-b5ba-1108265cf2bc,,Lavínia Almeida Carvalho,female,2012-02-10,,,,,,,,,,,f,,,t,2026-07-02 12:50:06.859227+00,2026-07-02 12:50:06.859227+00,f,,José Geraldo,,,,,,,,,,,f,,,,0,
e88aa739-78e8-4211-9b63-c79dab3e3dc6,82728988-d739-4851-8718-cb574126d861,c67a18f9-ed10-4e8b-b5ba-1108265cf2bc,,Lia Fonseca Horsth,female,2011-12-18,,,,,,,,,,,f,,,t,2026-07-02 12:50:07.159795+00,2026-07-02 12:50:07.159795+00,f,,Samir,,,,,,,,,,,f,,,,0,
2533a57e-73f6-4d5c-a6a1-b34cf8c1b915,82728988-d739-4851-8718-cb574126d861,c67a18f9-ed10-4e8b-b5ba-1108265cf2bc,,Murilo Rúbio Moraes,male,2011-08-03,,,,,,,,,,,f,,,t,2026-07-02 12:50:08.210075+00,2026-07-02 12:50:08.210075+00,f,,Adriano,,,,,,,,,,,f,,,,0,
87ebfda9-5142-4ea5-bf19-f4853b7fffed,82728988-d739-4851-8718-cb574126d861,c67a18f9-ed10-4e8b-b5ba-1108265cf2bc,,Sávio Concolato de Souza Silva,male,2011-07-18,,,,,,,,,,,f,,,t,2026-07-02 12:50:08.362329+00,2026-07-02 12:50:08.362329+00,f,,Paulo,,,,,,,,,,,f,,,,0,
0e98e31c-3f00-4cd6-914b-72b636f0ee03,82728988-d739-4851-8718-cb574126d861,c67a18f9-ed10-4e8b-b5ba-1108265cf2bc,,Valentina Xavier de Freitas da Silva,female,2012-05-04,,,,,,,,,,,f,,,t,2026-07-02 12:50:08.663136+00,2026-07-02 12:50:08.663136+00,f,,Alexandre,,,,,,,,,,,f,,,,0,
fe83c5e0-f3ed-40c7-a880-0fafc59b36e7,82728988-d739-4851-8718-cb574126d861,aed45503-8f7b-4268-bcf8-117194b396a6,,Abraão Pirovani Pinheiro,male,2014-07-25,,,,,,,,,,,f,,,t,2026-07-02 12:49:53.439608+00,2026-08-03 12:41:37.523954+00,f,,Álvaro,,,,,,,,,,,t,27bd414eeaa247d18a26b7ab87e04611106d549b85b84d97bca851ef89b66a8b,2026-08-03 12:40:49.460038+00,2026-08-03 12:41:37.523954+00,1,abraao-pirovani-pinheiro-2b72
626f59c2-e58b-4efd-b9b8-ef27277c0617,07cc7290-5d3f-421b-a514-b21d6a683494,2d5c2126-b3e1-499c-a42f-28fc5b482cb6,,André Barbosa Pereira,male,2015-11-11,642.654.786-58,(22) 98646-6402,andre.barbosa66@demo.aluno.com,Sandra Barbosa Pereira,José Barbosa Pereira,,,Handebol,4,48,f,,,f,2026-06-19 09:12:14.107688+00,2026-06-23 14:02:52.536903+00,t,46.926.198-6,Sandra Barbosa Pereira,Mãe,(16) 95378-5874,resp.0066@demo.aluno.com,01122-706,Rua Sete de Setembro,1519,,Liberdade,Guarulhos,SP,f,,,,0,
00e45b77-b33f-4a78-8bb8-21a19e087f1b,82728988-d739-4851-8718-cb574126d861,aed45503-8f7b-4268-bcf8-117194b396a6,,Ana Luiza Diogo Moraes Costa,female,2014-08-20,,,,,,,,,,,f,,,t,2026-07-02 12:49:53.625544+00,2026-07-02 12:49:53.625544+00,f,,Antônio,,,,,,,,,,,f,,,,0,
80aea925-bd99-474d-87c2-d1f928656032,82728988-d739-4851-8718-cb574126d861,aed45503-8f7b-4268-bcf8-117194b396a6,,Felipe Rodrigues Marcelino,male,2014-09-14,,,,,,,,,,,f,,,t,2026-07-02 12:49:54.74875+00,2026-07-02 12:49:54.74875+00,f,,Regis,,,,,,,,,,,f,,,,0,
29c9cdfc-6b1c-483a-ae6c-cf1999f8727f,82728988-d739-4851-8718-cb574126d861,aed45503-8f7b-4268-bcf8-117194b396a6,,Guilherme da Silva Paiva,male,2014-09-02,,,,,,,,,,,f,,,t,2026-07-02 12:49:55.206817+00,2026-07-02 12:49:55.206817+00,f,,José Roberto,,,,,,,,,,,f,,,,0,
5d130b63-aa4b-4e32-821a-18a80ad1d73c,82728988-d739-4851-8718-cb574126d861,aed45503-8f7b-4268-bcf8-117194b396a6,,Livia Klem de Carvalho e Silva,female,2015-06-02,,,,,,,,,,,f,,,t,2026-07-02 12:49:56.257534+00,2026-07-02 12:49:56.257534+00,f,,Erivelton,,,,,,,,,,,f,,,,0,
b77e90d1-fbc1-4739-8109-590cc4926e63,82728988-d739-4851-8718-cb574126d861,aed45503-8f7b-4268-bcf8-117194b396a6,,Luiz Gustavo Viçoso Fortunato,male,2014-12-01,,,,,,,,,,,f,,,t,2026-07-02 12:49:56.705849+00,2026-07-02 12:49:56.705849+00,f,,Gustavo,,,,,,,,,,,f,,,,0,
1f66d925-a9b6-4759-98be-7f3ac8983cac,82728988-d739-4851-8718-cb574126d861,f5f61e67-0704-4085-9edd-d3d3fe4063c3,,Alice Medeiros Marteline Neles,female,2012-07-05,,,,,,,,,,,f,,,t,2026-07-02 12:49:57.750533+00,2026-07-02 12:49:57.750533+00,f,,Enio,,,,,,,,,,,f,,,,0,
c26633c2-5ba4-413d-9f02-73179bf0c7a9,82728988-d739-4851-8718-cb574126d861,f5f61e67-0704-4085-9edd-d3d3fe4063c3,,Clara Donadio Heitor,female,2012-09-16,,,,,,,,,,,f,,,t,2026-07-02 12:49:58.216009+00,2026-07-02 12:49:58.216009+00,f,,Marcello,,,,,,,,,,,f,,,,0,
ac3d656e-2fcd-4c1e-9ddf-11b59195b621,82728988-d739-4851-8718-cb574126d861,f5f61e67-0704-4085-9edd-d3d3fe4063c3,,Helena Concas Barbosa Donadio,female,2012-04-02,,,,,,,,,,,f,,,t,2026-07-02 12:49:59.267524+00,2026-07-02 12:49:59.267524+00,f,,Romulo,,,,,,,,,,,f,,,,0,
cace453e-65a4-4998-b81d-9726fdeafbd9,82728988-d739-4851-8718-cb574126d861,f5f61e67-0704-4085-9edd-d3d3fe4063c3,,Lavínia Souza Alves,female,2012-12-14,,,,,,,,,,,f,,,t,2026-07-02 12:49:59.717587+00,2026-07-02 12:49:59.717587+00,f,,Walacir,,,,,,,,,,,f,,,,0,
a7c25986-189a-4307-a34e-92df64693dc3,82728988-d739-4851-8718-cb574126d861,09c03682-dbe6-4f7a-9891-64affd9a49f4,,Anna Caon Moraes Santos,female,2014-07-23,,,,,,,,,,,f,,,t,2026-07-02 12:50:00.796823+00,2026-07-02 12:50:00.796823+00,f,,Wemerson,,,,,,,,,,,f,,,,0,
eb86a653-aa44-49d7-a3b8-b6cbb1db3fa9,82728988-d739-4851-8718-cb574126d861,09c03682-dbe6-4f7a-9891-64affd9a49f4,,Arthur Miranda de Oliveira Valentim,male,2014-03-18,,,,,,,,,,,f,,,t,2026-07-02 12:50:01.249012+00,2026-07-02 12:50:01.249012+00,f,,Dejacinto,,,,,,,,,,,f,,,,0,
0e46589c-f78c-4210-9160-10bad6abeb4d,07cc7290-5d3f-421b-a514-b21d6a683494,014c1331-0acd-4e6a-b880-df8da0af4fea,15977e9d-3f54-4aa6-994b-df3bf60f8939,Rafaela Ribeiro Ribeiro,female,2011-04-07,607.109.631-43,(87) 91441-1067,rafaela.ribeiro11@demo.aluno.com,Sandra Ribeiro Ribeiro,André Ribeiro Ribeiro,,,Basquete,5,23,f,,,t,2026-06-19 09:12:14.107688+00,2026-06-21 16:47:59.841799+00,t,41.321.533-1,Sandra Ribeiro Ribeiro,Mãe,(41) 92563-0979,resp.0011@demo.aluno.com,00187-451,Rua Barão do Rio Branco,254,,Jardim América,Uberlândia,MG,f,,,,0,
26958a94-6a9b-46e2-87d6-309b8a5687bb,07cc7290-5d3f-421b-a514-b21d6a683494,d5f63646-432f-4cdf-866f-b68b0273e056,,Theo Cavalcanti Reis,male,2011-05-08,740.380.420-60,(60) 92620-1940,theo.cavalcanti20@demo.aluno.com,Maria Cavalcanti Reis,André Cavalcanti Reis,,,Basquete,2,26,f,,,t,2026-06-19 09:12:14.107688+00,2026-06-21 16:47:59.841799+00,t,20.220.060-0,Maria Cavalcanti Reis,Pai,(50) 94660-1780,resp.0020@demo.aluno.com,00340-820,Rua das Acácias,461,Apto 21,Tatuapé,Uberlândia,MG,f,,,,0,
3a2ca647-210f-4132-b5f2-1640d30b587b,07cc7290-5d3f-421b-a514-b21d6a683494,a41bdeea-4193-4142-a090-727b70dd9f16,,Fernanda Lima Lima,female,2012-06-24,347.489.051-03,(47) 94061-3007,fernanda.lima31@demo.aluno.com,Sandra Lima Lima,Marcos Lima Lima,,,,,,f,,,t,2026-06-19 09:12:14.107688+00,2026-06-21 16:47:59.841799+00,t,61.541.593-1,Sandra Lima Lima,Mãe,(81) 97223-2759,resp.0031@demo.aluno.com,00527-271,Rua Barão do Rio Branco,714,,Mooca,Contagem,MG,f,,,,0,
41d0d566-784a-4a86-9d99-df51f9163eb7,07cc7290-5d3f-421b-a514-b21d6a683494,2d5c2126-b3e1-499c-a42f-28fc5b482cb6,,João Nascimento Nascimento,male,2015-11-02,058.246.314-42,(68) 94454-3298,joao.nascimento34@demo.aluno.com,Juliana Nascimento Nascimento,Marcos Nascimento Nascimento,,,Judô,4,64,f,,,t,2026-06-19 09:12:14.107688+00,2026-06-21 16:47:59.841799+00,t,54.174.102-4,Juliana Nascimento Nascimento,Mãe,(24) 97922-3026,resp.0034@demo.aluno.com,00578-394,Av. Pres. Vargas,783,,Sumaré,Campinas,SP,f,,,,0,
5bba517b-d364-4354-8fc0-b5ba06becbba,07cc7290-5d3f-421b-a514-b21d6a683494,3d9c94c7-2fe4-44e3-88b4-dcfa0a656e75,,Rafael Reis Cavalcanti,male,2014-05-23,746.302.418-54,(56) 97598-5626,rafael.reis58@demo.aluno.com,Cristina Reis Cavalcanti,Marcos Reis Cavalcanti,,,Atletismo,4,52,f,,,t,2026-06-19 09:12:14.107688+00,2026-06-21 16:47:59.841799+00,t,98.238.174-8,Cristina Reis Cavalcanti,Mãe,(18) 93514-5162,resp.0058@demo.aluno.com,00986-378,Av. Getúlio Vargas,1335,,Moema,Contagem,MG,f,,,,0,
6cdf3eab-870b-4f6b-8864-82b65e1fd3ad,07cc7290-5d3f-421b-a514-b21d6a683494,a41bdeea-4193-4142-a090-727b70dd9f16,,Gabriel Araújo Pinto,male,2013-09-06,116.492.628-84,(36) 98908-6596,gabriel.araujo68@demo.aluno.com,Cristina Araújo Pinto,André Araújo Pinto,,,Natação,2,62,f,,,t,2026-06-19 09:12:14.107688+00,2026-06-21 16:47:59.841799+00,t,08.348.204-8,Cristina Araújo Pinto,Mãe,(38) 95844-6052,resp.0068@demo.aluno.com,01156-788,Av. Santos Dumont,1565,Apto 69,Perdizes,Santo André,SP,f,,,,0,
6fd75cca-a83a-40fc-91f7-c457424b4de4,07cc7290-5d3f-421b-a514-b21d6a683494,014c1331-0acd-4e6a-b880-df8da0af4fea,e9fd72e5-eef3-4421-8223-5552fae3d744,Davi Teixeira Ferreira,male,2012-01-25,353.411.049-97,(43) 99039-6693,davi.teixeira69@demo.aluno.com,Juliana Teixeira Ferreira,José Teixeira Ferreira,,,Futebol,3,9,f,,,t,2026-06-19 09:12:14.107688+00,2026-06-21 16:47:59.841799+00,t,39.559.707-9,Juliana Teixeira Ferreira,Mãe,(49) 96077-6141,resp.0069@demo.aluno.com,01173-829,Av. Brasil,1588,,Vila Nova,Belo Horizonte,MG,f,,,,0,
7034bb36-248e-4dd0-aa61-0f0f9dd18565,07cc7290-5d3f-421b-a514-b21d6a683494,df7d4151-8c32-4eea-bca8-7df20787ab0a,e9fd72e5-eef3-4421-8223-5552fae3d744,Davi Teixeira Ferreira,male,2009-01-19,590.330.470-10,(50) 99170-6790,davi.teixeira70@demo.aluno.com,Maria Teixeira Ferreira,Marcos Teixeira Ferreira,,,Judô,4,16,f,,,t,2026-06-19 09:12:14.107688+00,2026-06-21 16:47:59.841799+00,t,70.770.210-0,Maria Teixeira Ferreira,Pai,(60) 96310-6230,resp.0070@demo.aluno.com,01190-870,Rua Marechal Deodoro,1611,,Bela Vista,Campinas,SP,f,,,,0,
708a85b7-c0ca-42b1-8ef3-0e8795791033,07cc7290-5d3f-421b-a514-b21d6a683494,df7d4151-8c32-4eea-bca8-7df20787ab0a,fc328287-0a14-4985-b9e4-6cc56fbe6dd6,Felipe Gomes Rocha,male,2009-07-19,827.249.891-23,(57) 99301-6887,felipe.gomes71@demo.aluno.com,Sandra Gomes Rocha,André Gomes Rocha,,,Ginástica,5,23,f,,,t,2026-06-19 09:12:14.107688+00,2026-06-21 16:47:59.841799+00,t,01.981.713-1,Sandra Gomes Rocha,Mãe,(71) 96543-6319,resp.0071@demo.aluno.com,01207-911,Rua Barão do Rio Branco,1634,,Jardim América,São Bernardo,SP,f,,,,0,
719485a1-09d0-4703-806d-58a935d18308,07cc7290-5d3f-421b-a514-b21d6a683494,198f8843-c411-4d10-bc14-21142a59c69d,675b336a-7f53-4547-afca-ffa67a950b38,Samuel Rocha Gomes,male,2014-01-04,064.168.312-36,(64) 99432-6984,samuel.rocha72@demo.aluno.com,Mônica Rocha Gomes,José Rocha Gomes,,,Futsal,2,30,f,,,t,2026-06-19 09:12:14.107688+00,2026-06-21 16:47:59.841799+00,t,32.192.216-2,Mônica Rocha Gomes,Mãe,(82) 96776-6408,resp.0072@demo.aluno.com,01224-952,Rua das Flores,1657,Apto 73,Higienópolis,São Paulo,SP,f,,,,0,
73d86e84-8f15-4b15-ab12-0b1536bce938,07cc7290-5d3f-421b-a514-b21d6a683494,d5f63646-432f-4cdf-866f-b68b0273e056,,Theo Cavalcanti Reis,male,2011-05-17,301.087.733-49,(71) 99563-7081,theo.cavalcanti73@demo.aluno.com,Cristina Cavalcanti Reis,Marcos Cavalcanti Reis,,,,,,f,,,t,2026-06-19 09:12:14.107688+00,2026-06-21 16:47:59.841799+00,t,63.403.719-3,Cristina Cavalcanti Reis,Mãe,(93) 97009-6497,resp.0073@demo.aluno.com,01241-993,Av. Atlântica,1680,,Moema,Osasco,SP,f,,,,0,
74487f84-7317-4dfd-9fd7-97000d429046,07cc7290-5d3f-421b-a514-b21d6a683494,2d5c2126-b3e1-499c-a42f-28fc5b482cb6,,Nicole Correia Correia,female,2014-08-02,538.006.154-62,(78) 99694-7178,nicole.correia74@demo.aluno.com,Juliana Correia Correia,André Correia Correia,,,Basquete,4,44,f,,Apto sem restrições. Avaliação cardiológica em dia.,t,2026-06-19 09:12:14.107688+00,2026-06-21 16:47:59.841799+00,t,94.614.222-4,Juliana Correia Correia,Mãe,(14) 97242-6586,resp.0074@demo.aluno.com,01258-034,Av. Pres. Vargas,1703,,Santa Cecília,Uberlândia,MG,f,,,,0,
52529d0e-0e8a-447f-85a6-489713765148,82728988-d739-4851-8718-cb574126d861,09c03682-dbe6-4f7a-9891-64affd9a49f4,,Gabriel Siqueira Monteiro Junior,male,2014-05-05,,,,,,,,,,,f,,,t,2026-07-02 12:50:02.306383+00,2026-07-02 12:50:02.306383+00,f,,Gabriel,,,,,,,,,,,f,,,,0,
c48c1528-2089-44fe-812b-09c6b42179ca,82728988-d739-4851-8718-cb574126d861,09c03682-dbe6-4f7a-9891-64affd9a49f4,,João Pedro Paczkowski Borges Valadão,male,2014-05-30,,,,,,,,,,,f,,,t,2026-07-02 12:50:02.774586+00,2026-07-02 12:50:02.774586+00,f,,Carlos Antônio,,,,,,,,,,,f,,,,0,
8ae9de6f-6c20-4553-b12a-ce7142890c73,82728988-d739-4851-8718-cb574126d861,09c03682-dbe6-4f7a-9891-64affd9a49f4,,Melyssa de Souza Freitas,female,2014-05-12,,,,,,,,,,,f,,,t,2026-07-02 12:50:03.837227+00,2026-07-02 12:50:03.837227+00,f,,Heloi,,,,,,,,,,,f,,,,0,
6dddad83-4bf5-4d52-a900-6455a7bc62e2,82728988-d739-4851-8718-cb574126d861,09c03682-dbe6-4f7a-9891-64affd9a49f4,,Rafael Sampaio Alves,male,2014-03-10,,,,,,,,,,,f,,,t,2026-07-02 12:50:04.285734+00,2026-07-02 12:50:04.285734+00,f,,Wagner,,,,,,,,,,,f,,,,0,
da1cbf00-c248-4a63-b468-cb734df46aa0,07cc7290-5d3f-421b-a514-b21d6a683494,014c1331-0acd-4e6a-b880-df8da0af4fea,15977e9d-3f54-4aa6-994b-df3bf60f8939,Rafaela Ribeiro Ribeiro,female,2011-10-25,816.392.728-84,(16) 92008-6296,rafaela.ribeiro68@demo.aluno.com,Cristina Ribeiro Ribeiro,José Ribeiro Ribeiro,,,Futebol,2,42,f,,,t,2026-06-19 09:12:14.107688+00,2026-06-21 16:47:59.841799+00,t,08.448.504-8,Cristina Ribeiro Ribeiro,Mãe,(58) 99144-4952,resp.0168@demo.aluno.com,02856-888,Av. Santos Dumont,1865,Apto 169,Boa Vista,Belo Horizonte,MG,f,,,,0,
db417ab2-ad9e-46fd-b99d-ca42fb9cff78,07cc7290-5d3f-421b-a514-b21d6a683494,db9e5ccc-f3d9-41b6-9adf-2ebaa1d9c283,,Miguel Rodrigues Oliveira,male,2015-09-03,053.311.149-97,(23) 92139-6393,miguel.rodrigues69@demo.aluno.com,Juliana Rodrigues Oliveira,Marcos Rodrigues Oliveira,,,,,,f,,,t,2026-06-19 09:12:14.107688+00,2026-06-21 16:47:59.841799+00,t,39.659.007-9,Juliana Rodrigues Oliveira,Mãe,(69) 99377-5041,resp.0169@demo.aluno.com,02873-929,Av. Brasil,1888,,Sumaré,Campinas,SP,f,,,,0,
dc1c45c0-2c0b-4dd8-a9a8-49ad32abf1d1,07cc7290-5d3f-421b-a514-b21d6a683494,db9e5ccc-f3d9-41b6-9adf-2ebaa1d9c283,,Gabriel Araújo Pinto,male,2015-03-03,290.230.570-10,(30) 92270-6490,gabriel.araujo70@demo.aluno.com,Maria Araújo Pinto,André Araújo Pinto,,,Ginástica,4,56,f,,,t,2026-06-19 09:12:14.107688+00,2026-06-21 16:47:59.841799+00,t,70.870.510-0,Maria Araújo Pinto,Pai,(80) 99610-5130,resp.0170@demo.aluno.com,02890-970,Rua Marechal Deodoro,1911,,Tatuapé,São Bernardo,SP,f,,,,0,
dc37698c-6cef-444b-b4e9-b87e83a8eff4,07cc7290-5d3f-421b-a514-b21d6a683494,3d9c94c7-2fe4-44e3-88b4-dcfa0a656e75,,Murilo Pereira Barbosa,male,2014-11-23,527.149.991-23,(37) 92401-6587,murilo.pereira71@demo.aluno.com,Sandra Pereira Barbosa,José Pereira Barbosa,,,,,,f,,,t,2026-06-19 09:12:14.107688+00,2026-06-21 16:47:59.841799+00,t,01.081.013-1,Sandra Pereira Barbosa,Mãe,(91) 99843-5219,resp.0171@demo.aluno.com,02907-011,Rua Barão do Rio Branco,1934,,Liberdade,São Paulo,SP,f,,,,0,
de8d873d-eb21-4b6f-8e88-c17017b2c1ab,07cc7290-5d3f-421b-a514-b21d6a683494,3d9c94c7-2fe4-44e3-88b4-dcfa0a656e75,,Yara Martins Costa,female,2013-08-05,764.068.412-36,(44) 92532-6684,yara.martins72@demo.aluno.com,Mônica Martins Costa,Marcos Martins Costa,,,Vôlei,2,10,f,,,t,2026-06-19 09:12:14.107688+00,2026-06-21 16:47:59.841799+00,t,32.292.516-2,Mônica Martins Costa,Mãe,(12) 90076-5308,resp.0172@demo.aluno.com,02924-052,Rua das Flores,1957,Apto 173,Vila Mariana,Osasco,SP,f,,,,0,
e0325331-a76a-4985-a8ad-ed5c26744c80,07cc7290-5d3f-421b-a514-b21d6a683494,df7d4151-8c32-4eea-bca8-7df20787ab0a,78c15c34-48c6-4064-94eb-9711e4a67c25,Julia Santos Ramos,female,2008-04-19,001.987.833-49,(51) 92663-6781,julia.santos73@demo.aluno.com,Cristina Santos Ramos,André Santos Ramos,,,Basquete,3,17,f,,,t,2026-06-19 09:12:14.107688+00,2026-06-21 16:47:59.841799+00,t,63.503.019-3,Cristina Santos Ramos,Mãe,(23) 90309-5397,resp.0173@demo.aluno.com,02941-093,Av. Atlântica,1980,,Perdizes,Uberlândia,MG,f,,,,0,
e0475c06-de3a-4a28-97f9-b8e4bc818e4c,07cc7290-5d3f-421b-a514-b21d6a683494,db9e5ccc-f3d9-41b6-9adf-2ebaa1d9c283,,Letícia Carvalho Freitas,female,2014-06-12,238.906.254-62,(58) 92794-6878,leticia.carvalho74@demo.aluno.com,Juliana Carvalho Freitas,José Carvalho Freitas,,,Handebol,4,24,f,,,t,2026-06-19 09:12:14.107688+00,2026-06-21 16:47:59.841799+00,t,94.714.522-4,Juliana Carvalho Freitas,Mãe,(34) 90542-5486,resp.0174@demo.aluno.com,02958-134,Av. Pres. Vargas,3,,Vila Nova,Guarulhos,SP,f,,,,0,
e091bac6-49cd-4e04-a5ec-aefff4c89a53,07cc7290-5d3f-421b-a514-b21d6a683494,198f8843-c411-4d10-bc14-21142a59c69d,15977e9d-3f54-4aa6-994b-df3bf60f8939,Rafaela Ribeiro Ribeiro,female,2013-10-04,475.825.675-75,(65) 92925-6975,rafaela.ribeiro75@demo.aluno.com,Maria Ribeiro Ribeiro,Marcos Ribeiro Ribeiro,,,Atletismo,5,31,f,,,t,2026-06-19 09:12:14.107688+00,2026-06-21 16:47:59.841799+00,t,25.925.025-5,Maria Ribeiro Ribeiro,Pai,(45) 90775-5575,resp.0175@demo.aluno.com,02975-175,Rua Tiradentes,26,,Bela Vista,Contagem,MG,f,,,,0,
e0cde261-5316-4914-9d71-21fed431f571,07cc7290-5d3f-421b-a514-b21d6a683494,db9e5ccc-f3d9-41b6-9adf-2ebaa1d9c283,,Gustavo Pinto Araújo,male,2015-03-12,712.744.096-88,(72) 93056-7072,gustavo.pinto76@demo.aluno.com,Sandra Pinto Araújo,André Pinto Araújo,,,Natação,2,38,f,,,t,2026-06-19 09:12:14.107688+00,2026-06-21 16:47:59.841799+00,t,56.136.528-6,Sandra Pinto Araújo,Mãe,(56) 91008-5664,resp.0176@demo.aluno.com,02992-216,Rua do Comércio,49,Apto 177,Jardim América,Santo André,SP,f,,,,0,
e13e8bd1-4ed6-4634-8e12-bd8c69ff855f,07cc7290-5d3f-421b-a514-b21d6a683494,db9e5ccc-f3d9-41b6-9adf-2ebaa1d9c283,,Igor Mendes Mendes,male,2015-09-21,949.663.517-01,(79) 93187-7169,igor.mendes77@demo.aluno.com,Mônica Mendes Mendes,José Mendes Mendes,,,,,,f,,,t,2026-06-19 09:12:14.107688+00,2026-06-21 16:47:59.841799+00,t,87.347.031-7,Mônica Mendes Mendes,Mãe,(67) 91241-5753,resp.0177@demo.aluno.com,03009-257,Rua General Câmara,72,,Higienópolis,Belo Horizonte,MG,f,,,,0,
e1bfdb65-094a-44bb-aef1-8c204866c166,07cc7290-5d3f-421b-a514-b21d6a683494,014c1331-0acd-4e6a-b880-df8da0af4fea,e915b8b1-7eee-4bb0-a9f4-ea84692f2840,Sabrina Almeida Castro,female,2011-04-07,186.582.938-14,(86) 93318-7266,sabrina.almeida78@demo.aluno.com,Cristina Almeida Castro,Marcos Almeida Castro,,,Judô,4,52,f,,,t,2026-06-19 09:12:14.107688+00,2026-06-21 16:47:59.841799+00,t,18.558.534-8,Cristina Almeida Castro,Mãe,(78) 91474-5842,resp.0178@demo.aluno.com,03026-298,Av. Getúlio Vargas,95,,Moema,Campinas,SP,f,,,,0,
e26de383-c1c4-40b8-8dad-5e2e358a6c4b,07cc7290-5d3f-421b-a514-b21d6a683494,df7d4151-8c32-4eea-bca8-7df20787ab0a,3a152c3d-909d-4c67-89ff-1a674a3196dc,Caio Ferreira Teixeira,male,2009-07-19,423.501.359-27,(93) 93449-7363,caio.ferreira79@demo.aluno.com,Juliana Ferreira Teixeira,André Ferreira Teixeira,,,Ginástica,5,59,f,,,t,2026-06-19 09:12:14.107688+00,2026-06-21 16:47:59.841799+00,t,49.769.037-9,Juliana Ferreira Teixeira,Mãe,(89) 91707-5931,resp.0179@demo.aluno.com,03043-339,Av. Beira-Mar,118,,Santa Cecília,São Bernardo,SP,f,,,,0,
e39e20d1-7138-43a2-9644-35a2f8c77973,07cc7290-5d3f-421b-a514-b21d6a683494,a41bdeea-4193-4142-a090-727b70dd9f16,,Miguel Rodrigues Oliveira,male,2013-09-24,660.420.780-40,(10) 93580-7460,miguel.rodrigues80@demo.aluno.com,Maria Rodrigues Oliveira,José Rodrigues Oliveira,,,Futsal,2,6,f,,Histórico de rinite alérgica — sem restrição para atividade física.,t,2026-06-19 09:12:14.107688+00,2026-06-21 16:47:59.841799+00,t,80.980.540-0,Maria Rodrigues Oliveira,Pai,(10) 91940-6020,resp.0180@demo.aluno.com,03060-380,Rua das Acácias,141,Apto 181,Centro,São Paulo,SP,f,,,,0,
e56b7332-33cd-4440-a3b9-0918bcb77712,07cc7290-5d3f-421b-a514-b21d6a683494,2d5c2126-b3e1-499c-a42f-28fc5b482cb6,,Murilo Pereira Barbosa,male,2015-05-11,897.339.201-53,(17) 93711-7557,murilo.pereira81@demo.aluno.com,Sandra Pereira Barbosa,Marcos Pereira Barbosa,,,,,,f,,,t,2026-06-19 09:12:14.107688+00,2026-06-21 16:47:59.841799+00,t,11.191.043-1,Sandra Pereira Barbosa,Mãe,(21) 92173-6109,resp.0181@demo.aluno.com,03077-421,Rua XV de Novembro,164,,Mooca,Osasco,SP,f,,,,0,
e67199e8-2f17-4dba-8681-ffdb8b47b1b0,07cc7290-5d3f-421b-a514-b21d6a683494,014c1331-0acd-4e6a-b880-df8da0af4fea,675b336a-7f53-4547-afca-ffa67a950b38,Samuel Rocha Gomes,male,2012-07-07,134.258.622-66,(24) 93842-7654,samuel.rocha82@demo.aluno.com,Mônica Rocha Gomes,André Rocha Gomes,,,Basquete,4,20,f,,,t,2026-06-19 09:12:14.107688+00,2026-06-21 16:47:59.841799+00,t,42.402.546-2,Mônica Rocha Gomes,Mãe,(32) 92406-6198,resp.0182@demo.aluno.com,03094-462,Rua das Palmeiras,187,,Pinheiros,Uberlândia,MG,f,,,,0,
e80d66b9-d557-4403-abeb-efc07409159d,07cc7290-5d3f-421b-a514-b21d6a683494,df7d4151-8c32-4eea-bca8-7df20787ab0a,15977e9d-3f54-4aa6-994b-df3bf60f8939,Rafaela Ribeiro Ribeiro,female,2008-10-19,371.177.043-79,(31) 93973-7751,rafaela.ribeiro83@demo.aluno.com,Cristina Ribeiro Ribeiro,José Ribeiro Ribeiro,,,Handebol,5,27,f,,,t,2026-06-19 09:12:14.107688+00,2026-06-21 16:47:59.841799+00,t,73.613.049-3,Cristina Ribeiro Ribeiro,Mãe,(43) 92639-6287,resp.0183@demo.aluno.com,03111-503,Av. Paulista,210,,Boa Vista,Guarulhos,SP,f,,,,0,
e95b7ffe-a9ad-45fa-ae00-c5296139dc33,07cc7290-5d3f-421b-a514-b21d6a683494,2d5c2126-b3e1-499c-a42f-28fc5b482cb6,,Olivia Souza Dias,female,2014-08-02,608.096.464-92,(38) 94104-7848,olivia.souza84@demo.aluno.com,Juliana Souza Dias,Marcos Souza Dias,,,Atletismo,2,34,f,,,t,2026-06-19 09:12:14.107688+00,2026-06-21 16:47:59.841799+00,t,04.824.552-4,Juliana Souza Dias,Mãe,(54) 92872-6376,resp.0184@demo.aluno.com,03128-544,Av. Independência,233,Apto 185,Sumaré,Contagem,MG,f,,,,0,
ee5daec0-fd34-48a8-b6c2-4ea4a1570f59,07cc7290-5d3f-421b-a514-b21d6a683494,3d9c94c7-2fe4-44e3-88b4-dcfa0a656e75,,Rafael Reis Cavalcanti,male,2014-11-14,845.015.885-05,(45) 94235-7945,rafael.reis85@demo.aluno.com,Maria Reis Cavalcanti,André Reis Cavalcanti,,,,,,f,,Apto sem restrições. Avaliação cardiológica em dia.,t,2026-06-19 09:12:14.107688+00,2026-06-21 16:47:59.841799+00,t,35.035.055-5,Maria Reis Cavalcanti,Pai,(65) 93105-6465,resp.0185@demo.aluno.com,03145-585,Rua São João,256,,Tatuapé,Santo André,SP,f,,,,0,
ee9c16fc-d8dc-4291-909a-9ffaac5b3717,07cc7290-5d3f-421b-a514-b21d6a683494,3d9c94c7-2fe4-44e3-88b4-dcfa0a656e75,,Rafael Reis Cavalcanti,male,2014-05-05,082.934.306-18,(52) 94366-8042,rafael.reis86@demo.aluno.com,Sandra Reis Cavalcanti,José Reis Cavalcanti,,,Futebol,4,48,f,,,t,2026-06-19 09:12:14.107688+00,2026-06-21 16:47:59.841799+00,t,66.246.558-6,Sandra Reis Cavalcanti,Mãe,(76) 93338-6554,resp.0186@demo.aluno.com,03162-626,Rua Sete de Setembro,279,,Liberdade,Belo Horizonte,MG,f,,,,0,
b4c2b025-7daf-4b4a-b79d-871fd6d226d2,82728988-d739-4851-8718-cb574126d861,2fa6150f-347f-4b8a-8176-7e2e33efdf49,,Julia Gomes Ferreira,female,2012-12-12,,,,,,,,,,,f,,,t,2026-06-22 12:40:15.866615+00,2026-06-22 12:40:15.866615+00,f,,Leandro,,,,,,,,,,,f,,,,0,
ef901dd1-4420-4190-b193-3843523978aa,07cc7290-5d3f-421b-a514-b21d6a683494,1ebcd8e5-851e-48fb-b8b3-88ca95a326b7,,Fernanda Lima Lima,female,2009-12-09,319.853.727-31,(59) 94497-8139,fernanda.lima87@demo.aluno.com,Mônica Lima Lima,Marcos Lima Lima,,,,,,f,,,t,2026-06-19 09:12:14.107688+00,2026-06-21 16:47:59.841799+00,t,97.457.061-7,Mônica Lima Lima,Mãe,(87) 93571-6643,resp.0187@demo.aluno.com,03179-667,Rua dos Andradas,302,,Vila Mariana,Campinas,SP,f,,,,0,
f06886f0-75a5-4ba6-be4c-452f9d833dd3,07cc7290-5d3f-421b-a514-b21d6a683494,2d5c2126-b3e1-499c-a42f-28fc5b482cb6,,Beatriz Costa Martins,female,2014-08-11,556.772.148-44,(66) 94628-8236,beatriz.costa88@demo.aluno.com,Cristina Costa Martins,André Costa Martins,,,Ginástica,2,62,f,,,t,2026-06-19 09:12:14.107688+00,2026-06-21 16:47:59.841799+00,t,28.668.564-8,Cristina Costa Martins,Mãe,(98) 93804-6732,resp.0188@demo.aluno.com,03196-708,Av. Santos Dumont,325,Apto 189,Perdizes,São Bernardo,SP,f,,,,0,
f07c525e-de5b-442e-94d6-f1452c23766d,07cc7290-5d3f-421b-a514-b21d6a683494,014c1331-0acd-4e6a-b880-df8da0af4fea,fc328287-0a14-4985-b9e4-6cc56fbe6dd6,Felipe Gomes Rocha,male,2012-07-07,793.691.569-57,(73) 94759-8333,felipe.gomes89@demo.aluno.com,Juliana Gomes Rocha,José Gomes Rocha,,,Futsal,3,9,f,,,t,2026-06-19 09:12:14.107688+00,2026-06-21 16:47:59.841799+00,t,59.879.067-9,Juliana Gomes Rocha,Mãe,(19) 94037-6821,resp.0189@demo.aluno.com,03213-749,Av. Brasil,348,,Vila Nova,São Paulo,SP,f,,,,0,
f2b0c732-bf82-4ad3-864d-a072b047a478,07cc7290-5d3f-421b-a514-b21d6a683494,1ebcd8e5-851e-48fb-b8b3-88ca95a326b7,,Fernanda Lima Lima,female,2009-06-18,030.610.990-70,(80) 94890-8430,fernanda.lima90@demo.aluno.com,Maria Lima Lima,Marcos Lima Lima,,,Vôlei,4,16,f,,,t,2026-06-19 09:12:14.107688+00,2026-06-21 16:47:59.841799+00,t,90.090.570-0,Maria Lima Lima,Pai,(30) 94270-6910,resp.0190@demo.aluno.com,03230-790,Rua Marechal Deodoro,371,,Bela Vista,Osasco,SP,f,,,,0,
f2eccd7a-8e51-4a43-bad1-f65049bcb308,07cc7290-5d3f-421b-a514-b21d6a683494,a41bdeea-4193-4142-a090-727b70dd9f16,,Mariana Cardoso Moreira,female,2012-12-24,267.529.411-83,(87) 95021-8527,mariana.cardoso91@demo.aluno.com,Sandra Cardoso Moreira,André Cardoso Moreira,,,,,,f,,,t,2026-06-19 09:12:14.107688+00,2026-06-21 16:47:59.841799+00,t,21.301.073-1,Sandra Cardoso Moreira,Mãe,(41) 94503-6999,resp.0191@demo.aluno.com,03247-831,Rua Barão do Rio Branco,394,,Jardim América,Uberlândia,MG,f,,,,0,
f3744114-be78-4f12-a10b-909ccbc7af0f,07cc7290-5d3f-421b-a514-b21d6a683494,3d9c94c7-2fe4-44e3-88b4-dcfa0a656e75,,Theo Cavalcanti Reis,male,2014-05-23,504.448.832-96,(94) 95152-8624,theo.cavalcanti92@demo.aluno.com,Mônica Cavalcanti Reis,José Cavalcanti Reis,,,Handebol,2,30,f,,,t,2026-06-19 09:12:14.107688+00,2026-06-21 16:47:59.841799+00,t,52.512.576-2,Mônica Cavalcanti Reis,Mãe,(52) 94736-7088,resp.0192@demo.aluno.com,03264-872,Rua das Flores,417,Apto 193,Higienópolis,Guarulhos,SP,f,,,,0,
f44d1b7e-eaa3-41be-91c5-88861388f119,07cc7290-5d3f-421b-a514-b21d6a683494,d5f63646-432f-4cdf-866f-b68b0273e056,15977e9d-3f54-4aa6-994b-df3bf60f8939,Beatriz Costa Martins,female,2010-02-08,741.367.253-09,(11) 95283-8721,beatriz.costa93@demo.aluno.com,Cristina Costa Martins,Marcos Costa Martins,,,Atletismo,3,37,f,,,t,2026-06-19 09:12:14.107688+00,2026-06-21 16:47:59.841799+00,t,83.723.079-3,Cristina Costa Martins,Mãe,(63) 94969-7177,resp.0193@demo.aluno.com,03281-913,Av. Atlântica,440,,Moema,Contagem,MG,f,,,,0,
f55a6c29-e801-4224-ba39-2611b171420f,07cc7290-5d3f-421b-a514-b21d6a683494,3d9c94c7-2fe4-44e3-88b4-dcfa0a656e75,,Olivia Souza Dias,female,2013-08-23,978.286.674-22,(18) 95414-8818,olivia.souza94@demo.aluno.com,Juliana Souza Dias,André Souza Dias,,,Natação,4,44,f,,,t,2026-06-19 09:12:14.107688+00,2026-06-21 16:47:59.841799+00,t,14.934.582-4,Juliana Souza Dias,Mãe,(74) 95202-7266,resp.0194@demo.aluno.com,03298-954,Av. Pres. Vargas,463,,Santa Cecília,Santo André,SP,f,,,,0,
f730b9e2-2e3e-4053-9c87-300dad90f6b3,07cc7290-5d3f-421b-a514-b21d6a683494,df7d4151-8c32-4eea-bca8-7df20787ab0a,fc328287-0a14-4985-b9e4-6cc56fbe6dd6,Felipe Gomes Rocha,male,2009-01-10,215.205.095-35,(25) 95545-8915,felipe.gomes95@demo.aluno.com,Maria Gomes Rocha,José Gomes Rocha,,,Futebol,5,51,f,,,t,2026-06-19 09:12:14.107688+00,2026-06-21 16:47:59.841799+00,t,45.145.085-5,Maria Gomes Rocha,Pai,(85) 95435-7355,resp.0195@demo.aluno.com,03315-995,Rua Tiradentes,486,,Centro,Belo Horizonte,MG,f,,,,0,
fa7a55ed-9bf7-4e78-9850-c9dab4473857,07cc7290-5d3f-421b-a514-b21d6a683494,014c1331-0acd-4e6a-b880-df8da0af4fea,15977e9d-3f54-4aa6-994b-df3bf60f8939,Rafaela Ribeiro Ribeiro,female,2011-04-16,689.043.937-61,(39) 95807-9109,rafaela.ribeiro97@demo.aluno.com,Mônica Ribeiro Ribeiro,André Ribeiro Ribeiro,,,Ginástica,3,65,f,,,t,2026-06-19 09:12:14.107688+00,2026-06-21 16:47:59.841799+00,t,07.567.091-7,Mônica Ribeiro Ribeiro,Mãe,(17) 95901-7533,resp.0197@demo.aluno.com,03349-077,Rua General Câmara,532,,Pinheiros,São Bernardo,SP,f,,,,0,
fdaa6172-5262-4169-a201-0d704ce8daf0,07cc7290-5d3f-421b-a514-b21d6a683494,2d5c2126-b3e1-499c-a42f-28fc5b482cb6,,Beatriz Costa Martins,female,2014-02-20,926.962.358-74,(46) 95938-9206,beatriz.costa98@demo.aluno.com,Cristina Costa Martins,José Costa Martins,,,Futsal,4,12,f,,,t,2026-06-19 09:12:14.107688+00,2026-06-21 16:47:59.841799+00,t,38.778.594-8,Cristina Costa Martins,Mãe,(28) 96134-7622,resp.0198@demo.aluno.com,03366-118,Av. Getúlio Vargas,555,,Boa Vista,São Paulo,SP,f,,,,0,
feea1030-ddc2-49bb-b3e3-75322e70d59f,07cc7290-5d3f-421b-a514-b21d6a683494,1ebcd8e5-851e-48fb-b8b3-88ca95a326b7,,Gabriel Araújo Pinto,male,2010-09-18,163.881.779-87,(53) 96069-9303,gabriel.araujo99@demo.aluno.com,Juliana Araújo Pinto,Marcos Araújo Pinto,,,,,,f,,,t,2026-06-19 09:12:14.107688+00,2026-06-21 16:47:59.841799+00,t,69.989.097-9,Juliana Araújo Pinto,Mãe,(39) 96367-7711,resp.0199@demo.aluno.com,03383-159,Av. Beira-Mar,578,,Sumaré,Osasco,SP,f,,,,0,
ffcde222-52c0-4295-a5f7-683edc6b7946,07cc7290-5d3f-421b-a514-b21d6a683494,df7d4151-8c32-4eea-bca8-7df20787ab0a,3a152c3d-909d-4c67-89ff-1a674a3196dc,Caio Ferreira Teixeira,male,2009-01-01,400.800.200-00,(60) 96200-9400,caio.ferreira0@demo.aluno.com,Maria Ferreira Teixeira,André Ferreira Teixeira,,,Basquete,2,26,t,Asma leve controlada,,t,2026-06-19 09:12:14.107688+00,2026-06-21 16:47:59.841799+00,t,00.200.600-0,Maria Ferreira Teixeira,Pai,(50) 96600-7800,resp.0200@demo.aluno.com,03400-200,Rua das Acácias,601,Apto 1,Tatuapé,Uberlândia,MG,f,,,,0,
0d6041a1-1c5f-4fc6-88fd-6ac45af5a53d,82728988-d739-4851-8718-cb574126d861,2fa6150f-347f-4b8a-8176-7e2e33efdf49,,Laís Barbosa de Freitas,female,2013-06-24,,,,,,,,,,,f,,,t,2026-06-22 12:40:16.01413+00,2026-06-22 12:40:16.01413+00,f,,Dirceu,,,,,,,,,,,f,,,,0,
fa628dbe-0523-442b-b504-42f20b3e1089,07cc7290-5d3f-421b-a514-b21d6a683494,d5f63646-432f-4cdf-866f-b68b0273e056,,André Barbosa Pereira,male,2011-11-17,452.124.516-48,(32) 95676-9012,andre.barbosa96@demo.aluno.com,Sandra Barbosa Pereira,Marcos Barbosa Pereira,,,Judô,2,58,f,,,f,2026-06-19 09:12:14.107688+00,2026-06-23 14:02:41.847461+00,t,76.356.588-6,Sandra Barbosa Pereira,Mãe,(96) 95668-7444,resp.0196@demo.aluno.com,03332-036,Rua do Comércio,509,Apto 197,Mooca,Campinas,SP,f,,,,0,
8beddd03-f1c5-4b7a-9cff-7d096461ce57,07cc7290-5d3f-421b-a514-b21d6a683494,d5f63646-432f-4cdf-866f-b68b0273e056,15977e9d-3f54-4aa6-994b-df3bf60f8939,André Barbosa Pereira,male,2011-05-08,463.981.679-87,(73) 92969-9603,andre.barbosa99@demo.aluno.com,Juliana Barbosa Pereira,José Barbosa Pereira,,,Futsal,5,39,f,,,f,2026-06-19 09:12:14.107688+00,2026-06-23 14:02:57.05194+00,t,69.889.797-9,Juliana Barbosa Pereira,Mãe,(19) 93067-8811,resp.0099@demo.aluno.com,01683-059,Av. Beira-Mar,278,,Vila Nova,São Paulo,SP,f,,,,0,
1e44dae5-b2b9-4346-b609-4532b9f361f0,82728988-d739-4851-8718-cb574126d861,aed45503-8f7b-4268-bcf8-117194b396a6,,Anna Júlia Gomes Garcia da Cruz,female,2015-04-14,,,,,,,,,,,f,,,t,2026-07-02 12:49:53.797351+00,2026-07-02 12:49:53.797351+00,f,,Júlio Cezar,,,,,,,,,,,f,,,,0,
081dbb1c-b68b-49f4-b36a-97c060510450,82728988-d739-4851-8718-cb574126d861,aed45503-8f7b-4268-bcf8-117194b396a6,,Fernanda Minucci Cabral Carneiro,female,2014-09-17,,,,,,,,,,,f,,,t,2026-07-02 12:49:54.905534+00,2026-07-02 12:49:54.905534+00,f,,Guilherme,,,,,,,,,,,f,,,,0,
375d8e3a-5c8f-40a7-9272-287f11e37060,82728988-d739-4851-8718-cb574126d861,aed45503-8f7b-4268-bcf8-117194b396a6,,Helena de Souza Reis Leal,female,2014-11-06,,,,,,,,,,,f,,,t,2026-07-02 12:49:55.355713+00,2026-07-02 12:49:55.355713+00,f,,Fabricio,,,,,,,,,,,f,,,,0,
31af2886-72af-4f79-b4ef-f2f322ae525b,82728988-d739-4851-8718-cb574126d861,aed45503-8f7b-4268-bcf8-117194b396a6,,Lorenzo Lanes Campos Nejaime Correia,male,2014-11-07,,,,,,,,,,,f,,,t,2026-07-02 12:49:56.408206+00,2026-07-02 12:49:56.408206+00,f,,Fabio,,,,,,,,,,,f,,,,0,
d671106a-a1e8-49d3-9f29-125436b4e3a0,82728988-d739-4851-8718-cb574126d861,aed45503-8f7b-4268-bcf8-117194b396a6,,Maria Júlia Franklim Maia Peixoto,female,2015-05-12,,,,,,,,,,,f,,,t,2026-07-02 12:49:56.854545+00,2026-07-02 12:49:56.854545+00,f,,Kleberson,,,,,,,,,,,f,,,,0,
640343bd-e637-4a05-8035-4ffc32905ab8,82728988-d739-4851-8718-cb574126d861,f5f61e67-0704-4085-9edd-d3d3fe4063c3,,Alléxia Maria Cabral Gama,female,2012-11-22,,,,,,,,,,,f,,,t,2026-07-02 12:49:57.915738+00,2026-07-02 12:49:57.915738+00,f,,Arlindo,,,,,,,,,,,f,,,,0,
e908f6a1-2028-4a21-b6c6-2b38efb47863,82728988-d739-4851-8718-cb574126d861,f5f61e67-0704-4085-9edd-d3d3fe4063c3,,Danilo Fortunato Pinto,male,2013-06-26,,,,,,,,,,,f,,,t,2026-07-02 12:49:58.365006+00,2026-07-02 12:49:58.365006+00,f,,Welligton,,,,,,,,,,,f,,,,0,
a1b59bb1-9fd3-44ca-acd1-664d7946ec92,82728988-d739-4851-8718-cb574126d861,f5f61e67-0704-4085-9edd-d3d3fe4063c3,,Heloísa Souza Ribeiro,female,2013-07-11,,,,,,,,,,,f,,,t,2026-07-02 12:49:59.418189+00,2026-07-02 12:49:59.418189+00,f,,Adriano,,,,,,,,,,,f,,,,0,
67880815-b719-4d9d-8539-93dbc2af140a,82728988-d739-4851-8718-cb574126d861,f5f61e67-0704-4085-9edd-d3d3fe4063c3,,Leonardo Fernandes Peron Mendes,male,2012-07-28,,,,,,,,,,,f,,,t,2026-07-02 12:49:59.869525+00,2026-07-02 12:49:59.869525+00,f,,Bernardo,,,,,,,,,,,f,,,,0,
1c352f92-7433-4f9a-9698-cd9d76993ad4,82728988-d739-4851-8718-cb574126d861,09c03682-dbe6-4f7a-9891-64affd9a49f4,,Apollo Pirovani Vezula Lyra,male,2014-05-22,,,,,,,,,,,f,,,t,2026-07-02 12:50:00.944568+00,2026-07-02 12:50:00.944568+00,f,,Sergio,,,,,,,,,,,f,,,,0,
ba2f1c88-dca6-4643-915b-0b233a8f28c9,82728988-d739-4851-8718-cb574126d861,09c03682-dbe6-4f7a-9891-64affd9a49f4,,Beatriz Concolato Arantes Rocha,female,2014-04-25,,,,,,,,,,,f,,,t,2026-07-02 12:50:01.398197+00,2026-07-02 12:50:01.398197+00,f,,Juliano,,,,,,,,,,,f,,,,0,
